-- --------------------------------------------------------
-- Host:                         localhost
-- Versi server:                 10.1.16-MariaDB - mariadb.org binary distribution
-- OS Server:                    Win32
-- HeidiSQL Versi:               9.4.0.5125
-- --------------------------------------------------------

/*!40101 SET @OLD_CHARACTER_SET_CLIENT=@@CHARACTER_SET_CLIENT */;
/*!40101 SET NAMES utf8 */;
/*!50503 SET NAMES utf8mb4 */;
/*!40014 SET @OLD_FOREIGN_KEY_CHECKS=@@FOREIGN_KEY_CHECKS, FOREIGN_KEY_CHECKS=0 */;
/*!40101 SET @OLD_SQL_MODE=@@SQL_MODE, SQL_MODE='NO_AUTO_VALUE_ON_ZERO' */;


-- Membuang struktur basisdata untuk tgh
CREATE DATABASE IF NOT EXISTS `tgh` /*!40100 DEFAULT CHARACTER SET latin1 */;
USE `tgh`;

-- membuang struktur untuk table tgh.booking
CREATE TABLE IF NOT EXISTS `booking` (
  `id` int(11) NOT NULL AUTO_INCREMENT,
  `bookingCode` varchar(20) DEFAULT NULL,
  `agentID` int(11) DEFAULT NULL,
  `productID` int(11) DEFAULT NULL,
  `depdateID` int(11) DEFAULT NULL,
  `roomID` int(11) DEFAULT NULL,
  `bookingStatus` varchar(100) DEFAULT NULL,
  `timelimit` date NOT NULL,
  `createdDate` date DEFAULT NULL,
  `createdBy` int(11) DEFAULT NULL,
  PRIMARY KEY (`id`)
) ENGINE=InnoDB AUTO_INCREMENT=96 DEFAULT CHARSET=latin1;

-- Membuang data untuk tabel tgh.booking: ~95 rows (lebih kurang)
/*!40000 ALTER TABLE `booking` DISABLE KEYS */;
INSERT INTO `booking` (`id`, `bookingCode`, `agentID`, `productID`, `depdateID`, `roomID`, `bookingStatus`, `timelimit`, `createdDate`, `createdBy`) VALUES
	(1, '3081AC', 483, 38, 31, 7, '6', '2016-11-26', '2016-11-24', 956),
	(2, '94055B', 488, 45, 40, 2, '4', '2016-12-06', '2016-12-03', 957),
	(3, 'AE9DC4', 488, 45, 40, 3, '6', '2016-12-05', '2016-12-03', 957),
	(4, 'F414A6', 488, 45, 40, 2, '6', '2016-12-06', '2016-12-03', 957),
	(5, '84E983', 488, 45, 40, 2, '6', '2016-12-06', '2016-12-03', 957),
	(6, 'CA1AAC', 488, 45, 40, 4, '6', '2016-12-06', '2016-12-03', 957),
	(7, '338104', 488, 45, 40, 3, '5', '2016-12-08', '2016-12-06', 957),
	(8, '240E45', 483, 45, 40, 2, '5', '2016-12-10', '2016-12-08', 956),
	(9, 'C5C2B1', 483, 45, 40, 2, '6', '2016-12-10', '2016-12-08', 956),
	(10, 'BD8AE0', 483, 45, 40, 2, '6', '2016-12-16', '2016-12-14', 959),
	(11, 'C368D6', 483, 45, 40, 2, '6', '2016-12-16', '2016-12-14', 959),
	(12, '1A9C06', 483, 45, 40, 2, '5', '2016-12-16', '2016-12-14', 959),
	(13, '5CE39B', 641, 45, 40, 2, '5', '2016-12-17', '2016-12-15', 962),
	(14, 'BE0C52', 483, 45, 40, 2, '6', '2016-12-17', '2016-12-15', 475),
	(15, 'C6FF9C', 483, 45, 40, 2, '5', '2016-12-17', '2016-12-15', 956),
	(16, 'E61C69', 499, 48, 101, 2, '6', '2017-01-18', '2017-01-16', 965),
	(17, '63F6C4', 483, 75, 138, 3, '2', '2017-02-05', '2017-02-03', 956),
	(18, '25CF8B', 483, 75, 138, 3, '2', '2017-02-05', '2017-02-03', 956),
	(19, 'CD0E4F', 483, 75, 138, 3, '2', '2017-02-05', '2017-02-03', 956),
	(20, '760427', 483, 75, 138, 3, '2', '2017-02-05', '2017-02-03', 956),
	(21, '512CC8', 946, 75, 138, 2, '6', '2017-03-11', '2017-03-09', 938),
	(22, 'E20929', 946, 75, 138, 2, '6', '2017-03-11', '2017-03-09', 938),
	(23, '8FBE7A', 483, 75, 138, 7, '6', '2017-03-15', '2017-03-13', 956),
	(24, 'BE4522', 483, 75, 138, 2, '2', '2017-03-16', '2017-03-14', 956),
	(25, 'AF0C02', 483, 75, 138, 5, '6', '2017-03-19', '2017-03-17', 956),
	(26, '200E4E', 483, 75, 138, 2, '6', '2017-03-19', '2017-03-17', 956),
	(27, 'B4866A', 483, 79, 156, 7, '6', '2017-03-26', '2017-03-24', 956),
	(28, 'D655FA', 483, 79, 156, 2, '2', '2017-03-29', '2017-03-24', 956),
	(29, '712530', 702, 79, 156, 2, '2', '2017-03-26', '2017-03-24', 694),
	(30, 'F12324', 702, 79, 156, 2, '6', '2017-03-26', '2017-03-24', 694),
	(31, '56FB8C', 702, 79, 154, 2, '6', '2017-03-26', '2017-03-24', 694),
	(32, '354C73', 702, 79, 154, 2, '6', '2017-03-26', '2017-03-24', 694),
	(33, 'B72537', 702, 79, 156, 2, '6', '2017-03-26', '2017-03-24', 694),
	(34, 'DDA5FD', 702, 79, 156, 2, '2', '2017-03-26', '2017-03-24', 694),
	(35, '81BC51', 702, 79, 156, 2, '2', '2017-03-26', '2017-03-24', 694),
	(36, '11A1E0', 702, 79, 156, 2, '6', '2017-03-26', '2017-03-24', 694),
	(37, '0C5F38', 702, 79, 156, 3, '6', '2017-03-26', '2017-03-24', 694),
	(38, 'CD6387', 483, 80, 158, 2, '6', '2017-03-29', '2017-03-25', 959),
	(39, 'C56CB4', 483, 79, 156, 7, '6', '2017-03-27', '2017-03-25', 959),
	(40, 'AABDCE', 483, 79, 156, 4, '2', '2017-03-29', '2017-03-25', 959),
	(41, '26B031', 483, 79, 154, 2, '2', '2017-03-30', '2017-03-25', 956),
	(42, '64DD2B', 483, 80, 157, 2, '2', '2017-03-27', '2017-03-25', 956),
	(43, '817942', 483, 80, 157, 2, '2', '2017-03-27', '2017-03-25', 956),
	(44, '0D57D2', 702, 80, 157, 2, '6', '2017-03-27', '2017-03-25', 694),
	(45, '08E1CA', 702, 80, 157, 2, '2', '2017-03-27', '2017-03-25', 694),
	(46, 'AF411F', 702, 80, 157, 2, '2', '2017-03-27', '2017-03-25', 694),
	(47, '3604DC', 702, 80, 157, 2, '2', '2017-03-27', '2017-03-25', 694),
	(48, '873FA3', 500, 79, 159, 2, '2', '2017-03-27', '2017-03-25', 971),
	(49, '791474', 500, 79, 159, 2, '2', '2017-03-27', '2017-03-25', 971),
	(50, '3579C7', 500, 79, 159, 2, '2', '2017-03-27', '2017-03-25', 971),
	(51, 'D12FB4', 500, 79, 159, 2, '2', '2017-03-27', '2017-03-25', 971),
	(52, '6A8900', 483, 78, 153, 3, '2', '2017-03-27', '2017-03-25', 956),
	(53, 'E5DCD5', 483, 78, 153, 2, '6', '2017-03-27', '2017-03-25', 956),
	(54, '989701', 488, 80, 158, 3, '6', '2017-03-27', '2017-03-25', 957),
	(55, '42A174', 488, 79, 155, 3, '6', '2017-03-27', '2017-03-25', 957),
	(56, 'DDD2CB', 483, 78, 153, 2, '2', '2017-03-28', '2017-03-26', 956),
	(57, '41F447', 483, 79, 159, 2, '2', '2017-03-28', '2017-03-26', 959),
	(58, '339BB5', 483, 79, 159, 2, '2', '2017-03-28', '2017-03-26', 959),
	(59, '2DE1CA', 517, 78, 153, 2, '2', '2017-03-28', '2017-03-26', 975),
	(60, 'C76A53', 517, 78, 153, 2, '2', '2017-03-28', '2017-03-26', 975),
	(61, 'C46FA3', 499, 80, 158, 3, '2', '2017-03-28', '2017-03-26', 965),
	(62, '68AB05', 483, 79, 156, 2, '2', '2017-03-28', '2017-03-26', 956),
	(63, 'BB3B23', 483, 79, 156, 2, '2', '2017-03-28', '2017-03-26', 956),
	(64, '195AE3', 483, 79, 156, 2, '2', '2017-03-28', '2017-03-26', 956),
	(65, 'C669C1', 483, 79, 156, 3, '2', '2017-03-28', '2017-03-26', 956),
	(66, 'AC9830', 733, 80, 158, 2, '2', '2017-03-28', '2017-03-26', 976),
	(67, 'AD5DB1', 483, 78, 152, 1, '2', '2017-03-28', '2017-03-26', 956),
	(68, '5E6DE5', 483, 80, 157, 2, '2', '2017-03-28', '2017-03-26', 956),
	(69, '2A53F7', 483, 78, 153, 1, '2', '2017-03-29', '2017-03-27', 959),
	(70, '1C2F98', 483, 79, 155, 3, '2', '2017-03-29', '2017-03-27', 959),
	(71, '55BE96', 483, 80, 157, 1, '2', '2017-03-29', '2017-03-27', 956),
	(72, '87DF66', 483, 78, 153, 3, '6', '2017-03-29', '2017-03-27', 956),
	(73, 'E854D7', 483, 78, 153, 3, '6', '2017-03-29', '2017-03-27', 956),
	(74, '542E94', 483, 79, 159, 3, '1', '2017-03-31', '2017-03-29', 956),
	(75, '8FCDA1', 483, 79, 159, 2, '1', '2017-03-31', '2017-03-29', 956),
	(76, '7F9110', 483, 79, 154, 2, '2', '2017-03-31', '2017-03-29', 956),
	(77, '1B7707', 500, 78, 153, 1, '1', '2017-04-01', '2017-03-30', 971),
	(78, 'D89135', 733, 80, 157, 2, '1', '2017-04-01', '2017-03-30', 977),
	(79, '1BE757', 733, 80, 157, 2, '1', '2017-04-01', '2017-03-30', 977),
	(80, 'ADE75D', 733, 80, 157, 2, '1', '2017-04-01', '2017-03-30', 977),
	(81, '598D23', 483, 80, 157, 7, '1', '2017-04-01', '2017-03-30', 959),
	(82, 'F6692E', 483, 80, 157, 7, '6', '2017-04-01', '2017-03-30', 959),
	(83, '382A54', 483, 80, 158, 7, '6', '2017-04-01', '2017-03-30', 959),
	(84, 'EAF6F3', 483, 80, 157, 5, '6', '2017-04-01', '2017-03-30', 959),
	(85, '622F35', 483, 80, 158, 3, '6', '2017-04-01', '2017-03-30', 959),
	(86, '3C8468', 483, 80, 157, 2, '6', '2017-04-01', '2017-03-30', 959),
	(87, 'F5FD2E', 483, 80, 158, 2, '1', '2017-04-01', '2017-03-30', 959),
	(88, 'B421D2', 0, 80, 157, 2, '1', '2017-04-01', '2017-03-30', 0),
	(89, 'ACAD50', 541, 80, 157, 2, '0', '2017-04-01', '2017-03-30', 982),
	(90, 'EA9990', 541, 80, 158, 2, '1', '2017-04-01', '2017-03-30', 982),
	(91, 'A3F858', 541, 80, 158, 2, '1', '2017-04-01', '2017-03-30', 982),
	(92, '5C0B81', 733, 80, 157, 2, '6', '2017-04-01', '2017-03-30', 977),
	(93, '0CC557', 733, 80, 158, 2, '1', '2017-04-01', '2017-03-30', 977),
	(94, 'E4E9B6', 733, 80, 158, 2, '1', '2017-04-01', '2017-03-30', 977),
	(95, 'B883DF', 541, 78, 153, 2, '1', '2017-04-01', '2017-03-30', 982);
/*!40000 ALTER TABLE `booking` ENABLE KEYS */;

-- membuang struktur untuk table tgh.booking_detail
CREATE TABLE IF NOT EXISTS `booking_detail` (
  `id` int(11) NOT NULL AUTO_INCREMENT,
  `bookingID` int(11) DEFAULT NULL,
  `gtype` int(11) DEFAULT NULL,
  `gtittle` varchar(50) DEFAULT NULL,
  `gfname` varchar(50) DEFAULT NULL,
  `glname` varchar(50) DEFAULT NULL,
  `gdob` varchar(50) DEFAULT NULL,
  `gpassport` varchar(50) DEFAULT NULL,
  `gmobile` varchar(50) NOT NULL,
  PRIMARY KEY (`id`)
) ENGINE=InnoDB AUTO_INCREMENT=222 DEFAULT CHARSET=latin1;

-- Membuang data untuk tabel tgh.booking_detail: ~221 rows (lebih kurang)
/*!40000 ALTER TABLE `booking_detail` DISABLE KEYS */;
INSERT INTO `booking_detail` (`id`, `bookingID`, `gtype`, `gtittle`, `gfname`, `glname`, `gdob`, `gpassport`, `gmobile`) VALUES
	(1, 1, 1, 'MR', 'TBA', '', '', '', ''),
	(2, 1, 1, 'MR', 'TBB', '', '', '', ''),
	(3, 1, 3, 'MR', 'TBC', '', '', '', ''),
	(4, 1, 4, 'MR', 'TBD', '', '', '', ''),
	(5, 2, 1, 'MR', 'WILLY', 'EDLIM', 'TBA', 'tba', ''),
	(6, 2, 1, 'MRS', 'LAI ELI ', 'LIYANA', 'TBA', 'tba', ''),
	(7, 3, 1, 'MR', 'FELICIA LIDWINA ', 'EDLIM', 'TBA', 'TBA', ''),
	(8, 3, 1, 'MRS', 'FARREL WILLIAM ', 'EDLIM', 'TBA', 'TBA', ''),
	(9, 3, 1, 'MR', 'FREDERICK WILLIAM ', 'EDLIM', 'TBA', 'TBA', ''),
	(10, 4, 1, 'MR', ' MINDORO JOEWONO ', 'WINOTO', '', '', ''),
	(11, 4, 1, 'MRS', 'RATNA ', 'SETIOWATI', '', '', ''),
	(12, 5, 1, 'MRS', 'JANNY SURJANTI ', 'WINOTO ', 'TBA', 'TBA', ''),
	(13, 5, 1, 'MS', ' JOYLEEN LYNETH ', 'SANJAYA', 'TBA', 'TBA', ''),
	(14, 6, 1, 'MR', 'PANJI SANJAYA ', 'OEI', '', '', ''),
	(15, 6, 1, 'MRS', 'CHERLYN CLAIRE ', 'SANJAYA', '', '', ''),
	(16, 6, 4, 'MR', 'GEOFFREY JOSEPH ', 'SANJAYA', '', '', ''),
	(17, 7, 1, 'MRS', 'FELICIA LIDWINA ', 'EDLIM', '', '', ''),
	(18, 7, 1, 'MR', 'FARREL WILLIAM', ' EDLIM', '', '', ''),
	(19, 7, 1, 'MR', 'FREDERICK WILLIAM ', 'EDLIM', '', '', ''),
	(20, 8, 1, 'MRS', 'MERRY ', 'MARTONO', 'TBA', 'tba', ''),
	(21, 8, 1, 'MR', 'BUDI SUSETIO', 'KWARSO', 'TBA', 'tba', ''),
	(22, 9, 1, 'MRS', 'NINIK', 'TEKODJOJO', 'TBA', 'tba', ''),
	(23, 9, 1, 'MR', 'SOEGENG', 'SOEGENG', 'TBA', 'tba', ''),
	(24, 10, 1, 'MR', 'FAN REDDY ', 'CONDROWIJOYO', 'TBA', 'TBA', ''),
	(25, 10, 1, 'MRS', 'TJIO CINDY TIRTA ', 'MULYA', 'TBA', 'TBA', ''),
	(26, 11, 1, 'MR', 'ANDREW ', 'JIEWANTO', '', '', ''),
	(27, 11, 1, 'MR', 'GERALDO ', 'WIBOWO', '', '', ''),
	(28, 12, 1, 'MR', 'HARIYANTO', 'HARIYANTO', '', '', ''),
	(29, 12, 1, 'MRS', 'ASTUTI YOVITA ', 'GUNAWAN', '', '', ''),
	(30, 13, 1, 'MRS', 'FANNY', 'HADI', '19/11/1983', 'A4824897', ''),
	(31, 13, 1, 'MR', 'HADI', 'TANTO', '06/04/1942', 'A4824894', ''),
	(32, 14, 1, 'MR', 'TANTO', 'JUNTAK', 'TBA', 'tba', ''),
	(33, 14, 1, 'MRS', 'HERLY SRI DEWAJANI', 'SOEBIJANTO', 'TBA', 'tba', ''),
	(34, 15, 1, 'MR', 'TANTO', 'JUNTAK', 'TBA', 'TBA', ''),
	(35, 15, 1, 'MRS', 'HERLY SRI DEWAJANI', 'SOEBIJANTO', 'TBA', 'TBA', ''),
	(36, 16, 1, 'MR', 'EMIL', 'POYOH', '', '', ''),
	(37, 16, 1, 'MR', 'HENOC EMIL', 'BATKUNDE', '', '', ''),
	(38, 17, 1, 'MRS', 'WIANI', 'WIANI', 'TBA', 'TBA', ''),
	(39, 17, 1, 'MRS', 'WAHJUNI', 'WAHJUNI', 'TBA', 'TBA', ''),
	(40, 17, 1, 'MRS', 'LISA', 'LISA', 'TBA', 'TBA', ''),
	(41, 18, 1, 'MR', 'ADITYA WARMAN ANG', '-', 'TBA', 'TBA', ''),
	(42, 18, 1, 'MS', 'HELENA IVANA THALIA', '-', 'TBA', 'TBA', ''),
	(43, 18, 1, 'MS', 'TERESA NADIA LEVINA', '-', 'TBA', 'TBA', ''),
	(44, 19, 1, 'MR', 'LAURENSIUS ALDO DONNY SETIAWAN', '', '', '', ''),
	(45, 19, 1, 'MS', 'HERINA HANDRIANI ANG', '', '', '', ''),
	(46, 19, 1, 'MR', 'KORNELIUS ADRIAN STEVEN', '', '', '', ''),
	(47, 20, 1, 'MR', 'SUANTO SASTRO WIDODO', 'TBA', 'TBA', 'TBA', ''),
	(48, 20, 1, 'MRS', 'WIANTI SASTROWIDODO ', '', '', '', ''),
	(49, 20, 1, 'MRS', 'DEWI SHINTA', '', '', '', ''),
	(50, 21, 1, 'MR', 'WIROGO GUNAWAN', 'GO', '', '', ''),
	(51, 21, 1, 'MRS', 'SRI HARTINI', 'UTOMO', '', '', ''),
	(52, 22, 1, 'MR', 'BRYANT LUKE', 'GUNAWAN', '', '', ''),
	(53, 22, 1, 'MR', 'ALEXANDER FELIX ', 'GUNAWAN', '', '', ''),
	(54, 23, 1, 'MR', 'TEST', 'VISTAMAHA', '', '', ''),
	(55, 23, 1, 'MR', '', '', '', '', ''),
	(56, 23, 3, 'MR', '', '', '', '', ''),
	(57, 23, 4, 'MR', '', '', '', '', ''),
	(58, 24, 1, 'MRS', 'ONG THE', 'ENG', 'TBA', 'TBA', ''),
	(59, 24, 1, 'MR', 'TBA', 'TBA', 'TBA', 'TBA', ''),
	(60, 25, 1, 'MR', '', '', '', '', ''),
	(61, 25, 1, 'MR', '', '', '', '', ''),
	(62, 25, 3, 'MR', '', '', '', '', ''),
	(63, 26, 1, 'MR', 'AAAA', '', '', '', ''),
	(64, 26, 1, 'MR', 'AAA', '', '', '', ''),
	(65, 27, 1, 'MR', 'HOKI', '', '', '', ''),
	(66, 27, 1, 'MR', 'TBA', '', '', '', ''),
	(67, 27, 3, 'MR', 'TBA', '', '', '', ''),
	(68, 27, 4, 'MR', 'TBA', '', '', '', ''),
	(69, 28, 1, 'MR', 'HOKI', '', '', '', ''),
	(70, 28, 1, 'MR', 'TBA', '', '', '', ''),
	(71, 29, 1, 'MR', 'LANNY VERONIKA ', 'GUNAWAN ', '29JAN1980', 'B0269527', ''),
	(72, 29, 1, 'MR', 'AMANDA PHOEBE ', 'SARWONO', '21FEB2012', 'A3646001', ''),
	(73, 30, 1, 'MRS', 'MERITA SARI DEWI ', 'HALIM', '28NOV1983', 'A8024597', ''),
	(74, 30, 1, 'MR', 'CIPTO SARWONO ', 'ROBIN', '12APR1978', 'W779456', ''),
	(75, 31, 1, 'MS', 'REGINE NATASHA ', 'SARWONO', '24DEC2009', 'A3645999', ''),
	(76, 31, 1, 'MR', 'PILEMON ', '', '', '', ''),
	(77, 32, 1, 'MR', 'BRYAN EDMUNDO ', 'TANTRI ', '23OCT2002', 'A2996821', ''),
	(78, 32, 1, 'MS', 'SYLEENA FEODORA ', 'TANTRI ', '15MAR2005', 'A2996822', ''),
	(79, 33, 1, 'MRS', 'LENNY ', 'NOVARIANY ', '09OCT1969', 'A3898304', ''),
	(80, 33, 1, 'MR', 'TAN TJIOK ', 'TJWAN', '02APR1965', 'B3721004', ''),
	(81, 34, 1, 'MS', 'REGINA NATASHA ', 'SARWONO', '24DEC2009', 'A3645999', ''),
	(82, 34, 1, 'MR', 'PILEMON', '', '30JAN1982', 'A3690430', ''),
	(83, 35, 1, 'MRS', 'MERITA SARI DEWI ', 'HALIM', '28NOV1983', 'A8024597', ''),
	(84, 35, 1, 'MR', 'CIPTO SARWONO ', 'ROBIN ', '12APR1978', 'W779456', ''),
	(85, 36, 1, 'MR', 'BRYAN EDMUNDO ', 'TANTRI ', '23OCT2002', 'A2996821', ''),
	(86, 36, 1, 'MS', 'SYLEENA FEODORA ', 'TANTRI ', '15MAR2005', 'A2996822', ''),
	(87, 37, 1, 'MR', 'BRYAN EDMUNDO ', 'TANTRI ', '23OCT2002', 'A2996821', ''),
	(88, 37, 1, 'MS', 'SYLEENA FEODORA ', 'TANTRI ', '15MAR2005', 'A2996822', ''),
	(89, 37, 1, 'MRS', 'TIO GIOK ', 'FONG ', '', '', ''),
	(90, 38, 1, 'MR', 'CORNELIUS', '', '', '', ''),
	(91, 38, 1, 'MR', 'TBA', '', '', '', ''),
	(92, 39, 1, 'MR', 'VIJAYA', '', '', '', ''),
	(93, 39, 1, 'MR', 'FELICIA LAUREN', '', '', '', ''),
	(94, 39, 3, 'MR', '', '', '', '', ''),
	(95, 39, 4, 'MR', '', '', '', '', ''),
	(96, 40, 1, 'MR', 'HOKI', '', '', '', ''),
	(97, 40, 1, 'MR', '', '', '', '', ''),
	(98, 40, 4, 'MR', '', '', '', '', ''),
	(99, 41, 1, 'MRS', 'NINIK SETIAWATI ', 'WIRIAMANGGALA', '', '', ''),
	(100, 41, 1, 'MR', 'TBA', 'TBA', '', '', ''),
	(101, 42, 1, 'MS', 'ELIA', 'PUTRI', 'TBA', 'TBA', ''),
	(102, 42, 1, 'MRS', 'MARIA', 'MARI', 'TBA', 'TBA', ''),
	(103, 43, 1, 'MR', 'CHAILY', 'LIM', '', '', ''),
	(104, 43, 1, 'MR', 'EKA CHAHYADI', 'PUTRA', '', '', ''),
	(105, 44, 1, 'MRS', 'GO BIAK ', 'BIE ', '', '', ''),
	(106, 44, 1, 'MRS', 'GO PIAK ', 'LIAN ', '', '', ''),
	(107, 45, 1, 'MRS', 'SUSANA ', 'SARI ', '10MAR50', '25JUL18', ''),
	(108, 45, 1, 'MR', 'DENNY', 'PURNOMO ', '15NOV49', '25JUL18', ''),
	(109, 46, 1, 'MRS', 'BIAK BIE ', 'GO ', '', '', ''),
	(110, 46, 1, 'MRS', 'PIAK LIAN', 'GO', '', '', ''),
	(111, 47, 1, 'MR', 'SIAN GWAN', 'SOH', '02NOV1977', 'x089017', ''),
	(112, 47, 1, 'MR', 'FREDY', 'SETIAWAN ', '02MAY80', 'a6003325', ''),
	(113, 48, 1, 'MR', 'AGUS BUDIANTO', 'SUTJIPTO', '', '', ''),
	(114, 48, 1, 'MR', 'BENNY', 'KURNIAWAN ', '', '', ''),
	(115, 49, 1, 'MR', 'WAHYU PUJA', 'MANDIRA', '', '', ''),
	(116, 49, 1, 'MR', 'HENDRO', 'WIYANTO ', '', '', ''),
	(117, 50, 1, 'MR', 'ROY', 'ROY', '', '', ''),
	(118, 50, 1, 'MR', 'FLASH ', 'HANSEN ', '', '', ''),
	(119, 51, 1, 'MR', 'TEGUH', 'WICAKSONO', '', '', ''),
	(120, 51, 1, 'MR', 'DJOHNY', 'YUZRIZAL', '', '', ''),
	(121, 52, 1, 'MR', 'BUDI ', 'SANTOSO', 'TBA', 'TBA', ''),
	(122, 52, 1, 'MRS', 'NIO', 'INTAANSARI', 'TBA', 'TBA', ''),
	(123, 52, 1, 'MS', 'TBA', 'TBA', 'TBA', 'TBA', ''),
	(124, 53, 1, 'MRS', 'INDRA KARLOS', '-', '', '', ''),
	(125, 53, 1, 'MR', 'TBA', 'TBA', '', '', ''),
	(126, 54, 1, 'MR', 'SAMUEL', 'YUNAN', '', '', ''),
	(127, 54, 1, 'MR', 'SAMUEL', 'YUNAN', '', '', ''),
	(128, 54, 1, 'MR', 'SAMUEL', 'YUNAN', '', '', ''),
	(129, 55, 1, 'MR', 'SAMUEL', 'YUNAN', '', '', ''),
	(130, 55, 1, 'MR', 'SAMUEL', 'YUNAN', '', '', ''),
	(131, 55, 1, 'MR', 'SAMUEL', 'YUNAN', '', '', ''),
	(132, 56, 1, 'MR', 'STEVANUS', 'MINGGARA VIBHUTINATA', '', '', ''),
	(133, 56, 1, 'MRS', 'ANITA', 'WIRAWAN', '', '', ''),
	(134, 57, 1, 'MRS', 'ERLY', 'POEY', '', '', ''),
	(135, 57, 1, 'MRS', 'SULANI', '', '', '', ''),
	(136, 58, 1, 'MRS', 'THE GING', 'JAN', '', '', ''),
	(137, 58, 1, 'MRS', 'TJHIA YENI', 'YULIANA', '', '', ''),
	(138, 59, 1, 'MRS', 'YENNY KUSUMA', 'GO', '25 MAY 1968', 'A7416169', ''),
	(139, 59, 1, 'MR', 'EDMUND', 'AURELIUS', '21 OCT 2004', 'A 7416171', ''),
	(140, 60, 1, 'MR', 'LINDAWATI ANGTONI', 'ANG', '08 DEC 1967', 'B1032759', ''),
	(141, 60, 1, 'MR', 'GILBERT', 'AURELIUS', '10 SEP 2001', 'A7416165', ''),
	(142, 61, 1, 'MR', 'WINATA', 'LIE', '', '', ''),
	(143, 61, 1, 'MRS', 'MEGAWATI', '', '', '', ''),
	(144, 61, 1, 'MR', 'RYAN ARIEL', 'WINATA', '', '', ''),
	(145, 62, 1, 'MR', 'WIBOWO', 'SUTANTO TAN', '', '', ''),
	(146, 62, 1, 'MR', 'TBA', '', '', '', ''),
	(147, 63, 1, 'MR', 'WIBOWO', 'SUTANTO TAN', '', '', ''),
	(148, 63, 1, 'MR', 'TBA', '', '', '', ''),
	(149, 64, 1, 'MR', 'WIBOWO', 'SUTANTO TAN', '', '', ''),
	(150, 64, 1, 'MR', '', '', '', '', ''),
	(151, 65, 1, 'MRS', 'FENCHILIA RUTH SAGITA', 'THIODORA', '', '', ''),
	(152, 65, 1, 'MR', 'AGUS TJIPTO', 'HADISOENARJO', '', '', ''),
	(153, 65, 1, 'MR', 'BRIANS TJIPTO', 'MEIDIANTO', '', '', ''),
	(154, 66, 1, 'MR', 'GUNAWAN', 'GUNAWAN', '27 NOV 1957', 'B1912085', ''),
	(155, 66, 1, 'MRS', 'VERONICA', 'VERONICA', '28 AUG 1970', 'A8693425', ''),
	(156, 67, 0, 'MR', 'INCENTIVE', 'JAWI', '', '', ''),
	(157, 68, 1, 'MR', 'MICHAEL', 'MICHAEL', '', '', ''),
	(158, 68, 1, 'MR', 'TBA', 'TBA', '', '', ''),
	(159, 69, 0, 'MRS', 'INDRA DENITA', '', '', '', ''),
	(160, 70, 1, 'MR', 'AGUS', '', '', '', ''),
	(161, 70, 1, 'MR', 'TBA', '', '', '', ''),
	(162, 70, 1, 'MR', 'TBA', '', '', '', ''),
	(163, 71, 0, 'MRS', 'TAN', 'AI LIE', '', '', ''),
	(164, 72, 1, 'MRS', 'LILI', 'LILI', 'TBA', 'tba', ''),
	(165, 72, 1, 'MR', 'TBA', 'TBA', '', '', ''),
	(166, 72, 1, 'MR', 'TBA', 'TBA', '', '', ''),
	(167, 73, 1, 'MR', 'LILI2', 'LILI2', '', '', ''),
	(168, 73, 1, 'MR', 'TBA', 'TBA', '', '', ''),
	(169, 73, 1, 'MR', 'TBA', 'TBA', '', '', ''),
	(170, 74, 1, 'MRS', 'YULY MARIANA', 'LIJAYA', '', '', ''),
	(171, 74, 1, 'MR', 'MARCELLINO DHARMA', 'SINDHU', '', '', ''),
	(172, 74, 1, 'MR', 'ADIDHARMA', 'SINDHU', '', '', ''),
	(173, 75, 1, 'MR', 'HENDRAYANTO', 'LIJAYA', '', '', ''),
	(174, 75, 1, 'MRS', 'OEY', 'IEN NIO', '', '', ''),
	(175, 76, 1, 'MR', 'NINIK', 'NINIK', '', '', ''),
	(176, 76, 1, 'MR', 'NINIK', 'NINIK', '', '', ''),
	(177, 77, 0, 'MR', 'TJAN', 'SAUW BENG ', '', '', ''),
	(178, 78, 1, 'MR', 'FREDDY KURNIAWAN ', 'ATMOKO', '24-02-1995', 'A8015981', ''),
	(179, 78, 1, 'MR', 'TAN NICO IRAWAN ', 'ATMOKO', '04-10-1990', 'A8015973', ''),
	(180, 79, 1, 'MRS', 'AGUNG SURYANI', 'TANOKO', '08-06-1964', 'A5106797', ''),
	(181, 79, 1, 'MRS', 'RENNY ', 'KRISTIANI', '04-09-1975', '', ''),
	(182, 80, 1, 'MR', 'TAN PAUW', 'AN', '', '', ''),
	(183, 80, 1, 'MR', 'IVAN', 'IVAN', '24-03-1973', '', ''),
	(184, 81, 1, 'MR', 'ERLY', '', '', '', ''),
	(185, 81, 1, 'MR', 'TBA', '', '', '', ''),
	(186, 81, 3, 'MR', 'TBA', '', '', '', ''),
	(187, 81, 4, 'MR', 'TBA', '', '', '', ''),
	(188, 82, 1, 'MR', 'PETER', '', '', '', ''),
	(189, 82, 1, 'MR', 'TBA', '', '', '', ''),
	(190, 82, 3, 'MR', 'TBA', '', '', '', ''),
	(191, 82, 4, 'MR', 'TBA', '', '', '', ''),
	(192, 83, 1, 'MR', 'PETER', '', '', '', ''),
	(193, 83, 1, 'MR', 'PETER', '', '', '', ''),
	(194, 83, 3, 'MR', 'PETER', '', '', '', ''),
	(195, 83, 4, 'MR', 'PETER', '', '', '', ''),
	(196, 84, 1, 'MR', 'PETER', '', '', '', ''),
	(197, 84, 1, 'MR', 'PETER', '', '', '', ''),
	(198, 84, 3, 'MR', 'PETER', '', '', '', ''),
	(199, 85, 1, 'MR', 'TBA', '', '', '', ''),
	(200, 85, 1, 'MR', 'TBA', '', '', '', ''),
	(201, 85, 1, 'MR', 'TBA', '', '', '', ''),
	(202, 86, 1, 'MR', 'CORNELIUS', '', '', '', ''),
	(203, 86, 1, 'MR', 'TBA', '', '', '', ''),
	(204, 87, 1, 'MR', 'CORNELIUS', '', '', '', ''),
	(205, 87, 1, 'MR', 'TBA', '', '', '', ''),
	(206, 88, 1, 'MRS', 'SIAUW', 'JIN', '', '', '081252509777'),
	(207, 88, 1, 'MRS', 'TOELOES EKO', 'TJAHJONO', '', '', '081252509777'),
	(208, 89, 1, 'MR', 'SIAUW', 'JIN', '', '', '0315633800'),
	(209, 89, 1, 'MR', 'TOELOES EKO', 'TJAHJONO', '', '', '0315633800'),
	(210, 90, 1, 'MR', 'SALIM', 'JAHJA', '', '', '0315633800'),
	(211, 90, 1, 'MR', 'LENNY', 'ANGGRAENI', '', '', '0315633800'),
	(212, 91, 1, 'MRS', 'ERNI', 'ANG', '', '', '0315633800'),
	(213, 91, 1, 'MRS', 'SISKA', 'JAHJA', '', '', '0315633800'),
	(214, 92, 1, 'MRS', 'LANNY', 'HERAWATI', '', '', ''),
	(215, 92, 1, 'MRS', 'INDAH', 'HERAWATI', '', '', ''),
	(216, 93, 1, 'MRS', 'LANNY ', 'HERAWATI', '', '', ''),
	(217, 93, 1, 'MR', 'INDAH', 'HERAWATI', '', '', ''),
	(218, 94, 1, 'MRS', 'LILY', 'HERAWATI', '', '', ''),
	(219, 94, 1, 'MRS', 'SUSANTI', 'HERAWATI', '', '', ''),
	(220, 95, 1, 'MRS', 'LINDA', '', '', '', '0315633800'),
	(221, 95, 1, 'MRS', 'LINDA', '', '', '', '0315633800');
/*!40000 ALTER TABLE `booking_detail` ENABLE KEYS */;

-- membuang struktur untuk table tgh.booking_files
CREATE TABLE IF NOT EXISTS `booking_files` (
  `id` int(11) NOT NULL AUTO_INCREMENT,
  `bookingID` int(11) DEFAULT NULL,
  `uploadNote1` varchar(100) DEFAULT NULL,
  `uploadFile1` varchar(100) DEFAULT NULL,
  `uploadNote2` varchar(100) DEFAULT NULL,
  `uploadFile2` varchar(100) DEFAULT NULL,
  `uploadNote3` varchar(100) DEFAULT NULL,
  `uploadFile3` varchar(100) DEFAULT NULL,
  `uploadNote4` varchar(100) DEFAULT NULL,
  `uploadFile4` varchar(100) DEFAULT NULL,
  `uploadNote5` varchar(100) DEFAULT NULL,
  `uploadFile5` varchar(100) DEFAULT NULL,
  PRIMARY KEY (`id`)
) ENGINE=InnoDB DEFAULT CHARSET=latin1;

-- Membuang data untuk tabel tgh.booking_files: ~0 rows (lebih kurang)
/*!40000 ALTER TABLE `booking_files` DISABLE KEYS */;
/*!40000 ALTER TABLE `booking_files` ENABLE KEYS */;

-- membuang struktur untuk table tgh.booking_invoice
CREATE TABLE IF NOT EXISTS `booking_invoice` (
  `id` int(11) NOT NULL AUTO_INCREMENT,
  `bookingID` int(11) DEFAULT NULL,
  `typeID` int(11) DEFAULT NULL COMMENT '0 Invoice 1 Voucher',
  `remarks` varchar(100) DEFAULT NULL,
  `fileUpload` varchar(100) DEFAULT NULL,
  `staffID` int(11) DEFAULT NULL COMMENT 'From admin',
  PRIMARY KEY (`id`)
) ENGINE=InnoDB AUTO_INCREMENT=41 DEFAULT CHARSET=latin1;

-- Membuang data untuk tabel tgh.booking_invoice: ~40 rows (lebih kurang)
/*!40000 ALTER TABLE `booking_invoice` DISABLE KEYS */;
INSERT INTO `booking_invoice` (`id`, `bookingID`, `typeID`, `remarks`, `fileUpload`, `staffID`) VALUES
	(1, 34, 0, '', '6ec8995e2c7dde8916c024be6c003f27.pdf', 10),
	(2, 34, 0, '', 'c90a33e2ebf34f0f9501072165e4ad37.pdf', 10),
	(3, 34, 0, '', '109dce303ed29be09297c096a2c6a7d8.pdf', 10),
	(4, 35, 0, '', 'eac442a5933d1b1091a2dcf308eb726d.pdf', 10),
	(5, 35, 0, '', '1accd199ad1c05d716a515937ffb02e3.pdf', 10),
	(6, 35, 0, '', '2aba2b4600abbdef1d162e481329f50d.pdf', 10),
	(7, 35, 0, '', '6fbc6cc3d697e49ed51fc1c6e6be9304.pdf', 10),
	(8, 35, 0, '', 'b6460a25ed3687b9405179177c936e7e.pdf', 10),
	(9, 35, 0, '', '77b55711d0df9e8789ab23081dbab81d.pdf', 10),
	(10, 35, 0, '', 'f0580909e288bcbc76ad503b747a64e3.pdf', 10),
	(11, 29, 0, '', '26907cec5e3db24d7e9b5a6441eb055e.pdf', 10),
	(12, 45, 0, '', '87a0622ecd2c840841fd85efdc707b6f.pdf', 10),
	(13, 47, 0, '', 'f3f8bc953f6d5c3f16a7801eda530d93.pdf', 10),
	(14, 47, 0, '', '800adb95f000322bcf1bec1cf77abe30.pdf', 10),
	(15, 47, 0, '', 'eadfa7120bfa5cc2987ea49037bf8b91.pdf', 10),
	(16, 47, 0, '', 'c874bdf533b6440ab8fa2474e21f1b56.pdf', 10),
	(17, 47, 0, '', '9ce703e3fbc6e8a5bb3fa7b2e6f0fa2c.pdf', 10),
	(18, 47, 0, '', '80f21371e9b353d1d781a2b6ce761ac4.pdf', 10),
	(19, 46, 0, '', 'e97575c60b3289ec5a28a3c3698d8336.pdf', 10),
	(20, 46, 0, '', 'bb1388490be1efe9d885c4c1fc019765.pdf', 10),
	(21, 43, 0, '', 'f81f3c0c6783a9fbbb6ef5cb4cc0636d.pdf', 10),
	(22, 42, 0, '', '6eaf9a909d17c09dd2cd5d5bedd98f1c.pdf', 10),
	(23, 42, 0, '', 'a264f2ed2de2393e7a6b2dd468b91d7e.pdf', 10),
	(24, 42, 0, '', 'd3896048105c2556fb8e74b10f53c0a3.pdf', 10),
	(25, 57, 0, '', '94767fa6250d37bfffdc031f7f33b5e6.pdf', 10),
	(26, 57, 0, '', 'c578b22095a255138c4d7c963015c5c4.pdf', 10),
	(27, 56, 0, '', 'ce3387cb0209d9a6505342c79a2444ac.pdf', 10),
	(28, 56, 0, '', '6d83970be877d927f996e653e97defc8.pdf', 10),
	(29, 69, 0, '', '1d7526401b579aea87f90fe05ac4e0cf.pdf', 10),
	(30, 69, 0, '', '02a42a3f7b8691506e70bf4e36b5ceac.pdf', 10),
	(31, 58, 0, '', '7f701b976c912404adea3994a34a2f42.pdf', 10),
	(32, 58, 0, '', 'b87d922341a0321d7e1f315949741a93.pdf', 10),
	(33, 58, 0, '', '8312443b28933b2238e23c061730441a.pdf', 10),
	(34, 58, 0, '', '12ec5fdfa845f392a0715356ed494e74.pdf', 10),
	(35, 58, 0, '', '8b6772f32123e120c0dd720e603aa4dc.pdf', 10),
	(36, 58, 0, '', '39a67e920696f6581d71cb0bf05fac0e.pdf', 10),
	(37, 58, 0, '', '495c0db090a2ce290581a9358c033e99.pdf', 10),
	(38, 71, 0, '', '7a5df7be6a0ebe0eb21d8e3af3d2cd6c.pdf', 10),
	(39, 71, 0, '', 'd73af4705483ec4a83724a2eace11f49.pdf', 10),
	(40, 68, 0, '', '7623ba85450292e477bd0c41301a0391.pdf', 10);
/*!40000 ALTER TABLE `booking_invoice` ENABLE KEYS */;

-- membuang struktur untuk table tgh.booking_log
CREATE TABLE IF NOT EXISTS `booking_log` (
  `id` int(11) NOT NULL AUTO_INCREMENT,
  `bookingID` int(11) DEFAULT NULL,
  `agentID` int(11) DEFAULT NULL,
  `staffID` int(11) DEFAULT NULL,
  `adminID` int(11) DEFAULT NULL,
  `lastStatus` varchar(100) DEFAULT NULL,
  `newStatus` varchar(100) DEFAULT NULL,
  `createdDate` datetime DEFAULT NULL,
  PRIMARY KEY (`id`)
) ENGINE=InnoDB AUTO_INCREMENT=96 DEFAULT CHARSET=latin1;

-- Membuang data untuk tabel tgh.booking_log: ~95 rows (lebih kurang)
/*!40000 ALTER TABLE `booking_log` DISABLE KEYS */;
INSERT INTO `booking_log` (`id`, `bookingID`, `agentID`, `staffID`, `adminID`, `lastStatus`, `newStatus`, `createdDate`) VALUES
	(1, 1, 483, 956, 0, '', 'Confirmed (Deposit Not Paid)', '2016-11-24 09:25:23'),
	(2, 2, 488, 957, 0, '', 'Confirmed (Deposit Not Paid)', '2016-12-03 06:10:03'),
	(3, 3, 488, 957, 0, '', 'Confirmed (Deposit Not Paid)', '2016-12-03 06:24:34'),
	(4, 4, 488, 957, 0, '', 'Confirmed (Deposit Not Paid)', '2016-12-03 07:31:42'),
	(5, 5, 488, 957, 0, '', 'Confirmed (Deposit Not Paid)', '2016-12-03 07:32:41'),
	(6, 6, 488, 957, 0, '', 'Confirmed (Deposit Not Paid)', '2016-12-03 07:35:59'),
	(7, 7, 488, 957, 0, '', 'Confirmed (Deposit Not Paid)', '2016-12-06 03:26:04'),
	(8, 8, 483, 956, 0, '', 'Confirmed (Deposit Not Paid)', '2016-12-08 09:39:38'),
	(9, 9, 483, 956, 0, '', 'Confirmed (Deposit Not Paid)', '2016-12-08 09:41:34'),
	(10, 10, 483, 959, 0, '', 'Confirmed (Deposit Not Paid)', '2016-12-14 04:00:35'),
	(11, 11, 483, 959, 0, '', 'Confirmed (Deposit Not Paid)', '2016-12-14 04:02:13'),
	(12, 12, 483, 959, 0, '', 'Confirmed (Deposit Not Paid)', '2016-12-14 04:02:56'),
	(13, 13, 641, 962, 0, '', 'Confirmed (Deposit Not Paid)', '2016-12-15 04:49:23'),
	(14, 14, 483, 475, 0, '', 'Confirmed (Deposit Not Paid)', '2016-12-15 06:45:56'),
	(15, 15, 483, 956, 0, '', 'Confirmed (Deposit Not Paid)', '2016-12-15 06:48:33'),
	(16, 16, 499, 965, 0, '', 'Confirmed (Deposit Not Paid)', '2017-01-16 07:25:18'),
	(17, 17, 483, 956, 0, '', 'Confirmed (Deposit Not Paid)', '2017-02-03 08:52:39'),
	(18, 18, 483, 956, 0, '', 'Confirmed (Deposit Not Paid)', '2017-02-03 08:54:00'),
	(19, 19, 483, 956, 0, '', 'Confirmed (Deposit Not Paid)', '2017-02-03 08:55:01'),
	(20, 20, 483, 956, 0, '', 'Confirmed (Deposit Not Paid)', '2017-02-03 08:56:18'),
	(21, 21, 946, 938, 0, '', 'Confirmed (Deposit Not Paid)', '2017-03-09 06:54:35'),
	(22, 22, 946, 938, 0, '', 'Confirmed (Deposit Not Paid)', '2017-03-09 06:55:54'),
	(23, 23, 483, 956, 0, '', 'Confirmed (Deposit Not Paid)', '2017-03-13 09:58:23'),
	(24, 24, 483, 956, 0, '', 'Confirmed (Deposit Not Paid)', '2017-03-14 10:03:24'),
	(25, 25, 483, 956, 0, '', 'Confirmed (Deposit Not Paid)', '2017-03-17 04:47:37'),
	(26, 26, 483, 956, 0, '', 'Confirmed (Deposit Not Paid)', '2017-03-17 06:57:24'),
	(27, 27, 483, 956, 0, '', 'Confirmed (Deposit Not Paid)', '2017-03-24 05:48:27'),
	(28, 28, 483, 956, 0, '', 'Confirmed (Deposit Not Paid)', '2017-03-24 05:49:00'),
	(29, 29, 702, 694, 0, '', 'Confirmed (Deposit Not Paid)', '2017-03-24 06:03:26'),
	(30, 30, 702, 694, 0, '', 'Confirmed (Deposit Not Paid)', '2017-03-24 06:07:11'),
	(31, 31, 702, 694, 0, '', 'Confirmed (Deposit Not Paid)', '2017-03-24 06:08:32'),
	(32, 32, 702, 694, 0, '', 'Confirmed (Deposit Not Paid)', '2017-03-24 06:11:31'),
	(33, 33, 702, 694, 0, '', 'Confirmed (Deposit Not Paid)', '2017-03-24 06:14:30'),
	(34, 34, 702, 694, 0, '', 'Confirmed (Deposit Not Paid)', '2017-03-24 06:17:51'),
	(35, 35, 702, 694, 0, '', 'Confirmed (Deposit Not Paid)', '2017-03-24 06:19:26'),
	(36, 36, 702, 694, 0, '', 'Confirmed (Deposit Not Paid)', '2017-03-24 06:23:49'),
	(37, 37, 702, 694, 0, '', 'Confirmed (Deposit Not Paid)', '2017-03-24 06:44:13'),
	(38, 38, 483, 959, 0, '', 'Confirmed (Deposit Not Paid)', '2017-03-25 03:16:17'),
	(39, 39, 483, 959, 0, '', 'Confirmed (Deposit Not Paid)', '2017-03-25 03:43:20'),
	(40, 40, 483, 959, 0, '', 'Confirmed (Deposit Not Paid)', '2017-03-25 03:45:42'),
	(41, 41, 483, 956, 0, '', 'Confirmed (Deposit Not Paid)', '2017-03-25 05:57:08'),
	(42, 42, 483, 956, 0, '', 'Confirmed (Deposit Not Paid)', '2017-03-25 07:02:30'),
	(43, 43, 483, 956, 0, '', 'Confirmed (Deposit Not Paid)', '2017-03-25 07:08:17'),
	(44, 44, 702, 694, 0, '', 'Confirmed (Deposit Not Paid)', '2017-03-25 08:47:52'),
	(45, 45, 702, 694, 0, '', 'Confirmed (Deposit Not Paid)', '2017-03-25 08:49:20'),
	(46, 46, 702, 694, 0, '', 'Confirmed (Deposit Not Paid)', '2017-03-25 08:53:53'),
	(47, 47, 702, 694, 0, '', 'Confirmed (Deposit Not Paid)', '2017-03-25 10:43:48'),
	(48, 48, 500, 971, 0, '', 'Confirmed (Deposit Not Paid)', '2017-03-25 12:30:58'),
	(49, 49, 500, 971, 0, '', 'Confirmed (Deposit Not Paid)', '2017-03-25 12:32:31'),
	(50, 50, 500, 971, 0, '', 'Confirmed (Deposit Not Paid)', '2017-03-25 12:33:37'),
	(51, 51, 500, 971, 0, '', 'Confirmed (Deposit Not Paid)', '2017-03-25 12:34:23'),
	(52, 52, 483, 956, 0, '', 'Confirmed (Deposit Not Paid)', '2017-03-25 14:36:02'),
	(53, 53, 483, 956, 0, '', 'Confirmed (Deposit Not Paid)', '2017-03-25 14:37:27'),
	(54, 54, 488, 957, 0, '', 'Confirmed (Deposit Not Paid)', '2017-03-25 23:44:58'),
	(55, 55, 488, 957, 0, '', 'Confirmed (Deposit Not Paid)', '2017-03-25 23:47:46'),
	(56, 56, 483, 956, 0, '', 'Confirmed (Deposit Not Paid)', '2017-03-26 05:14:50'),
	(57, 57, 483, 959, 0, '', 'Confirmed (Deposit Not Paid)', '2017-03-26 06:28:32'),
	(58, 58, 483, 959, 0, '', 'Confirmed (Deposit Not Paid)', '2017-03-26 06:33:40'),
	(59, 59, 517, 975, 0, '', 'Confirmed (Deposit Not Paid)', '2017-03-26 10:42:46'),
	(60, 60, 517, 975, 0, '', 'Confirmed (Deposit Not Paid)', '2017-03-26 10:46:04'),
	(61, 61, 499, 965, 0, '', 'Confirmed (Deposit Not Paid)', '2017-03-26 12:20:11'),
	(62, 62, 483, 956, 0, '', 'Confirmed (Deposit Not Paid)', '2017-03-26 13:51:33'),
	(63, 63, 483, 956, 0, '', 'Confirmed (Deposit Not Paid)', '2017-03-26 13:52:34'),
	(64, 64, 483, 956, 0, '', 'Confirmed (Deposit Not Paid)', '2017-03-26 13:53:11'),
	(65, 65, 483, 956, 0, '', 'Confirmed (Deposit Not Paid)', '2017-03-26 13:58:54'),
	(66, 66, 733, 976, 0, '', 'Confirmed (Deposit Not Paid)', '2017-03-26 14:27:07'),
	(67, 67, 483, 956, 0, '', 'Confirmed (Deposit Not Paid)', '2017-03-26 14:47:32'),
	(68, 68, 483, 956, 0, '', 'Confirmed (Deposit Not Paid)', '2017-03-26 15:01:59'),
	(69, 69, 483, 959, 0, '', 'Confirmed (Deposit Not Paid)', '2017-03-27 02:45:19'),
	(70, 70, 483, 959, 0, '', 'Confirmed (Deposit Not Paid)', '2017-03-27 02:57:03'),
	(71, 71, 483, 956, 0, '', 'Confirmed (Deposit Not Paid)', '2017-03-27 07:39:27'),
	(72, 72, 483, 956, 0, '', 'Confirmed (Deposit Not Paid)', '2017-03-27 10:04:25'),
	(73, 73, 483, 956, 0, '', 'Confirmed (Deposit Not Paid)', '2017-03-27 10:05:47'),
	(74, 74, 483, 956, 0, '', 'Confirmed (Deposit Not Paid)', '2017-03-29 07:10:33'),
	(75, 75, 483, 956, 0, '', 'Confirmed (Deposit Not Paid)', '2017-03-29 07:11:24'),
	(76, 76, 483, 956, 0, '', 'Confirmed (Deposit Not Paid)', '2017-03-29 07:19:21'),
	(77, 77, 500, 971, 0, '', 'Confirmed (Deposit Not Paid)', '2017-03-30 03:17:33'),
	(78, 78, 733, 977, 0, '', 'Confirmed (Deposit Not Paid)', '2017-03-30 03:18:14'),
	(79, 79, 733, 977, 0, '', 'Confirmed (Deposit Not Paid)', '2017-03-30 03:59:19'),
	(80, 80, 733, 977, 0, '', 'Confirmed (Deposit Not Paid)', '2017-03-30 04:02:22'),
	(81, 81, 483, 959, 0, '', 'Confirmed (Deposit Not Paid)', '2017-03-30 04:21:29'),
	(82, 82, 483, 959, 0, '', 'Confirmed (Deposit Not Paid)', '2017-03-30 05:04:18'),
	(83, 83, 483, 959, 0, '', 'Confirmed (Deposit Not Paid)', '2017-03-30 05:05:26'),
	(84, 84, 483, 959, 0, '', 'Confirmed (Deposit Not Paid)', '2017-03-30 05:06:04'),
	(85, 85, 483, 959, 0, '', 'Confirmed (Deposit Not Paid)', '2017-03-30 05:06:46'),
	(86, 86, 483, 959, 0, '', 'Confirmed (Deposit Not Paid)', '2017-03-30 05:07:05'),
	(87, 87, 483, 959, 0, '', 'Confirmed (Deposit Not Paid)', '2017-03-30 05:07:36'),
	(88, 88, 0, 0, 0, '', 'Confirmed (Deposit Not Paid)', '2017-03-30 05:23:45'),
	(89, 89, 541, 982, 0, '', 'Confirmed (Deposit Not Paid)', '2017-03-30 05:25:14'),
	(90, 90, 541, 982, 0, '', 'Confirmed (Deposit Not Paid)', '2017-03-30 05:51:33'),
	(91, 91, 541, 982, 0, '', 'Confirmed (Deposit Not Paid)', '2017-03-30 05:54:51'),
	(92, 92, 733, 977, 0, '', 'Confirmed (Deposit Not Paid)', '2017-03-30 07:07:31'),
	(93, 93, 733, 977, 0, '', 'Confirmed (Deposit Not Paid)', '2017-03-30 07:12:34'),
	(94, 94, 733, 977, 0, '', 'Confirmed (Deposit Not Paid)', '2017-03-30 07:13:41'),
	(95, 95, 541, 982, 0, '', 'Confirmed (Deposit Not Paid)', '2017-03-30 08:34:33');
/*!40000 ALTER TABLE `booking_log` ENABLE KEYS */;

-- membuang struktur untuk table tgh.booking_payment
CREATE TABLE IF NOT EXISTS `booking_payment` (
  `id` int(11) NOT NULL AUTO_INCREMENT,
  `bookingID` int(11) DEFAULT NULL,
  `typeID` int(11) DEFAULT NULL COMMENT '0 DP 1 FP',
  `transferDate` date DEFAULT NULL,
  `note` varchar(100) DEFAULT NULL,
  `fileUpload` varchar(100) DEFAULT NULL,
  `staffID` int(11) DEFAULT NULL,
  PRIMARY KEY (`id`)
) ENGINE=InnoDB DEFAULT CHARSET=latin1;

-- Membuang data untuk tabel tgh.booking_payment: ~0 rows (lebih kurang)
/*!40000 ALTER TABLE `booking_payment` DISABLE KEYS */;
/*!40000 ALTER TABLE `booking_payment` ENABLE KEYS */;

-- membuang struktur untuk table tgh.ci_sessions
CREATE TABLE IF NOT EXISTS `ci_sessions` (
  `session_id` varchar(40) NOT NULL DEFAULT '0',
  `ip_address` varchar(45) NOT NULL DEFAULT '0',
  `user_agent` varchar(120) NOT NULL,
  `last_activity` int(10) unsigned NOT NULL DEFAULT '0',
  `user_data` text NOT NULL,
  PRIMARY KEY (`session_id`),
  KEY `last_activity_idx` (`last_activity`)
) ENGINE=InnoDB DEFAULT CHARSET=latin1;

-- Membuang data untuk tabel tgh.ci_sessions: ~2 rows (lebih kurang)
/*!40000 ALTER TABLE `ci_sessions` DISABLE KEYS */;
INSERT INTO `ci_sessions` (`session_id`, `ip_address`, `user_agent`, `last_activity`, `user_data`) VALUES
	('0ad47718aa87c4a2184721e91ee368fb', '127.0.0.1', 'Mozilla/5.0 (Windows NT 6.1; Win64; x64) AppleWebKit/537.36 (KHTML, like Gecko) Chrome/57.0.2987.133 Safari/537.36', 1493222532, 'a:5:{s:9:"user_data";s:0:"";s:2:"id";s:1:"1";s:9:"adminName";s:9:"RIA ABDUL";s:6:"userID";s:8:"riaabdul";s:8:"position";s:7:"MANAGER";}'),
	('280bb7300b601a3270b5b955f695cb87', '127.0.0.1', 'Mozilla/5.0 (Windows NT 6.1; Win64; x64) AppleWebKit/537.36 (KHTML, like Gecko) Chrome/57.0.2987.133 Safari/537.36', 1493258402, 'a:5:{s:9:"user_data";s:0:"";s:2:"id";s:1:"1";s:9:"adminName";s:9:"RIA ABDUL";s:6:"userID";s:8:"riaabdul";s:8:"position";s:7:"MANAGER";}'),
	('a8c53c3488deafec3fa9e196b9c552e7', '127.0.0.1', 'Mozilla/5.0 (Windows NT 6.1; Win64; x64) AppleWebKit/537.36 (KHTML, like Gecko) Chrome/57.0.2987.133 Safari/537.36', 1493298798, 'a:5:{s:9:"user_data";s:0:"";s:9:"adminName";s:9:"RIA ABDUL";s:6:"userID";s:8:"riaabdul";s:8:"position";s:7:"MANAGER";s:2:"id";s:1:"1";}'),
	('f8ccca935d56ff4b7765ddc21e97741e', '127.0.0.1', 'Mozilla/5.0 (Windows NT 6.1; Win64; x64) AppleWebKit/537.36 (KHTML, like Gecko) Chrome/57.0.2987.133 Safari/537.36', 1493296011, '');
/*!40000 ALTER TABLE `ci_sessions` ENABLE KEYS */;

-- membuang struktur untuk table tgh.generate
CREATE TABLE IF NOT EXISTS `generate` (
  `id` int(11) NOT NULL AUTO_INCREMENT,
  `bookingID` varchar(100) DEFAULT NULL,
  `tourPrice` varchar(100) DEFAULT NULL,
  `totTourPrice` varchar(100) DEFAULT NULL,
  `totDP` varchar(100) DEFAULT NULL,
  `addCharge` varchar(100) DEFAULT NULL,
  `addChargePrice` varchar(100) DEFAULT NULL,
  `addCharge2` varchar(100) DEFAULT NULL,
  `addChargePrice2` varchar(100) DEFAULT NULL,
  `grandTotal` varchar(100) DEFAULT NULL,
  PRIMARY KEY (`id`)
) ENGINE=InnoDB AUTO_INCREMENT=29 DEFAULT CHARSET=latin1;

-- Membuang data untuk tabel tgh.generate: ~28 rows (lebih kurang)
/*!40000 ALTER TABLE `generate` DISABLE KEYS */;
INSERT INTO `generate` (`id`, `bookingID`, `tourPrice`, `totTourPrice`, `totDP`, `addCharge`, `addChargePrice`, `addCharge2`, `addChargePrice2`, `grandTotal`) VALUES
	(1, '9', '22*22999000|23*22999000|', '45998000', '10000000', '', '0', '', '0', '35998000'),
	(2, '9', '22*22999000|23*22999000|', '45998000', '10000000', '', '0', '', '0', '35998000'),
	(3, '9', '22*22999000|23*22999000|', '45998000', '10000000', '', '0', '', '0', '35998000'),
	(4, '12', '28*22999000|29*22999000|', '45998000', '10000000', 'agent + staff comm (300000+50000) x 2', '700000', '', '0', '36698000'),
	(5, '12', '28*22999000|29*22999000|', '45998000', '10000000', 'agent + staff comm (300000+50000) x 2', '700000', '', '0', '36698000'),
	(6, '13', '30*22999000|31*22999000|', '45998000', '0', 'Visa', '600000', 'Agent comm', '1200000', '47798000'),
	(7, '58', '136*8499000|137*8499000|', '16998000', '10000000', 'Visa china 2pax', '1200000', '', '0', '8198000'),
	(8, '58', '136*8499000|137*8499000|', '16998000', '10000000', 'Visa china 2pax', '1200000', '', '0', '8198000'),
	(9, '58', '136*8499000|137*8499000|', '16998000', '10000000', 'Visa china 2pax', '1200000', '', '0', '8198000'),
	(10, '58', '136*8499000|137*8499000|', '16998000', '10000000', 'Visa china 2pax', '1200000', '', '0', '8198000'),
	(11, '34', '81*8499000|82*8499000|', '16998000', '10000000', 'DISKON 500000x2', '1000000', 'AGENT COMM 250000x2', '500000', '8498000'),
	(12, '34', '81*8499000|82*8499000|', '16998000', '10000000', 'DISKON 500000x2', '1000000', 'AGENT COMM 250000x2', '500000', '8498000'),
	(13, '34', '81*8499000|82*8499000|', '16998000', '10000000', 'DISKON 500000x2', '-1000000', 'AGENT COMM 250000x2', '-500000', '5498000'),
	(14, '35', '83*8499000|84*8499000|', '16998000', '10000000', 'DISKON+AGENT COMM (500000+250000)x2', '-1500000', '', '0', '5498000'),
	(15, '29', '71*8499000|72*8499000|', '16998000', '10000000', 'DISKON+AGENT COMM (500000+250000)x2', '-1500000', '', '0', '5498000'),
	(16, '45', '107*10399000|108*10399000|', '20798000', '10000000', 'DISKON+AGENT COMM (500000+250000)x2', '-1500000', '', '0', '9298000'),
	(17, '47', '111*10399000|112*10399000|', '20798000', '10000000', 'DISKON+AGENT COMM (500000+250000)x2', '-1500000', '', '0', '9298000'),
	(18, '47', '111*10399000|112*10399000|', '20798000', '10000000', 'DISKON+AGENT COMM (500000+250000)x2', '-1500000', '', '0', '9298000'),
	(19, '46', '109*10399000|110*10399000|', '20798000', '10000000', 'DISKON+AGENT COMM (500000+250000)', '-1500000', '', '0', '9298000'),
	(20, '43', '103*10399000|104*10399000|', '20798000', '10000000', 'DISKON+AGENT COMM (500000+250000)x2', '-1500000', '', '0', '9298000'),
	(21, '42', '101*10399000|102*10399000|', '20798000', '10000000', 'DISKON+AGENT COMM (500000+250000)x2', '-1500000', '', '0', '9298000'),
	(22, '57', '134*8499000|135*8499000|', '16998000', '0', 'DISKON+AGENT COMM (500000+250000)x2', '-1500000', '', '0', '15498000'),
	(23, '56', '132*7499000|133*7499000|', '14998000', '0', 'DISKON+AGENT COMM (500000+200000)x2', '-1400000', '', '0', '13598000'),
	(24, '69', '159*7499000|', '7499000', '4000000', 'DISKON+AGENT COMM (500000+200000)x1', '-700000', '', '0', '2799000'),
	(25, '58', '136*8499000|137*8499000|', '16998000', '0', 'DISKON+AGENT COMM (500000+250000)x2', '-1500000', '', '0', '15498000'),
	(26, '71', '163*10399000|', '10399000', '5000000', 'DISKON+AGENT COMM (500000+250000)x1', '-750000', '', '0', '4649000'),
	(27, '68', '157*10399000|158*10399000|', '20798000', '10000000', 'DISKON+AGENT COMM (500000+250000)x2', '-1500000', '', '0', '9298000'),
	(28, '68', '157*10399000|158*10399000|', '20798000', '10000000', 'DISKON+AGENT COMM (500000+250000)x2', '-1500000', '', '0', '9298000');
/*!40000 ALTER TABLE `generate` ENABLE KEYS */;

-- membuang struktur untuk table tgh.history
CREATE TABLE IF NOT EXISTS `history` (
  `id` int(11) NOT NULL AUTO_INCREMENT,
  `createdDate` datetime DEFAULT NULL,
  `createdBy` varchar(100) DEFAULT NULL,
  `description` varchar(100) DEFAULT NULL,
  PRIMARY KEY (`id`)
) ENGINE=InnoDB AUTO_INCREMENT=36 DEFAULT CHARSET=latin1;

-- Membuang data untuk tabel tgh.history: ~35 rows (lebih kurang)
/*!40000 ALTER TABLE `history` DISABLE KEYS */;
INSERT INTO `history` (`id`, `createdDate`, `createdBy`, `description`) VALUES
	(1, '2016-11-23 08:01:27', 'TRAVEL AGENT', 'SUPER ID from ASIA HOLIDAY INDRAGIRI - SURABAYA has change his/her password'),
	(2, '2016-11-23 08:03:06', 'TRAVEL AGENT', 'SUPER ID from ASIA HOLIDAY INDRAGIRI - SURABAYA has updated his/her travel agent account details'),
	(3, '2016-12-03 06:06:05', 'TRAVEL AGENT', 'SUPER ID from ASIA HOLIDAY KALONGAN - SURABAYA has change his/her password'),
	(4, '2016-12-03 06:06:41', 'TRAVEL AGENT', 'SUPER ID from ASIA HOLIDAY KALONGAN - SURABAYA has updated his/her travel agent account details'),
	(5, '2016-12-10 03:16:45', 'TRAVEL AGENT', 'SUPER ID from ANEKA KARTIKA TOUR AND TRAVEL has change his/her password'),
	(6, '2016-12-10 03:18:16', 'TRAVEL AGENT', 'SUPER ID from ANEKA KARTIKA TOUR AND TRAVEL has updated his/her travel agent account details'),
	(7, '2016-12-13 06:22:52', 'TRAVEL AGENT', 'SUPER ID from OKEGO TOUR TRAVEL has change his/her password'),
	(8, '2016-12-13 06:25:37', 'TRAVEL AGENT', 'SUPER ID from OKEGO TOUR TRAVEL has updated his/her travel agent account details'),
	(9, '2016-12-15 03:35:55', 'TRAVEL AGENT', 'SUPER ID from FIMA WISATA has change his/her password'),
	(10, '2016-12-27 04:50:54', 'TRAVEL AGENT', 'SUPER ID from VIZTAMAHA has change his/her password'),
	(11, '2016-12-27 05:01:06', 'TRAVEL AGENT', ' from VIZTAMAHA has updated his/her travel agent account details'),
	(12, '2017-01-04 02:19:53', 'TRAVEL AGENT', 'SUPER ID from GENTA TOURS SURABAYA BRANCH OFFICE has change his/her password'),
	(13, '2017-01-04 02:21:37', 'TRAVEL AGENT', 'SUPER ID from GT TOURS SURABAYA has updated his/her travel agent account details'),
	(14, '2017-01-04 07:28:57', 'TRAVEL AGENT', 'SUPER ID from DIEVAS GROUP has change his/her password'),
	(15, '2017-01-04 07:31:15', 'TRAVEL AGENT', 'YENI from DIEVAS GROUP has updated his/her travel agent account details'),
	(16, '2017-01-16 05:26:33', 'TRAVEL AGENT', 'SUPER ID from MASKO TOUR & TRAVEL has change his/her password'),
	(17, '2017-01-16 07:01:54', 'TRAVEL AGENT', 'SUPER ID from MASKO TOUR & TRAVEL has updated his/her travel agent account details'),
	(18, '2017-01-27 06:27:11', 'TRAVEL AGENT', 'SUPER ID from PT BIRO PERJALANAN WISATA MARY ELLEN has change his/her password'),
	(19, '2017-02-06 07:47:18', 'TRAVEL AGENT', 'SUPER ID from MANDIRI TRAVEL has change his/her password'),
	(20, '2017-02-06 07:53:47', 'TRAVEL AGENT', 'SUPER ID from MANDIRI TRAVEL has updated his/her travel agent account details'),
	(21, '2017-03-24 05:48:40', 'TRAVEL AGENT', 'SUPER ID from WISATA JAWA INDAH has change his/her password'),
	(22, '2017-03-24 05:50:00', 'TRAVEL AGENT', 'SUPER ID from WISATA JAWA INDAH has updated his/her travel agent account details'),
	(23, '2017-03-25 11:35:01', 'TRAVEL AGENT', 'HEGA from VENTURA TOUR & TRAVEL has updated his/her travel agent account details'),
	(24, '2017-03-25 11:57:23', 'TRAVEL AGENT', 'SUPER ID from VENTURA TOUR & TRAVEL has change his/her password'),
	(25, '2017-03-26 10:36:02', 'TRAVEL AGENT', 'SUPER ID from VIJAYA TOUR & TRAVEL has change his/her password'),
	(26, '2017-03-26 10:36:56', 'TRAVEL AGENT', 'SUPER ID from VIJAYA TOUR & TRAVEL has updated his/her travel agent account details'),
	(27, '2017-03-26 14:23:41', 'TRAVEL AGENT', 'SUPER ID from BIANGALALA TOUR & TRAVEL  has change his/her password'),
	(28, '2017-03-26 14:24:44', 'TRAVEL AGENT', 'SUPER ID from BIANGALALA TOUR & TRAVEL  has updated his/her travel agent account details'),
	(29, '2017-03-29 02:51:04', 'TRAVEL AGENT', 'SUPER ID from BEST TOUR has change his/her password'),
	(30, '2017-03-29 08:30:08', 'TRAVEL AGENT', 'SUPER ID from BEST TOUR has updated his/her travel agent account details'),
	(31, '2017-03-30 02:33:31', 'TRAVEL AGENT', 'SUPER ID from CELINDO TOUR & TRAVEL has change his/her password'),
	(32, '2017-03-30 02:34:27', 'TRAVEL AGENT', 'SUPER ID from CELINDO TOUR & TRAVEL has updated his/her travel agent account details'),
	(33, '2017-03-30 04:10:38', 'TRAVEL AGENT', 'SUPER ID from ADINDA TOUR has change his/her password'),
	(34, '2017-03-30 04:11:34', 'TRAVEL AGENT', 'SUPER ID from ADINDA TOUR has updated his/her travel agent account details'),
	(35, '2017-03-30 06:05:49', 'TRAVEL AGENT', 'SUPER ID from FIMA WISATA has updated his/her travel agent account details');
/*!40000 ALTER TABLE `history` ENABLE KEYS */;

-- membuang struktur untuk table tgh.ms_admin
CREATE TABLE IF NOT EXISTS `ms_admin` (
  `id` int(11) NOT NULL AUTO_INCREMENT,
  `userID` varchar(100) DEFAULT NULL,
  `password` varchar(100) DEFAULT NULL,
  `adminName` varchar(100) DEFAULT NULL,
  `position` varchar(100) DEFAULT NULL,
  `email` varchar(100) DEFAULT NULL,
  `mobile` varchar(100) DEFAULT NULL,
  `WA` varchar(100) DEFAULT NULL,
  `BBM` varchar(100) DEFAULT NULL,
  `flag` char(1) DEFAULT '1',
  PRIMARY KEY (`id`)
) ENGINE=InnoDB AUTO_INCREMENT=15 DEFAULT CHARSET=latin1;

-- Membuang data untuk tabel tgh.ms_admin: ~6 rows (lebih kurang)
/*!40000 ALTER TABLE `ms_admin` DISABLE KEYS */;
INSERT INTO `ms_admin` (`id`, `userID`, `password`, `adminName`, `position`, `email`, `mobile`, `WA`, `BBM`, `flag`) VALUES
	(1, 'riaabdul', '112233', 'RIA ABDUL', 'MANAGER', 'riaabdul76@gmail.com', '085607719219', '085607719219', '', '0'),
	(10, 'jefry', 'bayarsek', 'Jefry', 'STAFF', 'miftakhul@ymail.com', NULL, NULL, NULL, '0'),
	(11, 'oktavia', '777777', 'rosiana', 'STAFF', 'jefry_miftakhul@ymail.com', '08964523644', '08964523644', 'De35344', '0'),
	(12, 'testing', '333333', 'test', 'MANAGER', 'miftakhul_test@ymail.com', '', '', '', '0'),
	(13, 'testtttt', '666666', 'coba', 'STAFF', 'jefry_miftakhul@ymail.coms', '', '', '', '1'),
	(14, 'tsetttt', '444444', 'testing yaa', 'MANAGER', 'miftakhul@ymails.com', '', '', '', '0');
/*!40000 ALTER TABLE `ms_admin` ENABLE KEYS */;

-- membuang struktur untuk table tgh.ms_agent
CREATE TABLE IF NOT EXISTS `ms_agent` (
  `id` int(11) NOT NULL AUTO_INCREMENT,
  `userID` varchar(100) DEFAULT NULL,
  `agentName` varchar(100) DEFAULT NULL,
  `companyName` varchar(100) DEFAULT NULL,
  `address` varchar(100) DEFAULT NULL,
  `city` varchar(100) DEFAULT NULL,
  `zipcode` varchar(50) DEFAULT NULL,
  `country` varchar(100) DEFAULT NULL,
  `phone` varchar(100) DEFAULT NULL,
  `fax` varchar(100) DEFAULT NULL,
  `email` varchar(100) DEFAULT NULL,
  `priceLevel` varchar(100) DEFAULT NULL,
  `contactName` varchar(100) DEFAULT NULL,
  `contactPosition` varchar(100) DEFAULT NULL,
  `contactEmail` varchar(100) DEFAULT NULL,
  `contactMobile` varchar(100) DEFAULT NULL,
  `contactWA` varchar(100) DEFAULT NULL,
  `contactBBM` varchar(100) DEFAULT NULL,
  `isStatus` char(1) DEFAULT '0' COMMENT '0 Aktif/Active 1 Tidak/Inactive',
  `isProfile` char(1) DEFAULT '0' COMMENT '0 Off 1 On/Harus Ganti Data Profil',
  `isPassword` char(1) DEFAULT '0' COMMENT '0 Tidak direset 1 Harus di reset 123456',
  `flag` char(1) DEFAULT '0',
  PRIMARY KEY (`id`)
) ENGINE=InnoDB AUTO_INCREMENT=974 DEFAULT CHARSET=latin1;

-- Membuang data untuk tabel tgh.ms_agent: ~480 rows (lebih kurang)
/*!40000 ALTER TABLE `ms_agent` DISABLE KEYS */;
INSERT INTO `ms_agent` (`id`, `userID`, `agentName`, `companyName`, `address`, `city`, `zipcode`, `country`, `phone`, `fax`, `email`, `priceLevel`, `contactName`, `contactPosition`, `contactEmail`, `contactMobile`, `contactWA`, `contactBBM`, `isStatus`, `isProfile`, `isPassword`, `flag`) VALUES
	(483, 'ahindragiri', 'ASIA HOLIDAY INDRAGIRI - SURABAYA', 'ABC VACATION, PT', 'INDRAGIRI 12 - 18 A9', 'SURABAYA', '60241', 'INDONESIA', '+62315687887', '+62315613955', 'tour@asiaholidaytour.com', NULL, 'TBA', '', 'tour@asiaholidaytour.com', '', '', '', '0', '0', '0', '0'),
	(484, 'AHPRAMUKA', 'ASIA HOLIDAY PRAMUKA - JAKARTA', NULL, 'TBA', 'JAKARTA', '', 'INDONESIA', 'TBA', 'TBA', 'pramuka.jakarta@asiaholidaytour.com', NULL, 'TBA', '', 'tba', NULL, NULL, NULL, '0', '1', '1', '0'),
	(485, 'ASIANASUB', 'ASIANA TRAVEL', NULL, 'JL. GRIYA BABATAN MUKTI C-16,', 'SURABAYA', '60227', 'INDONESIA', '+6231 - 7525140', '+6231 - 7526319', 'asiana.lina@yahoo.com', NULL, 'LINA', '', 'asiana.holiday@yahoo.com', NULL, NULL, NULL, '0', '1', '1', '0'),
	(486, 'AHHRMUHAMMAD', 'ASIA HOLIDAY HR MUHAMMAD - SURABAYA', NULL, 'TBA', 'SURABAYA', '', 'INDONESIA', 'TBA', 'TBA', 'hrmuhammad.surabaya@asiaholidaytour.com', NULL, 'RONNY LITAN', '', 'tba', NULL, NULL, NULL, '0', '1', '1', '0'),
	(487, 'AHKELAPAGADING', 'ASIA HOLIDAY KELAPA GADING - JAKARTA', NULL, 'PERKANTORAN PLAZA PACIFIC A2/46, JL. BOULEVARD BARAT RAYA,\r\nKELAPA GADING', 'JAKARTA', '14240', 'INDONESIA', '(021) 3369-5050/5151', '(021) 4584-0476', ' kelapagading.jakarta@asiaholidaytour.com', NULL, 'TBA', '', 'lina@abcvacation.com', NULL, NULL, NULL, '0', '1', '1', '0'),
	(488, 'ahkalongan', 'ASIA HOLIDAY KALONGAN - SURABAYA', 'ASIA HOLIDAY KALONGAN', 'JL.TAMAN KALONGAN 10 SURABAYA', 'SURABAYA', '60175', 'INDONESIA', '031.3526461', '031.3550061', 'kalongan.surabaya@gmail.com', NULL, '+623170512991', '', 'asiaholidaykalongan@yahoo.com', '', '', '', '0', '0', '0', '0'),
	(489, 'TXBINTORO', 'TX BINTORO', NULL, 'TBA', 'SURABAYA', '', 'INDONESIA', 'tba', 'tba', 'tjandrasari@live.com', NULL, '', '', '', NULL, NULL, NULL, '0', '1', '1', '0'),
	(490, 'TXBLITAR', 'TX BLITAR', NULL, 'HASSANUDIN 18', 'BLITAR', '66133', 'INDONESIA', '+62342803199', '+62342801769', 'h3ny_kusuma@yahoo.co.id', NULL, 'HENNY', '', 'txblitar@yahoo.com', NULL, NULL, NULL, '0', '1', '1', '0'),
	(491, 'TXPERAK', 'TX PERAK', NULL, 'TBA', 'SURABAYA', '', 'INDONESIA', 'tba', 'tba', 'halim.perdana@hotmail.com', NULL, '', '', '', NULL, NULL, NULL, '0', '1', '1', '0'),
	(492, 'TXRUNGKUT', 'TX RUNGKUT', NULL, 'JEMUR ANDAYANI 71', 'SURABAYA', '', '', '8481199', 'tba', 'shenny@txtravel.co.id', NULL, 'SHENNY', '', 'txrungkutsub@yahoo.cm', NULL, NULL, NULL, '0', '1', '1', '0'),
	(493, 'TXKLAMPIS', 'TX KLAMPIS', NULL, 'KLAMPIS JAYA A6', 'SURABAYA', '', 'INDONESIA', '+62315941199', '+62315965680', 'khai_patria@yahoo.com', NULL, 'DONI SUYANTO', '', 'mm_spidey@yahoo.com', NULL, NULL, NULL, '0', '1', '1', '0'),
	(494, 'TXMULYOSARI', 'TX MULYOSARI', NULL, 'MULYOSARI 58', 'SURABAYA', '', 'INDONESIA', '+62315915199', '+62315937552', 'sensen_milan@hotmail.com', NULL, 'SEN-SEN', '', 'sensen_milan@hotmail.com', NULL, NULL, NULL, '0', '1', '1', '0'),
	(495, 'TXKEDIRI', 'TX KEDIRI', NULL, 'URIP SUMOHARJO 86', 'KEDIRI', '', '', '0354 698399', '0354 698499', 'lilikcayliani@yahoo.com', NULL, 'LILIK', '', 'txkediri@gmail.com', NULL, NULL, NULL, '0', '1', '1', '0'),
	(496, 'TXTP', 'TX TUNJUNGAN PLAZA', NULL, 'TBA', 'SURABAYA', '', 'INDONESIA', 'tba', 'tba', 'nobellena@hotmail.com', NULL, '', '', '', NULL, NULL, NULL, '0', '1', '1', '0'),
	(497, 'TXBGJUNCTION', 'TX  BG JUNCTION', NULL, 'BG JUNCTION MALL GROUND LEVEL D-17\r\nBUBUTAN 1-7\r\n', 'SURABAYA', '60174', 'INDONESIA', '+62315491199', '+62315313719', 'chennie_nyoo@yahoo.com.sg', NULL, 'CHENNIE', '', 'txbgjunction@ymail.com', NULL, NULL, NULL, '0', '1', '1', '0'),
	(498, 'TXSUNGKONO', 'TX SUNGKONO', NULL, 'TBA', 'SURABAYA', '', 'INDONESIA', 'tba', 'tba', 'jexsubcruise@gmail.com', NULL, 'SANDRA', '', 'sungkono@txtravel.co.id', NULL, NULL, NULL, '0', '1', '1', '0'),
	(499, 'masko', 'MASKO TOUR & TRAVEL', 'PT. MASKO MEGAH MULIA TRAVELINDO ', 'RUKO HR. MUHAMMAD SQUARE BLOK C-28', 'SURABAYA', '60226', 'INDONESIA', '+62317310839', '+62317310840', 'maskotour@indo.net.id', NULL, 'AGNES CHRISTINA GUI', '', 'maskoint@sby.dnet.net.id', '', '', '', '0', '0', '0', '0'),
	(500, 'ventura', 'VENTURA TOUR & TRAVEL', 'VENTURA TOUR & TRAVEL', 'RUKO RICH PALACE R-27, JL. MAYJEND SUNGKONO 151', 'SURABAYA', '60225', 'INDONESIA', '031-5666 871', '031-5666 872', 'info.sub@ventura-tour.com', NULL, 'TBA', 'TOUR DEPARTMENT', 'patriciash@ventura-tour.com', '', '', '', '0', '0', '0', '0'),
	(501, 'TXSUIDANG', 'TX SUIDANG MAKASSAR', NULL, 'TBA', 'UJUNG PANDANG', '', 'INDONESIA', 'tba', 'tba', 'ika@txtravel.co.id', NULL, 'TBA', '', 'tba', NULL, NULL, NULL, '0', '1', '1', '0'),
	(502, 'AHSOLO', 'ASIA HOLIDAY - GAJAHMADA SOLO', NULL, 'LOBBY ARCADE - SAHID HOTEL\r\nJL. GAJAHMADA 81', 'SURAKARTA', '', 'INDONESIA', '+62271 - ', '+6271 - ', 'gajahmada.solo@asiaholidaytour.com', NULL, 'SANTOSO', '', '', NULL, NULL, NULL, '0', '1', '1', '0'),
	(503, 'TXSUDIANG', 'TX TRAVEL SUDIANG - MAKASSAR', NULL, 'JLPERINTIS KEMERDEKAAN KM.16', 'UJUNG PANDANG', '90234', 'INDONESIA', '62411551299', '62411556426', 'ika@txtravel.co.id', NULL, 'TBA', '', 'tba', NULL, NULL, NULL, '0', '1', '1', '0'),
	(504, 'TXTULUNGAGUNG', 'TX TULUNGAGUNG', NULL, 'KH AGUS SALIM NO. 10 TULUNGAGUNG', 'TULUNGAGUNG', '66224', 'INDONESIA', '(0355 ) 329489 - 539', '(0355) 336700', 'wenny59@gmail.com', NULL, '+62 888 340 1047', '', 'tulungagung@txtravel.co.id', NULL, NULL, NULL, '0', '1', '1', '0'),
	(505, 'TXMALANG', 'TX MALANG', NULL, 'TBA', 'MALANG', '65116', 'INDONESIA', '+62341561199', '+62341581199', 'inneke@txtravel.co.id', NULL, 'INNEKE', '', 'malang@txtravel.co.id', NULL, NULL, NULL, '0', '1', '1', '0'),
	(506, 'TXITC', 'TX ITC MEGAMALL', NULL, 'JL. GEMBONG 20-30, LANTAI 1 BLOK D3A', 'SURABAYA', '', 'INDONESIA', '(031) 371 1199', 'tba', 'lisa9_txitc@yahoo.com', NULL, 'LISA', '', 'txitc@yahoo.com', NULL, NULL, NULL, '0', '1', '1', '0'),
	(507, 'AHDHARMAHUSADA', 'ASIA HOLIDAY DHARMAHUSADA - SURABAYA', NULL, 'MOESTOPO 115 G , RUKO PROPERTI 21', 'SURABAYA', '60285', 'INDONESIA', '0315981684', '0315981684', 'dharmahusada.surabaya@asiaholidaytour.com', NULL, 'HENRY MARSUDIANTO', '', 'asiaholiday_dhs@yahoo.co.id', NULL, NULL, NULL, '0', '1', '1', '0'),
	(508, 'TXPERINTIS', 'TX TRAVEL PERINTIS - MAKASSAR', NULL, 'TBA', 'UJUNG PANDANG', '', 'INDONESIA', 'TBA', 'TBA', 'perintis@txtravel.co.id', NULL, 'TBA', '', 'tba', NULL, NULL, NULL, '0', '1', '1', '0'),
	(509, 'TXSENTRAL', 'TX TRAVEL SENTRAL - MAKASSAR', NULL, 'JL. TIMOR NO. 131 ( SUDUT JL. IRIAN )', 'UJUNG PANDANG', '', 'INDONESIA', '04113619199', '04113622198', 'adm.central@txtravel.co.id / txcentral.tour@gmail.com', NULL, 'TBA', '', 'atjungadi@gmail.com', NULL, NULL, NULL, '0', '1', '1', '0'),
	(510, 'AHRUSA', 'ASIA HOLIDAY - RUSA, MAKASSAR', NULL, 'JL. RUSA 15', 'UJUNG PANDANG', '', 'INDONESIA', '+62411 - 858 999', '+62411 - 830 909', 'rusa.makassar@asiaholidaytour.com, yanty@asiaholidaytour.com', NULL, 'YANTY SUMAWI', '', '', NULL, NULL, NULL, '0', '1', '1', '0'),
	(511, 'AGUSTOUR', 'AGUS TOUR & TRAVEL', NULL, 'TBA', 'MAKASSAR', '', 'INDONESIA', 'TBA', 'TBA', 'agus_tourtravel1@ymail.com', NULL, 'TBA', '', 'tba', NULL, NULL, NULL, '0', '1', '1', '0'),
	(512, 'NATATOUR', 'NATA TOUR & TRAVEL', NULL, 'JL. G. LATIMOJONG KOMP. PELITA MARGA MAS BLOK A/8', 'UJUNG PANDANG', '90157', 'INDONESIA', '0411 - 3634335', '0411 - 3631358', 'nata_tours_trvl@yahoo.com', NULL, 'TBA', '', 'nata.tours.trvl@gmail.com', NULL, NULL, NULL, '0', '1', '1', '0'),
	(513, 'TXPONDOKC', 'TX - PONDOK CHANDRA', NULL, 'SURABAYA', 'SURABAYA', '', 'INDONESIA', '-', '-', 'wunanhan@hotmail.com', NULL, 'WUNANHAN@HOTMAIL.COM', '', 'yohan agustiono', NULL, NULL, NULL, '0', '1', '1', '0'),
	(514, 'NATATX', 'NATA - TXTRAVEL JAKARTA ', NULL, '-', 'JAKARTA', '', 'INDONESIA', '-', '-', 'nata.txtravel@gmail.com', NULL, 'NATA.TXTRAVEL@GMAIL.COM', '', 'natalia', NULL, NULL, NULL, '0', '1', '1', '0'),
	(515, 'AHKOLONELATMO', 'ASIA HOLIDAY PALEMBANG', NULL, 'JL. KOLONEL ATMO NO. 72', 'PALEMBANG', '', 'INDONESIA', '+62711356185 ', '+62711351813 ', 'kolonelatmo.palembang@gmail.com ', NULL, 'CHRISTIAN WAHYUDI ', '', 'putra_remaja@ymail.com', NULL, NULL, NULL, '0', '1', '1', '0'),
	(516, 'ANGKASARIA', 'ANGKASARIA ', NULL, 'TBA', 'SURABAYA', '', 'INDONESIA', 'TBA', 'TBA', 'angkasa_ria@yahoo.com', NULL, 'TBA', '', 'tba', NULL, NULL, NULL, '0', '1', '1', '0'),
	(517, 'vijayasub', 'VIJAYA TOUR & TRAVEL', 'VIJAYA TOUR', 'AMBENGAN PLAZA B - 22 JL. NGEMPLAK 30', 'SURABAYA', '60272', 'INDONESIA', '+6231 - 5460000', '+6231 - 5316870', 'tour@vijayasub.com', NULL, 'TOUR  ANGELA / TICKET VONNY', '', 'ticketing@vijayasub.com', '', '', '', '0', '0', '0', '0'),
	(518, 'BLUEOCEANSUB', 'BLUE OCEAN TOUR & TRAVEL', NULL, 'JL. MANYAR KERTOARJO NO. 33-E , SURABAYA', 'SURABAYA', '60285', 'INDONESIA', '031-5992030', '031-5992030', 'rosiana@blueoceantours.com', NULL, 'AMELIA', '', 'tours2@blueoceantours', NULL, NULL, NULL, '0', '1', '1', '0'),
	(519, 'SUNTOURSUB', 'SUN TOUR', NULL, 'JL.KLAMPIS JAYA RUKO 88, NO 31 M', 'SURABAYA', '60117', 'INDONESIA', '031 595 6000', '031 595 7000', 'suntour@suntour-travel.com', NULL, 'ANDREW YANWINTARKO', '', 'yongky@suntour-travel.com', NULL, NULL, NULL, '0', '1', '1', '0'),
	(520, 'TXPOCHAN', 'TX TRAVEL PONDOK CHANDRA', NULL, 'JL. WADUNG ASRI NO 1', 'SIDOARJO', '', 'INDONESIA', '0318661199', '0318683988', 'txsubpochan@hotmail.com', NULL, 'YOHAN', '', 'tba', NULL, NULL, NULL, '0', '1', '1', '0'),
	(521, 'TXMARGOREJO', 'TX TRAVEL MARGOREJO', NULL, 'GIANT MASPION SQUARE LT.02\r\nJL. AHMAD YANI 73\r\n\r\n', 'SURABAYA', '', 'INDONESIA', '031-8491199', '031-8416939', 'txmargorejo@txtravel.co.id', NULL, 'EVA AGUSTINI', '', 'margorejo@txtravel.co.id', NULL, NULL, NULL, '0', '1', '1', '0'),
	(522, 'TXSOLO', 'TX TOUR & TRAVEL SOLO', NULL, 'SOLO', 'SOLO', '', 'INDONESIA', '-', '-', '-', NULL, '-', '', '-', NULL, NULL, NULL, '0', '1', '1', '0'),
	(523, 'TXWAIKABUBAK', 'TX WAIKABUBAK', NULL, 'WAIKABUBAK,', 'WAIKABUBAK', '', 'INDONESIA', '', '', 'waikabubak@txtravel.com', NULL, '', '', '', NULL, NULL, NULL, '0', '1', '1', '0'),
	(524, 'GOHOLIDAY', 'GO HOLIDAY TOUR & TICKETING', NULL, 'JL DAHA NO 9 ', 'MAGELANG', '56122', 'INDONESIA', '0293-5519900', '0293-368600', 'goholiday.cs@gmail.com', NULL, 'CINDY / WWW.GOHOLIDAY-TOUR.COM', '', 'tba', NULL, NULL, NULL, '0', '1', '1', '0'),
	(525, 'TXSRONDOL', 'TXSRONDOL', NULL, 'SEMARANG', 'SEMARANG', '', 'INDONESIA', '031', '', 'andi@txtravel.co.id', NULL, '', '', '', NULL, NULL, NULL, '0', '1', '1', '0'),
	(526, 'ELDEEF', 'ELDEEF HOLIDAY TOUR & TRAVEL', NULL, 'JL. PENDIDIKAN I, BLOK A NO 6\r\nPERUMAHAN GRAHA KERTHI - SIDAKARYA - SESETAN\r\nDENPASAR - BALI', 'DENPASAR', '80224', 'INDONESIA', '0361 722792', '0361 728741', 'hotel@eldeef-holiday.com', NULL, 'PANTO WINARTO', '', 'panto@@eldeef-holiday.com', NULL, NULL, NULL, '0', '1', '1', '0'),
	(527, 'JETASIA', 'JETASIA TOUR & TRAVEL SDN BHD', NULL, 'TBA', 'KUALA LUMPUR', 'TBA', 'MALAYSIA', 'TBA', 'TBA', 'tba', NULL, '', 'TBA', 'tan kok hong', NULL, NULL, NULL, '0', '1', '1', '0'),
	(528, 'SUBORANJE', 'ORANJE TOURS', NULL, 'JEMURSARI UTARA 2/8A', 'SURABAYA', '60237', 'INDONESIA', '+62318475627', '+62318416187', 'johnykatili@yahoo.com', NULL, 'JOHNY KATILI', '', 'oranjetravel@yahoo.co.id', NULL, NULL, NULL, '0', '1', '1', '0'),
	(529, 'ELVITATOUR', 'ELVITA TOUR & TRAVEL', NULL, 'TBA', 'SURABAYA', 'TBA', 'INDONESIA', 'TBA', 'TBA', 'tba', NULL, '', '', 'tba', NULL, NULL, NULL, '0', '1', '1', '0'),
	(530, 'I2USUB', 'I2U TOUR & TRAVEL', NULL, 'DIPONEGORO 19E', 'SURABAYA', '-', 'INDONESIA', '031-5688001', '031-5634301', 'outbound_i2u@yahoo.com', NULL, '', '', 'charles / mike', NULL, NULL, NULL, '0', '1', '1', '0'),
	(531, 'VRGSUB', 'VRG TOUR & TRAVEL SURABAYA', NULL, 'DUKUH KUPANG TIMUR XX-54', 'SURABAYA', '60256', 'INDONESIA', '031-5619036', '031-5619036', 'vrgtravel@gmail.com', NULL, 'EMANUEL', '', 'vintech007@gmail.com', NULL, NULL, NULL, '0', '1', '1', '0'),
	(532, 'AYOWISATA', 'AYO WISATA TOUR & TRAVEL', NULL, 'TBA', 'JAKARTA', 'tba', 'INDONESIA', 'tba', 'tba', 'tba', NULL, '', '', 'osean ', NULL, NULL, NULL, '0', '1', '1', '0'),
	(533, 'MAPANGET', 'MAPANGET TOUR & TRAVEL', NULL, 'TBA', 'MANADO', 'tba', 'INDONESIA', 'tba', 'tba', 'tba', NULL, '', '', 'ebby', NULL, NULL, NULL, '0', '1', '1', '0'),
	(534, 'UNITY ', 'PT.UNITY TOUR & TRAVEL', NULL, 'JL. HR MUHAMMAD ', 'SURABAYA', '60226', 'INDONESIA', '031 7348655', '031 7348859', 'unitysby@yahoo.co.id', NULL, 'OPHIE', '', 'unitysby@gmail.com', NULL, NULL, NULL, '0', '1', '1', '0'),
	(535, 'MOSA', 'MOSA PROMOSINDO ', NULL, 'JL. ARGA KELUD BLOK A2 NO 19', 'CILEGON', '-', 'INDONESIA', '081513230937, 087774', '+62254 - 5744547', 'lianasubandi@yahoo.com', NULL, '', '', 'liana subandi (owner)', NULL, NULL, NULL, '0', '1', '1', '0'),
	(536, 'TXFLOBA', 'TX FLOBA MORA - KUPANG', NULL, 'FLOBAMORA MALL LT-1\r\nWJ LALAMENTIK ', 'KUPANG', '85111', 'INDONESIA', '0380-840336', '0380-840334', 'cung_qeva@hotmail.com', NULL, 'IKI', '', 'leo_iki@yahoo.com', NULL, NULL, NULL, '0', '1', '1', '0'),
	(537, 'SINERGISUB', 'SINERGI TOUR & TRAVEL ', NULL, 'AREA PERKANTORAN HOTEL SINGGASANA JL. GUNUNGSARI SURABAYA', 'SURABAYA', '', '', '031-5623269/5613882', '0315623269', 'sinergistours@yahoo.co.id', NULL, '', '', 'eva', NULL, NULL, NULL, '0', '1', '1', '0'),
	(538, 'BUANASUB', 'BUANA STARS TOUR & TRAVEL ', NULL, 'RAYA MULYOSARI PFF-78F', 'SURABAYA', '60112', 'INDONESIA', '+62315991300', '+62315991300', 'buanastars@gmail.com', NULL, 'RENNY', '', 'rennylaismanna@yahoo', NULL, NULL, NULL, '0', '1', '1', '0'),
	(539, 'TXWAINGAPU', 'TX TRAVEL WAINGAPU', NULL, 'BERINGIN 12', 'WAINGAPU', '87113', 'INDONESIA', '+6238761534', '+6238761531', 'susyaryani@yahoo.com', NULL, 'SUSY', '', 'manfred@txtravel.co.id', NULL, NULL, NULL, '0', '1', '1', '0'),
	(540, 'BALICHARAJAN', 'BALI CHARAJAN TOUR & TRAVEL', NULL, 'PERTOKOAN KERTHAWIJAYA BLOCK C6\r\nJALAN DIPONEGORO 98', 'DENPASAR', '80113', 'INDONESIA', '+62361227156', '+62361227157', 'balicharajantour@indosat.net.id', NULL, '', '', 'hotel_tour.balicharajantour@yahoo.com', NULL, NULL, NULL, '0', '1', '1', '0'),
	(541, 'celindosub', 'CELINDO TOUR & TRAVEL', 'CELINDO TOUR & TRAVEL', 'JL. DINOYO 40', 'SURABAYA', '60265', 'INDONESIA', '+62-31-5633800', '+62-31-5633600', 'tasya@celindotour.com', NULL, '+62817326511', '', 'info@celindotour.com', '', '', '', '0', '0', '0', '0'),
	(542, 'TXCIREBON', 'TX TRAVEL CIREBON', NULL, 'JL. KARANGGETAS D17 NO. 64', 'CIREBON', '45100', 'INDONESIA', '+62231221199', '+62231233124', 'txtravelcirebon.yohan@gmail.com', NULL, 'YOHAN KAMADJAJA', '', '', NULL, NULL, NULL, '0', '1', '1', '0'),
	(543, 'TXMANGGADUA', 'TX MANGGA DUA JAKARTA', NULL, 'ITC MANGGA DUA LT-5 BLOK A. 78', 'JAKARTA', '14430', 'INDONESIA', '+622162300199', '+62216125187', 'txmanggadua@gmail.com', NULL, '', '', 'vina', NULL, NULL, NULL, '0', '1', '1', '0'),
	(544, 'PANORAMASUB', 'PANORAMA TOUR & TRAVEL SURABAYA', NULL, 'RAYA GUBENG 52', 'SURABAYA', '60281', 'INDONESIA', '+62315011788', '+62315011799', 'surabaya@panorama-tours.com', NULL, '', '', 'anne herusaputro', NULL, NULL, NULL, '0', '1', '1', '0'),
	(545, 'PELITASUB', 'PELITA MAS WISATA LCTT INTERNATIONAL', NULL, 'JL. SIWALANKERTO TIMUR II/8A', 'SURABAYA', '60236', 'INDONESIA', '+623170066216', '+62318497357', 'tlowcost@yahoo.com', NULL, 'IRFAN', '', 'pelitamaswisata@gmail.com', NULL, NULL, NULL, '0', '1', '1', '0'),
	(546, 'EAZYSUB', 'EAZY HOLIDAY TOUR', NULL, 'JL.SIAGA 17, RUKO SEMUT MEGAH C-12', 'SURABAYA', '60161', 'INDONESIA', '+6231 3535094', '+6231 3553120', 'eazy.tour@yahoo.com', NULL, 'LILYANA', '', 'sales2@eazyholidaytour.com', NULL, NULL, NULL, '0', '1', '1', '0'),
	(547, 'BANGUNWISATA', 'BANGUN WISATA, PT', NULL, 'JL. JAMBI 31', 'SURABAYA', '602250', 'INDONESIA', '+6231 5662080', '+6231 5618411', 'bangun_wisata@yahoo.com', NULL, '+6285231337065', '', 'lia', NULL, NULL, NULL, '0', '1', '1', '0'),
	(548, 'TXTEGAL', 'TX TEGAL', NULL, 'KOLONEL SUGIONO 155', 'TEGAL', '52114', 'INDONESIA', '+62283340799', '+62283340744', 'txtegal@gmail.com', NULL, '', '', 'ferry wisnugroho', NULL, NULL, NULL, '0', '1', '1', '0'),
	(549, 'TXSUKABUMI', 'TX TRAVEL SUKABUMI', NULL, 'JL. A. YANI 230', 'SUKABUMI', '-', 'INDONESIA', '+62266218568', '+62266236043', 'txsukabumi@hotmail.com', NULL, '', '', 'lilyana t', NULL, NULL, NULL, '0', '1', '1', '0'),
	(550, 'TRSUB', 'TR TRAVEL', NULL, 'DUKUH KUPANG XXV/32', 'SURABAYA', '-', 'INDONESIA', '+623171585484', '+623171585484', 'thea_ssr@yahoo.com', NULL, '', '', 'thea ramli', NULL, NULL, NULL, '0', '1', '1', '0'),
	(551, 'HORASMES', 'HORASINDO WISATANUSA, PT', NULL, 'KH WAHID HASYIM 100/25', 'MEDAN', '20159', 'INDONESIA', '+62614159965', '+62614159958', 'hotel-2@horas-tours.com', NULL, '', '', 'lisa, ms', NULL, NULL, NULL, '0', '1', '1', '0'),
	(552, 'SILVIASUB', 'SILVIA TOUR & TRAVEL', NULL, 'GRAHA NAWATA JL. KENDANGSARI 70 SURABAYA', 'SURABAYA', '601117', 'INDONESIA', '+62318412699', '+62318417030', 'dedy_rosidi@yahoo.com; febriantirayi@yahoo.com', NULL, 'DEDY ROSIDI', '', 'silvia.tour@yahoo.co.id', NULL, NULL, NULL, '0', '1', '1', '0'),
	(553, 'TXSUDIRMANCGK', 'TX TRAVEL SUDIRMAN JAKARTA', NULL, 'INDOFOOD TOWER LT. B1, SUITE 02\r\nJL. JEND. SUDIRMAN KAV. 76-78', 'JAKARTA', '12910', 'INDONESIA', '+622157936989', '+622157936988', 'txsudirmanplaza@gmail.com', NULL, '', '', 'nora, ms', NULL, NULL, NULL, '0', '1', '1', '0'),
	(554, 'PESONATKG', 'CV.PESONA REZEKIPLUS (MULTIPLUS LAMPUNG TRAVEL)', NULL, 'JL. KARTINI NO.48/54. TANJUNG KARANG PUSAT. BANDAR LAMPUNG', 'LAMPUNG', '35116', 'INDONESIA', '+62721261788', '+62721261852', 'veritahenny@gmail.com', NULL, 'HENNY VERITA', '', 'multipluslampung@gmail.com', NULL, NULL, NULL, '0', '1', '1', '0'),
	(555, 'CELEBRITIESSUB', 'CELEBRITIES TOUR & TRAVEL', NULL, 'JL. BARATA JAYA 19 NO.26, SURABAYA - INDONESIA', 'SURABAYA', '-', 'INDONESIA', '6231-5014545', '6231-5057466', 'tedjo@celebritiestravel.com', NULL, 'TEDJO', '', '', NULL, NULL, NULL, '0', '1', '1', '0'),
	(556, 'ANGGASORA', 'PT.ANGGASORA MANDIRI TOUR & TRAVEL', NULL, 'KL.JEND SUDIRMAN RT.40 NO.27 ', 'LAMPUNG', '76114', 'INDONESIA', '62542765808', '62542765804', 'anggasora@yahoo,com', NULL, '', '', 'h.suyadi mp se,mba', NULL, NULL, NULL, '0', '1', '1', '0'),
	(557, 'CHELSEA', 'CHELSEA EXPRESS TOUR & TRAVEL', NULL, 'JL. LEBAHN INDAH ASRI II/9', 'SURABAYA', '60142', 'INDONESIA', '+62313892481', '', 'chellain168@gmail.com', NULL, '', '', 'iin', NULL, NULL, NULL, '0', '1', '1', '0'),
	(558, 'ANGKASAPROB', 'ANGKASAPROB', NULL, 'JL. MAWAR NO.48 PROBOLINGGO', 'PROBOLINGGO', '67219', 'INDONESIA', '+628335427966', '+628335420111', 'angkasawisata@yahoo.com', NULL, 'NIKEN', '', 'niken', NULL, NULL, NULL, '0', '1', '1', '0'),
	(559, 'BPCSUB', 'BPC TOURISM', NULL, '-', 'SURABAYA', '-', 'INDONESIA', '-', '-', 'bpctourism@yahoo.com', NULL, 'TEDJO, MR', '', '', NULL, NULL, NULL, '0', '1', '1', '0'),
	(560, 'FENDYKALTIM', 'FENDY ENTERPRISES', NULL, 'JL. YOS SUDARSO NO.38', 'TARAKAN', '77113', 'INDONESIA', '+628125400388', '', 'effendy_gunardi@yahoo.com', NULL, '', '', 'fendy', NULL, NULL, NULL, '0', '1', '1', '0'),
	(561, 'TRAVELINDO', 'PT TRAVELINDO EXCELLENT', NULL, 'S. WERA NO 2', 'PALU', '94222', 'INDONESIA', '+62451455199', '+62451454272', 'biyping@gmail.com', NULL, '', '', 'imelda', NULL, NULL, NULL, '0', '1', '1', '0'),
	(562, 'KAWANTOUR', 'KAWAN TOUR', NULL, 'JL.NGAGEL JAYA SELATAN F-5', 'SURABAYA', '60284', 'INDONESIA', '62315036949', '62315036940', 'tour@kawantour.com', NULL, 'BUDI MULYO HALIM', '', 'tirta / halim', NULL, NULL, NULL, '0', '1', '1', '0'),
	(563, 'THETRAVELJEMURSARI', 'THETRAVEL JEMURSARI ', NULL, 'JL. RAYA JEMURSARI 252 G', 'SURABAYA', '60237', 'INDONESIA', '62318498555', '62318497525', 'jemursari@thetravel.co.id', NULL, '', '', 'manda / novi', NULL, NULL, NULL, '0', '1', '1', '0'),
	(564, '7WORLD', 'SEVEN WORLD TOUR & TRAVEL', NULL, 'RUKO GOLDEN PALACE E-18\r\nJL. HR MUHAMMAD 373-383', 'SURABAYA', '60226', 'INDONESIA', '031722501', '0317322504', 'info@sevenworldtours.com', NULL, 'FIFI & ANISA', '', 'tour1@sevenworldtours.com', NULL, NULL, NULL, '0', '1', '1', '0'),
	(565, 'AIRPLAY', 'AIRPLAY TOURS & TRAVEL', NULL, 'JL. KARTINI 1A', 'SIDOARJO', '61218', 'INDONESIA', '0318069147', '0318053987', 'airplaytour@yahoo.com', NULL, 'KRISTIAN', '', 'kristianpraba@yahoo.com', NULL, NULL, NULL, '0', '1', '1', '0'),
	(566, 'KAJASUB', 'PT. KARUNIA JAYA ANGKASA TOUR & TRAVEL', NULL, 'JL. NGAGEL MADYA 51', 'SURABAYA', 'TBA', 'INDONESIA', '0315311182', '0315010175', 'kajatour@yahoo.com', NULL, 'LEON MARCEL MAHULETE & SUSANE TIEN', '', 'leonkajatour@yahoo.com', NULL, NULL, NULL, '0', '1', '1', '0'),
	(567, 'GRANDIXSUB', 'MMBC GRANDIX TOUR & TRAVEL', NULL, 'KOMPLEKS PENGAMPON SQUARE BLOK G - 1 SURABAYA\r\n', 'SURABAYA', '60161', 'INDONESIA', '031 3531102; 3531107', '+62313531107', 'mmbc_grandix2@yahoo.com', NULL, 'FELIX', '', 'mmbc_grandix1@yahoo.com', NULL, NULL, NULL, '0', '1', '1', '0'),
	(568, 'WALISONGO', 'WALISONGO TRAVEL', NULL, 'KH MANSYUR 133', 'SURABAYA', '', 'INDONESIA', '+6231 3537670', '+6231 3537859', 'fa_travel@yahoo.co.id', NULL, '', '', 'farid', NULL, NULL, NULL, '0', '1', '1', '0'),
	(569, 'ADHIKASUB', 'ADHIKA TRAVEL', NULL, 'BILITON 38', 'SURABAYA', '60281', 'INDONESIA', '031 5055022', '031 5055011', 'reservation@adhikatravel.com', NULL, '', '', 'wing kin', NULL, NULL, NULL, '0', '1', '1', '0'),
	(570, 'LINUSMDC', 'PT. LINUS SEJAHTERA TOUR & TRAVEL', NULL, 'JL. WOLTER MONGINSIDI KOMP.BAHU MALL BLOK N-02\r\n', 'MANADO', '95115', 'INDONESIA', '+62431 865111', '+62431 862678', 'linus_sejahtera@yahoo.com', NULL, '', '', 'meilyn manusama', NULL, NULL, NULL, '0', '1', '1', '0'),
	(571, 'IWATAPJ', 'IWATA PANJANG JIWO TOURS & TRAVEL', NULL, 'RUKO PANJI MAKMUR BLOK A-7\r\nJL. RAYA PANJANG JIWO NO. 46-48\r\n', 'SURABAYA', '60299', 'INDONESIA', '+62318419555', '+62318416923', 'ydftravel@yahoo.com', NULL, 'SHANDY', '', 'shandy.mr@hotmail.com', NULL, NULL, NULL, '0', '1', '1', '0'),
	(572, 'ME2YOU', 'ME TO YOU HOLIDAY', NULL, 'RUKO VILLA BUKIT MAS BLOK RO-11\r\n', 'SURABAYA', '60225', 'INDONESIA', '+62315680770', '+62315610516', 'metoyou_holiday@hotmail.com', NULL, '+6281703450777', '', 'feny marliahadi', NULL, NULL, NULL, '0', '1', '1', '0'),
	(573, 'BUNDAWISATA', 'BUNDAWISATA TOURS', NULL, 'JL. SUMENEP NO. 38 ANTAPANI \r\n', 'BANDUNG', '40291', 'INDONESIA', '+62227106283', '+62227106283', 'bunda.tour@yahoo.com', NULL, '', '', 'putty', NULL, NULL, NULL, '0', '1', '1', '0'),
	(574, 'TXGRESIK', 'TX GRESIK', NULL, 'JL. PANGLIMA SUDIRMAN NO. 8C', 'GRESIK', '61110', 'INDONESIA', '62313971199', '62313986803', 'gresik@txtravel.co.id', NULL, 'JINNY RATNA', '', 'jinny@txtravel.co.id', NULL, NULL, NULL, '0', '1', '1', '0'),
	(575, 'CAREFREE', 'PT CAREFREE BALI HOLIDAYS', NULL, 'JL. SINGOSARI NO. 81, KUTA\r\n', 'DENPASAR', '80361', 'INDONESIA', '+62361751140', '+62361754839', 'salesmgr@carefreebaliholidays.com', NULL, '', '', 'putu arisudhiana (arie)', NULL, NULL, NULL, '0', '1', '1', '0'),
	(576, 'STARGLOBAL', 'STAR GLOBAL TOURS AND ADVENTURES', NULL, 'KLAMPIS ANOM NO 19\r\n', 'SURABAYA', '60117', 'INDONESIA', '+6231 5946363', '+62315927823', 'starglobaltours@ymail.com', NULL, '', '', 'ms. yu lan prana', NULL, NULL, NULL, '0', '1', '1', '0'),
	(577, 'TXWTCCGK', 'TX TRAVEL WTC', NULL, 'MALL WTC MATAHARI LT. DASAR G-109\r\nJL. RAYA SERPONG NO. 39 \r\n', 'JAKARTA', '15326', 'INDONESIA', '+622153155099', '+622153155079', 'wtc@txtravel.co.id', NULL, '', '', 'synthia junaldy', NULL, NULL, NULL, '0', '1', '1', '0'),
	(578, 'TXJOGJA', 'TX TRAVEL JOGJA', NULL, 'TBA', 'YOGYAKARTA', 'tba', 'INDONESIA', 'tba', 'tba', 'txjogja@yahoo.com', NULL, '', '', 'ongky', NULL, NULL, NULL, '0', '1', '1', '0'),
	(579, 'TIRTABTH', 'PT. TIRTA TOUR & TRAVEL', NULL, 'KOMP NAGOYA HILL LT DASAR BLOK 8 NO 1\r\n', 'BATAM', '25400', 'INDONESIA', '+628163664707', '+627787493845', 'tirtacom@yahoo.co.id ', NULL, '', '', 'tirta', NULL, NULL, NULL, '0', '1', '1', '0'),
	(580, 'TXSARINAH', 'TX TRAVEL - SARINAH CGK', NULL, 'GD PODIUM SARINAH LT-2\r\nJL. MH THAMRIN 11', 'JAKARTA', '10350', 'INDONESIA', '+62213910199', '+62213903544', 'sarinah@txtravel.co.id', NULL, 'ADJI', '', 'sarinah.acc@gmail.co', NULL, NULL, NULL, '0', '1', '1', '0'),
	(581, 'SUPRACGK', 'PT SUPRA NUSA KENCANA TRAVEL', NULL, 'GD GRAHA ATIKA LT.2\r\nJL. BUNCIT RAYA NO. 7', 'JAKARTA', '', 'INDONESIA', '+62217946463', '+6279198611', 'supra_tours@yahoo.co.id', NULL, 'IKHSAN', '', 'supra.tours@gmail.com', NULL, NULL, NULL, '0', '1', '1', '0'),
	(582, 'GEOTRVLMKS', 'PT.GEO TRAVEL', NULL, 'JL. URIP SUMOHARJO 26B\r\nPANAIKANG \r\n', 'UJUNG PANDANG', '90231', 'INDONESIA', '+62411448013/4112342', '+62411448013', 'ferdykt@yahoo.com', NULL, 'MONA VERONICA TIRTARAHARDJA', '', 'monalim@yahoo.com', NULL, NULL, NULL, '0', '1', '1', '0'),
	(583, 'AKDIRASASUB', 'AKDIRASA TOUR AND TRAVEL', NULL, 'JL. RUNGKUT KIDUL INDUSTRI NO.7', 'SURABAYA', '-', 'INDONESIA', '+6231-8420855', '+6231-8434157', 'akdirasa_travel@yahoo.co.id', NULL, '', '', '', NULL, NULL, NULL, '0', '1', '1', '0'),
	(584, 'TXRAWAMANGUN', 'TX TRAVEL RAWAMANGUN', NULL, 'JL. BALAI PUSTAKA TIMUR NO. 7 - RAWAMANGUN', 'JAKARTA', '13220', 'INDONESIA', '+6221-4759199', '+6221-47882512', 'rawamangun@txtravel.co.id', NULL, '', '', 'diana loekabino', NULL, NULL, NULL, '0', '1', '1', '0'),
	(585, 'TXBARBASARIJOG', 'TX TRAVEL BARBASARI', NULL, 'BABARSARI BLOK PJKA NO. 4\r\n', 'YOGYAKARTA', '55821', 'INDONESIA', '+62274487099', '+62274489330', 'dana.txbabarsari@gmail.com', NULL, '', '', 'dana rasyid', NULL, NULL, NULL, '0', '1', '1', '0'),
	(586, 'ALEXTOURMDC', 'PT. ALEXANDER DINAMIKA TOUR & TRAVEL (ALEX TOUR)', NULL, 'JLN. PIERE TENDEAN NO. 98', 'MANADO', '95122', 'INDONESIA', '+62431868800, +62431', '+62431852411', 'alextour@telkom.net', NULL, 'FREDY ALEXANDER WALANDOW', '', 'fredy_walandow@yahoo.com', NULL, NULL, NULL, '0', '1', '1', '0'),
	(587, 'DINASTYSUB', 'DINASTY TOUR & TRAVEL', NULL, 'JL. AHMAD YANI 88\r\n(GEDUNG GRAHA PENA LT-8, NO. 805)', 'SURABAYA', '-', 'INDONESIA', '+62318280549', '+62318280549', 'ms.meggiee@yahoo.com', NULL, 'MEGIZSA', '', 'dinastytwo@yahoo.co.id', NULL, NULL, NULL, '0', '1', '1', '0'),
	(588, 'TXBOEBAT', 'TX TRAVEL BOEBAT ', NULL, 'JL. BUAHBATU NO.244', 'BANDUNG', '40265', 'INDONESIA', '+62227321689', '+622270625689', 'boebat@txtravel.co.id', NULL, '', '', 'elice / syahdui / indri', NULL, NULL, NULL, '0', '1', '1', '0'),
	(589, 'AGHNIA', 'AGHNIA RIZKY UTAMA TOURS & TRAVEL1', NULL, 'UG FLOOR BLOCK H7 \r\nBANDUNG E-TRONICAL MALL, \r\nJL NARIPAN NO 89', 'BANDUNG', '', 'INDONESIA', '+622261680836', '', 'asadmoko@yahoo.com, aghniatours@yahoo.co', NULL, 'AGUS SADMOKO', '', '', NULL, NULL, NULL, '0', '1', '1', '0'),
	(590, 'TXMADIUN', 'TX TRAVEL MADIUN', NULL, 'JL PAHLAWAN 99', 'MADIUN', '63133', 'INDONESIA', '+62351496003', '+62351495655', 'madiun@txtravel.co.id', NULL, '', '', 'tyas', NULL, NULL, NULL, '0', '1', '1', '0'),
	(591, 'INDOHOLIDAY', 'INDO HOLIDAY TRAVEL', NULL, 'DUPAK GROSIR LT 2 BLOK D2 NO 32', 'SURABAYA', '60189', 'INDONESIA', '+623170577686', '+623151164343', 'indoholiday@yahoo.com', NULL, 'SUSIANA', '', 'indoholiday2@gmail.com', NULL, NULL, NULL, '0', '1', '1', '0'),
	(592, 'MMTOUR', 'MM TOUR & TRAVEL', NULL, 'PERUMAHAN TAMAN BANJAR WIJAYA BLOK B1 NO 58', 'TANGERANG', '15141', 'INDONESIA', '+6282-7032521', '+62855701648', 'effie_as@yahoo.co.id', NULL, 'EFFIE  AS', '', 'effie adi sudjono', NULL, NULL, NULL, '0', '1', '1', '0'),
	(593, 'BALICRUISERS', 'BALI CRUISERS', NULL, 'KEDUNGDORO 74 - BLOK B NO 30', 'SURABAYA', 'tba', 'INDONESIA', '+6231-5329950', '+6231-5318525', 'salezbalicruisers@yahoo.com', NULL, 'WIDYATI', '', 'infobalicruiserstour@yahoo.com', NULL, NULL, NULL, '0', '1', '1', '0'),
	(594, 'MENARAMAS', 'MENARAMAS TOUR', NULL, 'JL. NGAGEL JAYA SELATAN 143 II', 'SURABAYA', '-', 'INDONESIA', '+6231-5011188', '+6231-5049750', 'menaramas_tour@yahoo.com', NULL, '', '', 'anita', NULL, NULL, NULL, '0', '1', '1', '0'),
	(595, 'GRANDESUB', 'GRANDE TOUR & TRAVEL', NULL, 'JL. SEMOLOWARU UTARA 1 / 153', 'SURABAYA', '60119', 'INDONESIA', '+6231-5995610', '+6231-5995617', 'sales@grandetourtravel.com', NULL, '', '', 'verawaty', NULL, NULL, NULL, '0', '1', '1', '0'),
	(596, 'INDOMULTI', 'INDOMULTIMEDIA (JALANJALAN)', NULL, 'JL. BUNCIT RAYA KAV.31-33', 'JAKARTA', '12740', 'INDONESIA', '+6221-79187008', '+6221-79187009', 'ninies@indomultimedia.co.id', NULL, '', '', 'ninies', NULL, NULL, NULL, '0', '1', '1', '0'),
	(597, 'anekasub', 'ANEKA KARTIKA TOUR AND TRAVEL', 'PT ANEKA KARTIKA TOURS AND TRAVEL', 'JL. MANYAR KERTOARJO V / 50', 'SURABAYA', '60285', 'INDONESIA', '+6231-5928000', '+6231-5928505', 'outbound.anekatour@yahoo.com', NULL, 'ALFON', '', 'outbound@aneka-tours.co.id', '', '', '', '0', '0', '0', '0'),
	(598, 'MSTRAVELSUB', 'MS TRAVEL SBY', NULL, 'MANYAR KARTIKA 3/25', 'SURABAYA', '60118', 'INDONESIA', '+6231-70401979', '+6231-5931979', 'mstravelsby@yahoo.co.id', NULL, 'LOUISA ', '', 'mstravelsby@gmail.com', NULL, NULL, NULL, '0', '1', '1', '0'),
	(599, 'FLOBAMOR', 'PT. FLOBAMOR TOURS', NULL, 'JL. HATI SUCI 24', 'KUPANG', '85111', 'INDONESIA', '+62380-831798', '+62380-833079', 'flobamor_tours@yahoo.com', NULL, '', '', 'mr. abed frans', NULL, NULL, NULL, '0', '1', '1', '0'),
	(600, 'THEHOLIDAY', 'THE HOLIDAY', NULL, 'JL. SEMERU NO. 16 ', 'MALANG', '56116', 'INDONESIA', '+62341-340333', '+62341-354570', 'the.holiday@yahoo.co.id', NULL, 'YHOSIE / DODHIE', '', '', NULL, NULL, NULL, '0', '1', '1', '0'),
	(601, 'ARIADUTA', 'ARIA DUTA WISATA', NULL, 'RUKO GRAHA MAS PEMUDA BLOK AC NO 9 . JL PEMUDA ', 'JAKARTA', '-', 'INDONESIA', '+62847882545', '+6288466620', 'suryanindut@yahoo.com', NULL, '', '', 'sri suryani', NULL, NULL, NULL, '0', '1', '1', '0'),
	(602, 'VIVASRG', 'VIVA TOUR TRAVEL', NULL, 'PURI ANJASMORO J 1/49', 'SEMARANG', '50144', 'INDONESIA', '+6224-525389', '+62247606440', 'vivatourtravel@yahoo.com', NULL, '', '', 'juliana', NULL, NULL, NULL, '0', '1', '1', '0'),
	(603, 'PALAWIBSD', 'PALAWI TOURS & TRAVEL KANTOR PERWAKILAN BSD', NULL, 'JL LENGKONG RAYA, RUKO SERPONG PARK BLOK BV A1 NO 21 BSD-TANGERANG SELATAN', 'TANGERANG', '-', 'INDONESIA', '+622170904181', '+622129006054', 'palawi_bsd@yahoo.co.id', NULL, '', '', 'gerdian candra', NULL, NULL, NULL, '0', '1', '1', '0'),
	(604, 'SENTOSAWISATA', 'SENTOSA WISATA', NULL, 'JL. RAYA DUKUH KUPANG NO.47', 'SURABAYA', '-', 'INDONESIA', '031-5635117', '031-5661972', 'sentosawisata@yahoo.co.id', NULL, 'FERDY', '', 'mr ferdy', NULL, NULL, NULL, '0', '1', '1', '0'),
	(605, 'EFATATOURS', 'EFATA TOURS AND TRAVEL BALI', NULL, 'JALAN MAJAPAHIT NO. 45 KUTA BALI', 'DENPASAR', '80361', 'INDONESIA', '+6283898887233', '-+6283119878682', 'efatatoursbali@gmail.com', NULL, 'DODI PURBA  / INTAN NOVRIYANITA', '', 'dodi purba or intan novriyanita', NULL, NULL, NULL, '0', '1', '1', '0'),
	(606, 'ISTANATRAVEL', 'ISTANA TRAVEL', NULL, 'JL. TIKALA LUMIMUUT NO. 10', 'MANADO', '95124', 'INDONESIA', '+62431874745', '+62431842688', 'istanatravel@yahoo.co.id', NULL, '', '', 'egi', NULL, NULL, NULL, '0', '1', '1', '0'),
	(607, 'TERMINALJOG', 'TERMINAL TIKET', NULL, 'JL HOS COKROAMINOTO 22 YOGYA', 'YOGYAKARTA', '', 'INDONESIA', '+62274555001', '+62274555456', 'prio1979@gmail.com', NULL, '', '', 'prio', NULL, NULL, NULL, '0', '1', '1', '0'),
	(608, 'BUNAKENTOUR', 'BUNAKEN TOUR & TRAVEL', NULL, 'JL. YOS SUDARSO KOMP. PASAR SEGAR PAAL 2 BLOK KG NO 11', 'MANADO', '95129', 'INDONESIA', '+62431842958', '', 'bunakentourtravel@yahoo.com', NULL, 'LAYA ANES', '', '', NULL, NULL, NULL, '0', '1', '1', '0'),
	(609, 'JJBTRAVEL', 'JALAN-JALAN BERSAMA (JJB) TOUR & TRAVEL', NULL, 'HERTASNING RAYA RUKAN PENAMAS NO.17', 'UJUNG PANDANG', '', 'INDONESIA', '0411-448777', '0411-4663338', 'jjbtravel@yahoo.com', NULL, '', '', 'juliana', NULL, NULL, NULL, '0', '1', '1', '0'),
	(610, 'SAHABATSEJAHTERA', 'SAHABAT SEJAHTERA TOUR & TRAVEL', NULL, 'PERUMAHAN PERMATA BIRU BLOK D-14, KEDIRI', 'KEDIRI', '', 'INDONESIA', '+623547855200', '', 'sahabatsejahtera.tour@yahoo.com', NULL, 'NIA / SUSAN', '', '', NULL, NULL, NULL, '0', '1', '1', '0'),
	(611, 'MATRATOUR', 'MATRA TOUR', NULL, 'BRONGGALAN SAWAH IVC - 32B', 'SURABAYA', '60131', 'INDONESIA', '03170428892', '', 'titus.roesman@yahoo.co.id', NULL, '', '', 'titusroesman777@gmail.com', NULL, NULL, NULL, '0', '1', '1', '0'),
	(612, 'CITRAMAS', 'CITRA MAS TRAVEL', NULL, 'TUMENGGUNG SURYO 108', 'MALANG', '65122', 'INDONESIA', '62341410960', '62341410961', 'citramastvl88@yahoo.com', NULL, '', '', 'maria', NULL, NULL, NULL, '0', '1', '1', '0'),
	(613, 'MAHKOTAWISATA', 'PT MAHKOTA WISATA SEJAHTERA', NULL, 'JL. CIHAMPELAS NO. 76 B', 'BANDUNG', '40116', 'INDONESIA', '62224212828', '62224210090', 'murnita@gmail.com', NULL, '', '', 'murnita tanzil', NULL, NULL, NULL, '0', '1', '1', '0'),
	(614, 'HAKKASINDOSUB', 'HAKKASINDO TOUR TRAVEL', NULL, 'JAWA 47D LT2', 'SURABAYA', '', 'INDONESIA', '62315039883', '62315039883', 'hk_sindo@yahoo.com', NULL, 'MICHAEL', '', 'ruth', NULL, NULL, NULL, '0', '1', '1', '0'),
	(615, 'MARCOTOUR', 'PT MARCO TOUR & TRAVEL', NULL, 'JL JEND BASUKI RAHMAT NO 15', 'JAKARTA', '13350', 'INDONESIA', '+6218576343', '+62185909503', 'marcotrvl@gmail.com', NULL, 'ANNISSA', '', 'annissa', NULL, NULL, NULL, '0', '1', '1', '0'),
	(616, 'TXSOETOMO', 'TX SOETOMO', NULL, 'JLN DR SOETOMO NO 32 RT 38 ', 'SAMARINDA', '75117', 'INDONESIA', '62541737899', '62768530', 'soetomo_txtravel@yahoo.com', NULL, '', '', 'ganda sl', NULL, NULL, NULL, '0', '1', '1', '0'),
	(617, 'TYANATOUR', 'TYANA TOUR & TRAVEL', NULL, 'JL. TANAH TINGGI IV NO. 39', 'JAKARTA', '10540', 'INDONESIA', '6282195839122', '628214247389', 'tyanatourtravel@yahoo.com', NULL, '', '', '', NULL, NULL, NULL, '0', '1', '1', '0'),
	(618, 'SKYTOUR', 'PT. SKY TOUR', NULL, 'KOMP. ISTANA BISNIS CENTRE NO.4\r\nJLN. BRIG. JEND. KATAMSO', 'MEDAN', '20159', 'INDONESIA', '62614566199', '62614575494', 'txkatamso@gmail.com', NULL, '', '', 'darwan', NULL, NULL, NULL, '0', '1', '1', '0'),
	(619, 'ASIHTOUR', 'ASIH TOUR & TRAVEL', NULL, 'JL ST SYAHRIR (WIDURAN) 83 SOLO 57129', 'SURAKARTA', '57129', 'INDONESIA', '62271645305', '62271651775', 'djuritnoasihtour@yahoo.co.id', NULL, '', '', '-', NULL, NULL, NULL, '0', '1', '1', '0'),
	(620, 'STARTICKET', 'STARTICKET TOUR', NULL, 'JL KOPO BIHBUL NO.67C, BANDUNG', 'BANDUNG', '40218', 'INDONESIA', '62225426299', '62225414540', 'starticket_bdg@yahoo.co.id', NULL, '', '', 'yusuf', NULL, NULL, NULL, '0', '1', '1', '0'),
	(621, 'AMARISTOUR', 'AMARIS TOUR & TRAVEL', NULL, 'JL. KARTINI RAYA 22-B', 'SEMARANG', '-', 'INDONESIA', '622470788711', '62243542879', 'amaris_tandt@yahoo.com', NULL, 'F. SIENNY', '', 'amaris_tour@yahoo.com', NULL, NULL, NULL, '0', '1', '1', '0'),
	(622, 'TIARASTAR', 'TIARA STAR TRAVEL', NULL, 'JL.CILANDAK 4 NO.2', 'JAKARTA', '12430', 'INDONESIA', '62175903287', '6217512320', 'tiarastar_tour@hotmail.com', NULL, '', '', 'ida ', NULL, NULL, NULL, '0', '1', '1', '0'),
	(623, 'CHRISTATOUR', 'CHRISTA TOUR', NULL, 'ITC MALL LT.G E3/10 SURABAYA', 'SURABAYA', '-', 'INDONESIA', '+62313743191 - 62834', '+62313743191', 'email:christatour@yahoo.com', NULL, '', '', 'christine or nuri', NULL, NULL, NULL, '0', '1', '1', '0'),
	(624, 'NUSATOVEL', 'NUSANTARA TOUR', NULL, 'SIMPANG LIMA', 'SEMARANG', '-', 'INDONESIA', '+62248442888', '+62248314173', 'outbound-simli@nusatovel.com', NULL, '', '', 'ade', NULL, NULL, NULL, '0', '1', '1', '0'),
	(625, 'ABBALI', 'AB TRAVEL ORGANIZER (PT. WISATA AJEG BALI)', NULL, 'KOMPLEK BURUNG. JL. NURI NO. 2. TUBAN ', 'DENPASAR', '80361', 'INDONESIA', '+623619351700', '+623619350789', 'info@ab-travelorganizer.com', NULL, 'A.A.AYU DEWI DARMAYANTI', '', '', NULL, NULL, NULL, '0', '1', '1', '0'),
	(626, 'TURINDOJOG', 'TURINDO TOUR AND TRAVEL', NULL, 'JL. DR. SUTOMO 45', 'YOGYAKARTA', '55212', 'INDONESIA', '+62274540000', '+62274566673', 'falicia@turindo.co.id', NULL, '', '', 'falicia raulita', NULL, NULL, NULL, '0', '1', '1', '0'),
	(627, 'MU2SUB', 'MU2TRAVEL', NULL, 'JL.NGAGEL WASANA 1/39', 'SURABAYA', '60284', 'INDONESIA', '+623133522020', '', 'mu2spirit@gmail.com', NULL, 'VERDE W P ', '', 'verde_wp@yahoo.co.id', NULL, NULL, NULL, '0', '1', '1', '0'),
	(628, 'INDOWISATA', 'INDOWISATA HOLIDAY TOUR AND TRAVEL', NULL, 'JLN RAYA CUKIR NI 103 CUKIR', 'JOMBANG', '61471', 'INDONESIA', '062321868888', '', 'indo_wisata1@yahoo.com', NULL, 'RINA', '', 'amrina', NULL, NULL, NULL, '0', '1', '1', '0'),
	(629, 'GOODPERSON', 'GOOD PERSON TOUR', NULL, 'TAMAN PUSPA RAYA A6-8, CITRA RAYA', 'SURABAYA', '60218', 'INDONESIA', '+623160726992', '-', 'changhaoren.goodperson@gmail.com', NULL, '', '', 'susy tan', NULL, NULL, NULL, '0', '1', '1', '0'),
	(630, 'NHAKITASUB', 'PT. NHAKITA TOUR & TRAVEL', NULL, 'JLN. MANYAR 69', 'SURABAYA', '60282', 'INDONESIA', '+62315999400', '+625944150', 'nhakita.tour@gmail.com', NULL, '+6281234088708', '', 'erna sariwati', NULL, NULL, NULL, '0', '1', '1', '0'),
	(631, 'ABBEYSUB', 'ABBEY TRAVELINDO, PT', NULL, 'PLAZA BRI SUITE 607 JL BASUKI RAHMAT 122', 'SURABAYA', '60271', 'INDONESIA', '+62315320033', '+62315320130', 'susi.sub@abbey.travel', NULL, 'SUSI RAHMAWATI', '', 'mita.sub@abbey.travel', NULL, NULL, NULL, '0', '1', '1', '0'),
	(632, 'JEMPOLSUB', 'JEMPOL TOURS & TRAVEL', NULL, 'MALL CITY OF TOMORROW GS 53/1', 'SURABAYA', '60234', 'INDONESIA', '+623158251107', '+623158251307', 'yapola@hotmail.com', NULL, '+6281331000027', '', 'jemy yapola', NULL, NULL, NULL, '0', '1', '1', '0'),
	(633, 'MANDIRASOC', 'MANDIRA TOURS SOLO', NULL, 'JL. GAJAH MADA 77 SOLO\r\nJL. RAYA SUKOWATI 11A SRAGEN', 'SURAKARTA', '-', 'INDONESIA', '+62271727100', '+62271718558', 'mandira_srgn@yahoo.com', NULL, '', '', 'tonny d', NULL, NULL, NULL, '0', '1', '1', '0'),
	(634, 'TXJAKGUNG', 'TX EXPRESS JAKSA AGUNG', NULL, 'JL. JAKSA AGUNG SUPRAPTO NO.31-41 KAV.51', 'SURABAYA', '60272', 'INDONESIA', '62315481109', '62315342884', 'txjakgung@gmail.com', NULL, '', '', 'samuel', NULL, NULL, NULL, '0', '1', '1', '0'),
	(635, 'LOVPINSUB', 'PT LOVELY CORPIN TOUR & TRAVEL', NULL, 'PRAPEN INDAH B-11', 'SURABAYA', '60231', 'INDONESIA', '+62318291116', '+62318292804', 'operation1@lovelycorpin-travel.com', NULL, 'MRS. ENDAH HARYANI', '', 'generalaffair@lovelycorpin-travel.com', NULL, NULL, NULL, '0', '1', '1', '0'),
	(636, 'PARADISOSRG', 'PARADISO TOUR', NULL, 'JL. KOL. H.R. HARDIJANTO, SEKARAN GUNUNGPATI', 'SEMARANG', '50229', 'INDONESIA2', '+62470341024', '+62470341024', 'paradisotoursemarang@gmail.com', NULL, '+6281901095344', '', 'teguh riyanto', NULL, NULL, NULL, '0', '1', '1', '0'),
	(637, 'JUDAPRATAMASRG', 'PT JUDA PRATAMA TOUR AND TRAVEL', NULL, 'JL. KANFER RAYA N NO11A, BANYUMANIK', 'SEMARANG', '50267', 'INDONESIA', '622476916321', '622476916322', 'aloysius_juda@yahoo.com', NULL, '', '', 'juda pratama', NULL, NULL, NULL, '0', '1', '1', '0'),
	(638, 'MYHOLIDAYSUB', 'MY HOLIDAY', NULL, 'JL NGAGEL JAYA SELATAN NO 23B,\r\nSUPERMAL PAKUWON INDAH\r\nCORRIDOR LT GROUND FLOOR', 'SURABAYA', '60283', 'INDONESIA', '62315057199, 6231739', '6231 5011004', 'iewensan@yahoo.com', NULL, '', '', 'ie wen san', NULL, NULL, NULL, '0', '1', '1', '0'),
	(639, 'TXNGAGELSUB', 'TX TRAVEL EXPRESS NGAGEL', NULL, 'JL NGAGEL JAYA SELATAN NO.138B', 'SURABAYA', '', 'INDONESIA', '+62315058777', '+62315015828', 'kamint@hotmail.com', NULL, '', '', 'aming', NULL, NULL, NULL, '0', '1', '1', '0'),
	(640, '809VALASINDOSUB', '809 VALASINDO TOURS', NULL, 'JLN RAYA MANYAR 11D', 'SURABAYA', '60277', 'INDONESIA', '+62315993173', '+6231-5991769', 'vaphio86@yahoo.com', NULL, '+6287852942809', '', 'vincent adhityo hadi', NULL, NULL, NULL, '0', '1', '1', '0'),
	(641, 'fimawisatasub', 'FIMA WISATA', 'PT FIMA NUANSA INDAH', 'JL. PERAK BARAT NO.1', 'SURABAYA', '60177', 'INDONESIA', '+62313539239', '+62313539240', 'martin@fimawisata.co.id', NULL, 'MARTIN, MEGGY, DANIEL, DESSY', '', 'tour@fimawisata.co.id', '083856732954', '083856732954', '', '0', '0', '0', '0'),
	(642, 'LASLEISURESUB', 'LAS LEISURE', NULL, 'N/A', 'SURABAYA', '', 'INDONESIA', '+623171100176', '-', 'agent@lasleisure.com', NULL, 'MR. HENZ', '', 'mr. henz', NULL, NULL, NULL, '0', '1', '1', '0'),
	(643, 'PREMIERSUB', 'PREMIER TOUR &  TRAVEL', NULL, 'JL. BENGAWAN NO. 10', 'SURABAYA', '60241', 'INDONESIA', '+62315613434', '+62315621011', 'premier@premitrav.com', NULL, 'MRS. LINDA', '', 'thea@premitrav.com', NULL, NULL, NULL, '0', '1', '1', '0'),
	(644, 'AVIOSUB', 'PT.AVIO INDO PERSADA', NULL, 'JL.EMBONG PLOSO 29 E', 'SURABAYA', '60271', 'INDONESIA', '+62315464488', '+62315471146', 'tour@avioworld.com', NULL, 'DONNY/HENOCH', '', 'avio@y7mail.com', NULL, NULL, NULL, '0', '1', '1', '0'),
	(645, 'ANUGRAHWISATASUB', 'ANUGRAH WISATA', NULL, 'JL. NGAGEL WASANA I NO.29', 'SURABAYA', '60284', 'INDONESIA', '+62315024296', '+62315024296', 'el3559@hotmail.com', NULL, 'ELLY', '', 'el3559@yahoo.com', NULL, NULL, NULL, '0', '1', '1', '0'),
	(646, 'CAREDPS', 'CARE TRAVEL', NULL, 'JL.COKROAMINOTO 124B', 'DENPASAR', '80118', 'INDONESIA', '+62 361 7479 777', '', 'info@caretravel.co.id', NULL, '', '', 'daendles', NULL, NULL, NULL, '0', '1', '1', '0'),
	(647, 'SAHABATCAKRAWALA', 'PT.SAHABAT CAKRAWALA', NULL, 'JL.MUSTIKA 143 S', 'SURABAYA', '60119', '', '+6235011919', '', 'tiket_sahabatcakrawala@yahoo.com', NULL, '081330332250', '', 'ria', NULL, NULL, NULL, '0', '1', '1', '0'),
	(648, 'ANATOURSUB', 'ANA TOUR & TRAVEL', NULL, 'JL. DUKUH PAKIS GG IVA, NO.6', 'SURABAYA', '', 'INDONESIA', '+6285648886269', '', 'cv.cipigroup@yahoo.com', NULL, '', '', 'naufal manar', NULL, NULL, NULL, '0', '1', '1', '0'),
	(649, 'ANGKASARIASUB', 'ANGKASARIA MASNURJAYA, PT', NULL, 'JL. GEMBONG 32C', 'SURABAYA', '60141', 'INDONESIA', '+62313764786', '+62313764788', 'angkasa_ria@yahoo.com', NULL, 'MRS. LINDA YULIANA EFFENDI', '', 'angkasariasby@gmail.com', NULL, NULL, NULL, '0', '1', '1', '0'),
	(650, 'HANASUB', 'PT.HANA MITRA INTERNASIONAL', NULL, 'KOMP.DARMO PARK 1 BLOK IIC NO.1', 'SURABAYA', '60256', 'INDONESIA', '+6231 5686725', '+625672858', 'hanattsby@yahoo.com', NULL, '+6281938549444', '', '+6281938549444', NULL, NULL, NULL, '0', '1', '1', '0'),
	(651, 'IDGEMILANGSUB', 'PT. ID GEMILANG SURABAYA', NULL, 'JALAN ACHMAD YANI 146 C', 'SURABAYA', '60235', 'INDONESIA', '+628318275111', '+628318275222', 'chinanti.idgemilang@yahoo.com', NULL, '', '', 'imelda sagita awe', NULL, NULL, NULL, '0', '1', '1', '0'),
	(652, 'SAHABATTOURPLM', 'SAHABAT TOUR', NULL, 'JALAN PADANG SELASA 1847', 'PALEMBANG', '', 'INDONESIA', '+62711313583', '', 'komarwijaya@yahoo.com', NULL, '', '', 'komar wijaya', NULL, NULL, NULL, '0', '1', '1', '0'),
	(653, 'SINTERABADI', 'PT SINTER ABADI TOUR', NULL, 'JL.WASPADA NO.66', 'SURABAYA', '60161', 'INDONESIA', '+6231-3572269,357965', '+6231-3572442', 'yc_dewi@yahoo.com', NULL, '+62818521964', '', 'mrs dewi sriwati tio', NULL, NULL, NULL, '0', '1', '1', '0'),
	(654, 'bestsub', 'BEST TOUR', 'BEST TOUR', 'JL. BILITON NO.7B', 'SURABAYA', '-', 'INDONESIA', '+62315039888', '+62315038371', 'besttour_sub@yahoo.com', NULL, 'SILVI', 'BRANCH MANAGER', 'silvi_best@hotmail.com', '081990990408', '081990990408', '', '0', '0', '0', '0'),
	(655, 'RASASAYANGSUB', 'RASA SAYANG TOUR', NULL, 'KAPASARI NO 1', 'SURABAYA', '', 'INDONESIA', '08123284690', '', 'rasasayang_tnt@yahoo.com', NULL, '08123284690', '', 'elvinkuncoro@gmail.com', NULL, NULL, NULL, '0', '1', '1', '0'),
	(656, 'TRANSNUSAHOLIDAY', 'TRANSNUSA HOLIDAY WISATA', NULL, 'JL. NGAGEL JAYA 53 A', 'SURABAYA', '60283', 'INDONESIA ', '+62315047555', '+62315011749', 'sub_thw@transnusa.co.id', NULL, '', '', 'wulan', NULL, NULL, NULL, '0', '1', '1', '0'),
	(657, 'DIPOSAKTISUB', 'PT. DIPO SAKTI', NULL, 'DIPONEGORO 54 E', 'SURABAYA', '60264', 'INDONESIA', '+62315630700', '+62315634111', 'dipo_sakti@yahoo.co.id', NULL, '', '', 'ari', NULL, NULL, NULL, '0', '1', '1', '0'),
	(658, 'EASYGOSUB', 'EASY GO TOUR & TRAVEL ', NULL, 'JL. PUCANG ANOM VI / 26', 'SURABAYA', '60283', 'INDONESIA', '031-77108008', '0818505235', 'easygo2travel@yahoo.com', NULL, 'MR. SHANDY', '', 'shandy.mr@hotmail.com', NULL, NULL, NULL, '0', '1', '1', '0'),
	(659, 'FORISATOURSUB', 'FORISA TOURS & TRAVEL', NULL, 'EMBONG TANJUNG 39-41', 'SURABAYA', '60271', 'INDONESIA', '+6287852228000', '', 'forisatours_travel@yahoo.com', NULL, '', '', 'kuncoro prajugo', NULL, NULL, NULL, '0', '1', '1', '0'),
	(660, 'FIXTRAVELSUB', 'FIX TRAVEL', NULL, 'JL. RAYA ARJUNA 138 B', 'SURABAYA', '60251', 'INDONESIA', '+623177239006', '+62315347855', 'fixtoursandtravel@gmail.com', NULL, '', '', 'felix', NULL, NULL, NULL, '0', '1', '1', '0'),
	(661, 'ORIENTEXPSUB', 'ORIENT EXPRESS', NULL, 'DUKUH PAKIS 1 NO 16', 'SURABAYA', '60225', 'INDONESIA', '+62315616564', '+62315616144', 'gondo.hartono@yahoo.com', NULL, '+62811300183', '', 'linda', NULL, NULL, NULL, '0', '1', '1', '0'),
	(662, 'INDOSENTOSASUB', 'INDO SENTOSA TOUR', NULL, 'TAMAN KETAMPON 50 - 51', 'SURABAYA', '60264', 'INDONESIA', '+62315688896', '+62315613777', 'ids@sby.centrin.net.id', NULL, 'YANTI', '', 'yanti', NULL, NULL, NULL, '0', '1', '1', '0'),
	(663, 'DATAWISATASUB', 'PT DATAWISATA TRAVELINDO RAYA ', NULL, 'JL. SIWALANKERTO 170 ', 'SURABAYA', '60236', 'INDONESIA', '+623170033220', '+62318479004', 'dhanyhendra@yahoo.com', NULL, '', '', 'dhany', NULL, NULL, NULL, '0', '1', '1', '0'),
	(664, 'MURNITOURSUB', 'MURNI TOUR', NULL, 'SERUNI 39', 'SURABAYA', '', 'INDONESIA', '+62315466456', '+6231534984', 'wiwisub@yahoo.com', NULL, '+62315466456', '', 'mr. surya pradipta', NULL, NULL, NULL, '0', '1', '1', '0'),
	(665, 'PETRASUB', 'PETRA TRAVEL', NULL, 'JL. SIWALANKERTO 121-131', 'SURABAYA', '', 'INDONESIA', '+62312983092', '+62318436418', 'petratravel@ymail.com', NULL, '', '', 'harriz tan', NULL, NULL, NULL, '0', '1', '1', '0'),
	(666, 'NOERTRANS', 'PT NOER TRANSPORTAMA', NULL, 'JL RAYA SEDATI AGUNG NO2  SEDATI SIDOARJO', 'SIDOARJO', 'ntw', 'INDONESIA', '0318665670', '0318668212', 'noer_tama@yahoo.co.id', NULL, '', '081330177725', 'yati', NULL, NULL, NULL, '0', '1', '1', '0'),
	(667, 'UTAMATOUR', 'PT BAHAGIA UTAMA TOUR', NULL, 'RUKO PERMATA JUANDA B.69', 'SIDOARJO', '61254', 'INDONESIA', '+62318677000', '+62318690565', 'admin@utamatour.com', NULL, '+623177633636', '', 'utama_trv@yahoo.co.id', NULL, NULL, NULL, '0', '1', '1', '0'),
	(668, 'EASYWAYZSUB', 'EASYWAYZ TRAVEL', NULL, 'TENGGILIS UTARA 24', 'SURABAYA', '60292', 'INDONESIA', '+62818474545', '+62818475454', 'jonathan@easywayztravel.com', NULL, 'JONATHAN ABDI MULIA', '', 'info@easywayztravel.com', NULL, NULL, NULL, '0', '1', '1', '0'),
	(669, 'VICTORIAVACATION', 'VICTORIA VACATION', NULL, 'PURI ANJASMORO J4/32', 'SEMARANG', '50144', 'INDONESIA', '+62247616003', '+622476016003', 'vivatourtravel@yahoo.com', NULL, '+628179521963', '', 'juliana / natalia', NULL, NULL, NULL, '0', '1', '1', '0'),
	(670, 'MYTOUR', 'MY TOUR&TRAVEL', NULL, 'JL.JENDRAL BASUKI RAHMAT-HIKUN-TANJUNG TABALONG - KALIMANTAN SELATAN', 'TABALONG', '', 'INDONESIA', '+6281231306480', '+625262023288', 'mahadayatour@yahoo.co.id', NULL, '+6281231306480', '', 'reza_mahadaya@yahoo.co.id', NULL, NULL, NULL, '0', '1', '1', '0'),
	(671, 'TAGALAYAJAYASUB', 'TAGALAYA JAYA TOURS & TRAVELS', NULL, 'JL. MANYAR NO. 84C SURABAYA', 'SURABAYA', '', 'INDONESIA', '+62315055898', '+62315055898', 'saschaniel2425@yahoo.com', NULL, 'IBU. SANDRA', '', 'ibu. sandra', NULL, NULL, NULL, '0', '1', '1', '0'),
	(672, 'SYALOMHOLIDAYS', 'SYALOM HOLIDAYS', NULL, 'PUNCAK PERMAI APARTMENT B 525', 'SURABAYA', '60189', 'INDONESIA', '+6281938311150', '', 'esthersurya@gmail.com', NULL, '', '', 'esther indrijanti', NULL, NULL, NULL, '0', '1', '1', '0'),
	(673, 'SACTOURSUB', 'PT. STARINDO ANUGRAH CEMERLANG', NULL, 'AR HAKIM 177', 'SURABAYA', '60111', 'INDONESIA', '+62315946363', '+62315927823', 'yulanida@yahoo.com', NULL, 'YU LAN PRANA', '', 'yu lan prana', NULL, NULL, NULL, '0', '1', '1', '0'),
	(674, 'JAWAHOLIDAYSUB', 'JAWA HOLIDAY TOUR & TRAVEL', NULL, 'PROGO 5', 'SURABAYA', '60241', 'INDONESIA', '+62315686551/52; +62', '+62315680111', 'jahol@sby.dnet.net.id', NULL, '+62818314987', '', 'in_jiely@yahoo.com', NULL, NULL, NULL, '0', '1', '1', '0'),
	(675, 'TOPSONSUB', 'TOPSON TRAVEL', NULL, 'JL.RAYA JEMURASARI 203 , BLOK A - 11', 'SURABAYA', '', '', '62318474333', '62318475183', 'interdept@topsontravel.com', NULL, 'FELICIA', '', 'inter.topson@yahoo.com', NULL, NULL, NULL, '0', '1', '1', '0'),
	(676, 'PUSPITATOUR', 'PT. PUSPITA LINTAS WISATA', NULL, 'JL TAMAN SATELIT TIMUR QQ-27', 'SURABAYA', '60187', 'INDONESIA', '+62317329938', '+62317313140', 'puspitatour@sby.centrin.net.id', NULL, '', '', 'puspitatour@yahoo.com', NULL, NULL, NULL, '0', '1', '1', '0'),
	(677, 'LINDAJAYASUB', 'PT.LINDA JAYA', NULL, 'NGAGEL JAYA 32', 'SURABAYA', '60283', 'INDONESIA', '+62315047000', '+62315027977', 'tour@lindajaya.com', NULL, '', '', 'travel@lindajaya.com', NULL, NULL, NULL, '0', '1', '1', '0'),
	(678, 'HARLINTOUR', 'HARLIN TOUR ', NULL, 'JL. PIDADA IV/9 ', 'DENPASAR', '', 'INDONESIA', '+62361429225 ; +6231', '+62361420486; +62318', 'harlintour@gmail.com', NULL, 'HENI SUSIANA', '', 'heni_susiana@yahoo.com', NULL, NULL, NULL, '0', '1', '1', '0'),
	(679, 'BSATOURSUB', 'BAHTERA SUJUD ANUGRAH', NULL, 'HR MUHAMMAD 86J', 'SURABAYA', '60189', 'INDONESIA', '+62317322724', '+62317329384', 'bsatoursurabaya@yahoo.com', NULL, '+628155043750', '', 'fera', NULL, NULL, NULL, '0', '1', '1', '0'),
	(680, 'gttoursub', 'GT TOURS SURABAYA', 'PT. GEMILANG TATA WISATA', 'RUKO PANJI MAKMUR BLOK C-07 JL. PANJANG JIWO NO. 46', 'SURABAYA', '60299', 'INDONESIA', '+62318490099', '+62318499224', 'gt.tour1@gttoursub.com', NULL, 'DOLORA IKAWULAN', '', 'gt.tour1@gttoursub.com', '', '', '', '0', '0', '0', '0'),
	(681, 'MWTRAVEL', 'MW TRAVEL VACATION', NULL, 'PERUM GRAHA MUTIARA BLOK A-6 NO18 SUKODONO', 'SIDOARJO', '61258', 'INDONESIA', '0318832474', '', 'mw_travel@yahoo.co.id', NULL, '081234303444', '', '081234303444', NULL, NULL, NULL, '0', '1', '1', '0'),
	(682, 'ABIZARWISATA', 'PT. ABIZAR WISATA', NULL, 'JL.NGINDEN SEMOLO 38-40 BLOK A-18 KOMPLEK THE MEZZANINE', 'SURABAYA', '+62', '60118', '+62315992933', '+62315992953', 'abizar.wisata@yahoo.com', NULL, 'WAHYUDI PURWANTO', '', 'dewiyuli999@yahoo.com', NULL, NULL, NULL, '0', '1', '1', '0'),
	(683, 'MIKITOUR', 'MIKI TOUR', NULL, 'JL. YOSODIPURO 54', 'SOLO', '57000', 'INDONESIA', '+62271729292', '+62271729292', 'anis_aw@yahoo.com', NULL, '', '', 'anis', NULL, NULL, NULL, '0', '1', '1', '0'),
	(684, 'GENTACGK', 'GENTA TOURS', NULL, 'JL. GUNUNG SAHARI 57 A-B\r\n', 'JAKARTA', '10610', 'INDONESIA', '62214222622 / 622142', '62214222628', 'lucy@gentatours.com, willy@gentatours.com', NULL, '', '', '', NULL, NULL, NULL, '0', '1', '1', '0'),
	(685, 'MULTICGK', 'MULTI HOLIDAY', NULL, 'SURYOPRANOTO 48E', 'JAKARTA', '10130', 'INDONESIA', '62216312288 / 632222', '62216335588 / 633804', 'tour@multiholiday.net', NULL, 'YANTI', '', '', NULL, NULL, NULL, '0', '1', '1', '0'),
	(686, 'VIJAYACGK', 'VIJAYA TOUR JAKARTA', NULL, 'TOMANG RAYA 47H', 'JAKARTA', '11440', 'INDONESIA', '62215602961', '62215600992', 'outbound@vijayajkt.com', NULL, '+62811308288', '', 'harrysalim@vijayasub.com', NULL, NULL, NULL, '0', '1', '1', '0'),
	(687, 'VENTURACGK', 'VENTURA TOUR', NULL, 'JL. RAYA KELAPA HIBRIDA PD 14 / 28B\r\nKELAPA GADING', 'JAKARTA', '-', 'INDONESIA', '622168386388', '622127166333', 'tour1.jkt@ventura-tour.com', NULL, '', '', 'sonnyw@ventura-tour.com', NULL, NULL, NULL, '0', '1', '1', '0'),
	(688, 'PURNAMASUB', 'PURNAMA TOUR', NULL, 'JALAN KEDUNG COWEK NO 98', 'SURABAYA', '60134', 'INDONESIA', '+623151501616', '+623151503189', 'purnama_travel@ymail.com', NULL, '+6281803826666', '', 'nanda', NULL, NULL, NULL, '0', '1', '1', '0'),
	(689, 'BEEHOLIDAYSUB', 'BEEHOLIDAY TOUR TRAVEL', NULL, 'JL AHMAD YANI 135', 'SURABAYA', '', 'INDONESIA', '0318484852', '0318484852', 'sub@beeholiday.co.id', NULL, '', '', 'saformadianto', NULL, NULL, NULL, '0', '1', '1', '0'),
	(690, 'MEGANANDASUB', 'MEGANANDA ', NULL, 'JL BASUKI RAHMAT 129-137 GEDUNG BUMI MANDIRI LT 4 RM 409', 'SURABAYA', '60271', 'INDONESIA', '6231 5343444', '6231 5347449', 'info.megananda@gmail.com', NULL, '', '', 'anie', NULL, NULL, NULL, '0', '1', '1', '0'),
	(691, 'CHANDRATRANSPORT', 'CHANDRA TRANSPORT', NULL, 'RUKO TAMAN GAPURA D10 CITRALAND,SURABAYA', 'SURABAYA', '-', 'INDONESIA', '085735559999', '0341322580', 'ycb_cen@yahoo.com', NULL, '', '', 'chandra', NULL, NULL, NULL, '0', '1', '1', '0'),
	(692, 'LUCKYSUB', 'LUCKY HOLIDAY', NULL, 'TBA', 'SURABAYA', '', 'INDONESIA', '+62817336668', 'tba', 'dewi.tanjaya@gmail.com', NULL, 'DEWI I', '', 'f0rtune_01@yahoo.com', NULL, NULL, NULL, '0', '1', '1', '0'),
	(693, 'MONREVESUB', 'MON REVE TOUR & TRAVEL ', NULL, 'WISMA SIER 4TH FLOOR', 'SURABAYA', '60293', 'INDONESIA', '+62318410710', '+62318410670', 'monrevesby@yahoo.com', NULL, '+628170001077', '', 'chicha', NULL, NULL, NULL, '0', '1', '1', '0'),
	(694, 'okegosub', 'OKEGO TOUR TRAVEL', 'OKEGO TOUR TRAVEL', 'JL RUNGKUT ASRI UTARA 1 NO 19', 'SURABAYA', '', 'INDONESIA', '+62318431309', '+62318431310', 'stanley_evan@yahoo.com', NULL, 'STANLEY EVAN', '', 'stanley_evan@yahoo.com', '081339339409', '081339339409', '536B67B2', '0', '0', '0', '0'),
	(695, 'RAJATIKETCGK', 'RAJATIKET TOUR SERVICES', NULL, 'RUKO CITY WALK CITRA GRAN RCW 3 NO 9,CIBUBUR', 'JAKARTA', '17435', 'INDONESIA', '021-49780839', '021-84303688', 'bie_jazz@yahoo.com', NULL, '+6287775623148', '', 'billy', NULL, NULL, NULL, '0', '1', '1', '0'),
	(696, 'LENIYSUB', 'LENIYS HOLIDAY', NULL, 'TENGGILIS MEJOYO SELATAN X / M-03, SURABAYA 60292', 'SURABAYA', '60292', 'INDONESIA', '+62318496926', '+62318496926', 'leniysholiday.tour@yahoo.com', NULL, '', '', 'leni yulis', NULL, NULL, NULL, '0', '1', '1', '0'),
	(697, 'MATRIXSUB', 'MATRIX TOURS % TRAVEL', NULL, 'JL. SUMATRA 117', 'SURABAYA', '60281', 'INDONESIA', '+62315015000', '+62315011111', 'd.matrixtours@gmail.com', NULL, '+6281332635946', '', 'dewi', NULL, NULL, NULL, '0', '1', '1', '0'),
	(698, 'ONLYOUSUB', 'ONLY YOU TOUR', NULL, 'SONO INDAH 4 / 22', 'SURABAYA', '60189', 'INDONESIA', '+623177549896', '+62317345252', 'manager@onlyyoutour.com', NULL, 'ANNY', '', 'anny', NULL, NULL, NULL, '0', '1', '1', '0'),
	(699, 'SMILETOURCGK', 'SMILE TOUR', NULL, 'JELAMBAR BARAT III NO. 34 B JAKARTA BARAT', 'JAKARTA', '11150', 'INDONESIA', '+622133020255', '+622133020255', 'aminah_wd@yahoo.co.id', NULL, '+6281806533606', '', 'aminah widiatno', NULL, NULL, NULL, '0', '1', '1', '0'),
	(700, 'ANTARDWIPABDO', 'ANTAR DWIPA', NULL, 'JL. KAYU AGUNG 1 NO.C45 BANDUNG', 'BANDUNG', '40624', 'INDONESIA', '+6222 - 7315546', '+6222 - 7315546', 'info@antardwipa.com', NULL, 'GANJAR GUMILAR', '', 'erwin hari rahmadhani', NULL, NULL, NULL, '0', '1', '1', '0'),
	(701, 'GIANTRAWISATASRG', 'GIANTRA WISATA', NULL, 'JL. MT HARYONO 517B', 'SEMARANG', '50136', 'INDONESIA', '+62248443333', '+62248447374', 'giantra@indo.net.id', NULL, 'GIANTO', '', 'gianto', NULL, NULL, NULL, '0', '1', '1', '0'),
	(702, 'jawaindahsub', 'WISATA JAWA INDAH', 'WISATA JAWA INDAH', 'RAYA ARJUNA 92', 'SURABAYA', '60251', 'INDONESIA', '+62315318585', '+62315312087', 'peter_jawa@yahoo.com', NULL, 'PETER LUMANPAUW', '', 'peter_jawa@yahoo.com', '', '', '', '0', '0', '0', '0'),
	(703, 'VIA.COM', 'VIA.COM', NULL, 'JAKARTA', 'JAKARTA', '10340', 'INDONESIA', '08111634376', '', 'helmy.s@via.com', NULL, '', '', 'helmy', NULL, NULL, NULL, '0', '1', '1', '0'),
	(704, 'MWVACATION', 'MW-TRAVEL VACATION', NULL, 'JL BY PASS JUANDA NO 12 SEDATI AGUNG', 'SIDOARJO', '61258', 'INDONESIA', '+62318832474', '62318832474', 'mw_travel@yahoo.co.id', NULL, '6281234303444', '', 'wahyu.bagus63@yahoo.', NULL, NULL, NULL, '0', '1', '1', '0'),
	(705, 'AVINDOTOURSRG', 'AVINDO TOUR & TRAVEL', NULL, 'JL. PANJAITAN NO.59', 'SEMARANG', '-', 'INDONESIA', '62243575522, 6224357', '-', 'avindotours@hotmail.com', NULL, 'CHE LIANG / ALIANG', '', '-', NULL, NULL, NULL, '0', '1', '1', '0'),
	(706, 'NUSANTARABESEN', 'PT. NUSANTARA TOUR & TRAVEL', NULL, 'JL. GANG BESEN NO.8', 'SEMARANG', '50137', 'INDONESIA', '62243554888', '62243580833', 'outbound-besen@nusatovel.com', NULL, 'HENNY', '', '', NULL, NULL, NULL, '0', '1', '1', '0'),
	(707, 'ATOUR', 'A TOUR&TRAVEL', NULL, 'JL. MAYJEND SUNGKONO 91B', 'SURABAYA', '', 'INDONESIA', '6231-5682929', '', 'lisa.ongko@a-tourtravel.com', NULL, 'LISA', '', '', NULL, NULL, NULL, '0', '1', '1', '0'),
	(708, 'REDCHERRYSUB', 'RED CHERRY', NULL, 'KEDUNGDORO 50 AE, SURABAYA', 'SURABAYA', '60189', 'INDONESIA', '62818524965', '', 'red.cherry61@gmail.com', NULL, '62818524965 LINNA', '', 'linna', NULL, NULL, NULL, '0', '1', '1', '0'),
	(709, 'BSSAMARINDA', 'PT BANDARA SEJAHTERA SAMARINDA', NULL, 'JL HIDAYATULLAH NO 17 A', 'SAMARINDA', '75112', 'INDONESIA', '+62541743163, +62541', '+62541732069', 'bss_travel@yahoo.com, lisa_625417071488@yahoo.co.id', NULL, '+6281347777689', '', 'pink_girls87@yahoo.com', NULL, NULL, NULL, '0', '1', '1', '0'),
	(710, 'FAJARJAYA', 'FAJAR JAYA WISATA TOUR & TRAVEL', NULL, 'BUNGURAN 33A-33B', 'SURABAYA', '60161', 'INDONESIA', '+62313522720', '+62313537720', 'fajarjaya_tour@yahoo.com', NULL, 'HERMAN IRMAWAN', '', 'fajarjaya.tour@hotmail.com', NULL, NULL, NULL, '0', '1', '1', '0'),
	(711, 'KUSUMASUB', 'PT.KUSUMA WISATA ANUGERAH JAYA', NULL, 'MANYAR MEGAH INDAH PLASA F-21 JL.NGAGEL JAYA SELATAN ', 'SURABAYA', '60284', 'INDONESIA', '+62315040202', '+62315043265', 'kusuma@sby.dnet.net.id', NULL, 'ARIF', '', 'caem.aries75@yahoo.com', NULL, NULL, NULL, '0', '1', '1', '0'),
	(712, 'UNITYSUB', 'UNITY TOUR AND TRAVEL', NULL, 'HR MUHAMMAD', 'SURABAYA', '60226', 'INDONESIA', '+62317348655', '+62317348859', 'unitysby@gmail.com', NULL, '', '', 'ophie', NULL, NULL, NULL, '0', '1', '1', '0'),
	(713, 'SENTOSASUB', 'SENTOSA TOUR & TRAVEL', NULL, 'JALAN TIDAR 140', 'SURABAYA', '60173', 'INDONESIA', '+62315314154', '+62315355901', 'sentosatnt@gmail.com', NULL, 'DODDY', '', 'doddy santoso', NULL, NULL, NULL, '0', '1', '1', '0'),
	(714, 'FELIASUB', 'FELIA TOUR & TRAVEL', NULL, 'JL.NGEMPLAK NO.30. KOMPLEK AMBENGAN PLAZA A-17', 'SURABAYA', '60272', 'INDONESIA', '+62315319920-22', '+62315319629', 'info@feliatour.com', NULL, 'JULI ANGGRAENI,SE', '', 'tour@feliatour.com', NULL, NULL, NULL, '0', '1', '1', '0'),
	(715, 'JUCOSUB', 'JUCO TRAVEL', NULL, 'WISMA PERMAI TENGAH GANG 1 BLOK AA NO 9', 'SURABAYA', '60115', 'INDONESIA', '+6281703427080', '+62315932905', 'juco_tour@yahoo.com', NULL, 'FELICIA', '', 'felicia', NULL, NULL, NULL, '0', '1', '1', '0'),
	(716, 'HOKKYSUB', 'HOKKY MANDIRI TOUR & TRAVEL, PT', NULL, 'JL.USMAN DJAFAR NO 2 F', 'UJUNG PANDANG', '+62', 'INDONESIA', '+624113650353', '+624113633998', 'hokky_mandiri@yahoo.com', NULL, '', '', 'hera', NULL, NULL, NULL, '0', '1', '1', '0'),
	(717, 'ADINDASUB', 'ADINDA TOUR GWALK', NULL, 'RUKO TAMAN GAPURA K-9', 'SURABAYA', '60216', 'INDONESIA', '+62317400771', '+62317400774', 'adindatour_gwalk@yahoo.com', NULL, '+6287780703542', '', '031-7400771', NULL, NULL, NULL, '0', '1', '1', '0'),
	(718, 'SENTRALTOURSUB', 'SENTRAL IMANUEL TOUR', NULL, 'RAYA MANUKAN WETAN 20 ', 'SURABAYA', '60185', 'INDONESIA', '+62317405474', '+62317405424', 'sentraltourtravel@yahoo.com', NULL, '+6281331185757', '', 'sentralimanueltour@yahoo.com', NULL, NULL, NULL, '0', '1', '1', '0'),
	(719, 'SURYANALENDRASUB', 'SURYA NALENDRA SEJAHTERA', NULL, 'JLN VETERAN 2A', 'SURABAYA', '', 'INDONESIA', '0313556363', '0313542861', 'surya_nalendra@yahoo.co.id', NULL, '', '', '', NULL, NULL, NULL, '0', '1', '1', '0'),
	(720, 'SUBTRAVEL', 'PT. SURABAYA TOURS & TRAVEL', NULL, 'JL. MAYJEND SUNGKONO 75', 'SURABAYA', '06481', 'INDONESIA', '+62315688868', '+62315623541', 'mail@surabayatravel.co.id', NULL, '', '', 'nazar', NULL, NULL, NULL, '0', '1', '1', '0'),
	(721, 'FLYMESUB', 'FLYME TOUR AND TRAVEL', NULL, 'RUKO KLAMPIS MEGAH BLOK C 33', 'SURABAYA', '60114', 'INDONESIA', '+62315950009', '+62315992434', 'flymetnt@yahoo.com', NULL, '+6281231808067', '', 'tour.flyme@yahoo.com', NULL, NULL, NULL, '0', '1', '1', '0'),
	(722, 'JELAJAHWISATA', 'JELAJAH WISATA', NULL, 'JL. SEMERU 43', 'MALANG', '65112', 'INDONESIA', '+62341331388', '+62341352363', 'jelajahwisata@yahoo.co.id', NULL, '+6281937798009', '', 'stefanus tanojo', NULL, NULL, NULL, '0', '1', '1', '0'),
	(723, 'IWATAPAKUWON', 'IWATA PAKUWON TRAVEL', NULL, 'WATERPLACE RESIDENCE APARTEMEN TOWER C-12', 'SURABAYA', '60226', 'INDONESIA', '317393090', '317393091', 'iwatapakuwon@yahoo.com', NULL, '+6281332039441', '', '317393090', NULL, NULL, NULL, '0', '1', '1', '0'),
	(724, 'NUANSATICKET', 'NUANSA WISATA PRIMA NUSANTARA', NULL, 'JL LETJEND SUPRAPTO 71', 'JEMBER', '68112', 'INDONESIA', '62331331731', '62331335347', 'nuansa.ticket@gmail.com', NULL, '+6283847255620', '', 'candra', NULL, NULL, NULL, '0', '1', '1', '0'),
	(725, 'FRIENDSSUB', 'FRIENDS TRAVEL', NULL, 'JL. RAYA PANJANG JIWO PERMAI D-1B ( RUKO LANDMARK )', 'SURABAYA', '60293', 'INDONESIA', '+62318412410', '+62318412410', 'friends_travel1@yahoo.com', NULL, '+623170476102', '', 'henny', NULL, NULL, NULL, '0', '1', '1', '0'),
	(726, 'SARITRAVELSDA', 'SARI TRAVEL', NULL, 'JL SONO INDAH NO 22', 'SIDOARJO', '', 'INDONESIA', '+62318945913', '+62318945913', 'saritravelt@gmail.com', NULL, '', '', '+6281335736392', NULL, NULL, NULL, '0', '1', '1', '0'),
	(727, 'ANGKASAEXPSUB', 'PT. ANGKASA EXPRESS', NULL, 'JL. KAPAS KRAMPUNG NO. 61', 'SURABAYA', '60135', 'INDONESIA', '62313772222', '62313727555', 'angkasa_exp@yahoo.com', NULL, '6281217607775', '', 'kristina', NULL, NULL, NULL, '0', '1', '1', '0'),
	(728, 'THETRAVELKLAMPIS', 'THE TRAVEL', NULL, 'RUKO KLAMPIS JAYA BLOK A-2', 'SURABAYA', '60111', 'INDONESIA', '+62315998555', '+62315911535', 'general@thetravel.co.id', NULL, 'WULAN', '', 'ridaprimer@yahoo.com', NULL, NULL, NULL, '0', '1', '1', '0'),
	(729, 'adindatenggilis', 'ADINDA TOUR', 'ADINDA TOUR & TRAVEL', 'JL. RAYA TENGGILIS 34D', 'SURABAYA', '60292', 'INDONESIA', '+62318431086', '+62318485599', 'adindatour@yahoo.com', NULL, '+623811122277', '', 'adindatour@yahoo.com', '', '', '', '0', '0', '0', '0'),
	(730, 'LUCASTRAVELSUB', 'LUKAS TOURS & TRAVEL', NULL, 'PERUM WISMA MUKTI JALAN KLAMPIS ANOM XII G 139', 'SURABAYA', '60117', 'INDONESIA', '+62315993625', '+62315993635', 'lukastravel@yahoo.com', NULL, 'MERRY', '', 'lukastravel1@yahoo.com', NULL, NULL, NULL, '0', '1', '1', '0'),
	(731, 'SUNCITYSDA', 'SUNCITY TRAVEL', NULL, 'RUKO SUNCITY B-10', 'SIDOARJO', '61224', 'INDONESIA', '+62318068305', '+62318068304', 'suncitytours_sda@yahoo.com', NULL, 'PUPUT', '', '+6285645034764', NULL, NULL, NULL, '0', '1', '1', '0'),
	(732, 'SERVICETOURSUB', 'SERVICE TOUR', NULL, 'JLN GAJAH MADA 87', 'MOJOKERTO', '61319', 'INDONESIA', '+62321393737', '+62321393737', 'servicetour@yahoo.com', NULL, '+6281330553150', '', 'lynda', NULL, NULL, NULL, '0', '1', '1', '0'),
	(733, 'bianglalasub', 'BIANGALALA TOUR & TRAVEL ', 'BIANGLALA', 'JL. RAYA GUBENG 30 - 32 BLOK A6', 'SURABAYA', '60281', 'INDONESIA', '031-5047979', '031-5010222', 'intlticket@bianglalatour.com', NULL, 'FANDY JAYA SAPUTRA', '', 'bianglala@bianglalatour.com', '', '', '', '0', '0', '0', '0'),
	(734, 'ASIAWISATASUB', 'MAHESA NUSWANTARA SAKTI', NULL, 'JALAN KRUKAH UTARA NO. 88', 'SURABAYA', '60245', 'INDONESIA', '+6231 502 9002', '+6231 502 8947', 'rsv@travelasiawisata.com', NULL, '', '', '+6281233414200', NULL, NULL, NULL, '0', '1', '1', '0'),
	(735, 'INDRAWISATASUB', 'INDRA WISATA INTERNUSA', NULL, 'JL. SEMUT BARU, SURABAYA 60161', 'SURABAYA', '60161', 'INDONESIA', '+62313545717', '+620', 'indrawisata@ymail.com', NULL, 'INDRA', '', 'serafindra@yahoo.com', NULL, NULL, NULL, '0', '1', '1', '0'),
	(736, 'DELTAJUANDA', 'DELTA TOURS', NULL, 'JL.RAYA BANDARA JUANDA 11 SEDATI SIDOARJO', 'SURABAYA', '', 'INDONESIA', '62318682222', '0318675158/8681683', 'safuan.moch@yahoo.co.id', NULL, 'SAFUAN', '', 'safuan', NULL, NULL, NULL, '0', '1', '1', '0'),
	(737, 'STARWISATASUB', 'STAR WISATA TOUR & TRAVEL', NULL, 'JL MULYOSARI 122/PC-35', 'SURABAYA', '60112', 'INDONESIA', '+62315923555', '+62315964047', 'thetravel_sby@yahoo.com', NULL, '', '', '628123033791', NULL, NULL, NULL, '0', '1', '1', '0'),
	(738, 'BCBTOURSUB', 'BCB TOUR & TRAVEL', NULL, 'GWALK SHOP HOUSE W1/15', 'SURABAYA', '60216', 'INDONESIA', '+62317405660', '+623157431062', 'bcbtourtravel@yahoo.com', NULL, 'DEBIE', '', 'tinelanny@yahoo.co.id; tierzhasetligt@gmail.com', NULL, NULL, NULL, '0', '1', '1', '0'),
	(739, 'SOELINDOSUB', 'PT. SOELINDO TOUR AND TRAVEL', NULL, 'JL. BLAMBANGAN 19 SURABAYA', 'SURABAYA', '60265', 'INDONESIA', '62315634670', '62315673627', 'soelindotourandtravel@yahoo.co.id', NULL, '', '', 'myrtha', NULL, NULL, NULL, '0', '1', '1', '0'),
	(740, 'SALIMTOURSUB', 'SALIM INTERNATIONAL', NULL, 'JL.PANGLIMA SUDIRMAN 72 I', 'SURABAYA', '60271', 'INDONESIA', '0315316262 / 5349498', '031 5318018', 'selvi_salimtour@yahoo.com', NULL, '', '', '+6285732333466', NULL, NULL, NULL, '0', '1', '1', '0'),
	(741, 'WSTRAVELSUB', 'PT.WICAKSONO SURYO TRAVEL', NULL, 'JL.KEDUNGDORO NO.68C', 'SURABAYA', '60251', 'INDONESIA', '+62(031)5319506', '+62(031)5467008', 'wstravel.international@gmail.com', NULL, 'LINDA', '', 'linda', NULL, NULL, NULL, '0', '1', '1', '0'),
	(742, 'VAYASUB', 'VAYATOUR', NULL, 'DARMO SQUARE COMPLEX BLOK B-7', 'SURABAYA', '60222', 'INDONESIA', '+61315318109', '+62315318103', 'counter1.tp3@vayatour.com', NULL, 'MEGI', '', 'vayasby@vayatour.com', NULL, NULL, NULL, '0', '1', '1', '0'),
	(743, 'JATATURSUB', 'JATATUR SURABAYA', NULL, 'JL. TANJUNG SADARI 5B', 'SURABAYA', '60177', 'INDONESIA', '+623555559', '+623541366', 'surabaya@jatatur.com', NULL, '628175180454', '', 'ch neyra smeith', NULL, NULL, NULL, '0', '1', '1', '0'),
	(744, 'FULLMOONSUB', 'PT. FULLMOON EXPRESS TOUR AND TRAVEL', NULL, 'JL JEMUR ANDAYANI NO 38', 'SURABAYA', '60', 'INDONESIA', '+62318432220', '+628432250', 'fullmoontour.express.sby@gmail.com', NULL, 'SARI FITRIYANTI', '', 'sarifullmoontravel@yahoo.com', NULL, NULL, NULL, '0', '1', '1', '0'),
	(745, 'INDOMEGASUB', 'INDOMEGA TOUR AND TRAVEL', NULL, 'KLAMPIS MEGAH C15', 'SURABAYA', '60117', 'INDONESIA', '+6231 5998876', '+6231 5998875', 'travelindomega@yahoo.com', NULL, 'SILVY KUSUMADEWI', '', 'support@indomega.net', NULL, NULL, NULL, '0', '1', '1', '0'),
	(746, 'ALLODIASDA', 'CV ALLODIA UTAMA', NULL, 'JL PINTU MASUK TERMINAL PURABAYA, BUNGURASIH TIMUR RT 10 RW 01 BUNGURASIH WARU', 'SIDOARJO', '61256', 'INDONESIA', '+623171034555', '+62318540990', 'allodia_utama@yahoo.co.id', NULL, 'AYU KRISTIN SP', '', 'vicoutomo@yahoo.co.id', NULL, NULL, NULL, '0', '1', '1', '0'),
	(747, 'KARUNATRAVELSEMARANG', 'KARUNA TOUR  & TRAVEL ', NULL, 'JL.MH THAMRIN 72 A SEMARANG', 'SEMARANG', '50133', 'INDONESIA', '024-3521616', '024-3566112', 'karunathamrisrg@yahoo.com ', NULL, '', '', 'metta ', NULL, NULL, NULL, '0', '1', '1', '0'),
	(748, 'ALISHATOURSJAKARTA', 'ALISHA MANDIRI WISATA ( ALISHA TOURS )', NULL, 'JL. ABUSERIN IV NO.7 GANDARIA SELATAN CILANDAK', 'JAKARTA', '12420', 'INDONESIA', '+6287885515994', '+62218370419', 'eputraina@yahoo.com', NULL, '', '', 'erdi', NULL, NULL, NULL, '0', '1', '1', '0'),
	(749, 'ITSSUB', 'INDONESIA TRAVEL SERVICE', NULL, 'SIMPANG DARMO PERMAI SELATAN 17 / 35', 'SURABAYA', '60216', 'INDONESIA', '+62317323858', '+62317323813', 'yolanda.octavia@gmail.com', NULL, '', '', 'yolanda octavia', NULL, NULL, NULL, '0', '1', '1', '0'),
	(750, 'JEHOVAHSUB', 'PT JEHOVAH TRVL', NULL, 'DARMO PERMAI TIMUR 5 NO 20', 'SURABAYA', '60189', 'INDONESIA', '+62317318455', '+62317344782', 'johanes1969@yahoo.com', NULL, '+6281332297798', '', 'chaterina wong', NULL, NULL, NULL, '0', '1', '1', '0'),
	(751, 'VICTORYINDAHSUB', 'VICTORY INDAH PERKASA TRAVEL', NULL, 'JL. BUKIT PAKIS TIMUR 2 / J 15 < PERUM VILA BUKIT MAS >', 'SURABAYA', '60225', 'INDONESIA', '+62315632663', '+62315632663', 'trianam36@gmail.com', NULL, 'TRIANA MAGDALENA SANYOTO', '', 'triana magdalena sanyoto', NULL, NULL, NULL, '0', '1', '1', '0'),
	(752, 'GLORYHOLIDAYSUB', 'GLORY HOLIDAY ', NULL, 'SUTOREJO PRIMA SELATAN XI PH 48 NO 18', 'SURABAYA', '60000', 'INDONESIA', '+623160387823', '+62315935993', 'gloryholidaysby@yahoo.com', NULL, 'NOVITA/AAN', '', 'novita_bachtiar@yahoo.com', NULL, NULL, NULL, '0', '1', '1', '0'),
	(753, 'AGUSTRVUPG', 'AGUS TRAVEL MAKASSAR', NULL, 'JL. NUSANTARA NO. 344, MAKASSAR', 'UJUNG PANDANG', '90173', 'INDONESIA', '+62411 3635533', '+62411 3613922', 'agus_travelmakassar@yahoo.com', NULL, 'ROSLYTA', '', 'rarakemala88@rocketmail.com', NULL, NULL, NULL, '0', '1', '1', '0'),
	(754, 'KARUNATOURSRG', 'KARUNA TOUR  & TRAVEL', NULL, 'JL.MH THAMRIN 72 A SEMARANG ', 'SEMARANG', '50133', 'INDONESIA', '024-3521616', '024-3566112', 'karuna.hotel@yahoo.com ', NULL, 'METTA', '', 'karuna_srg@yahoo.co.id', NULL, NULL, NULL, '0', '1', '1', '0'),
	(755, 'TERRATOURSUB', 'PT TERRA KURNIA SEJAHTERA', NULL, 'RUNGKUT MEGAH RAYA A-39', 'SURABAYA', '60293', 'INDONESIA', '+62318700399', '+62318790175', 'terratourtravel@yahoo.com', NULL, '', '', 'arief', NULL, NULL, NULL, '0', '1', '1', '0'),
	(756, 'JOYOJOG', 'JOYO TRAVELINDO', NULL, 'JL HOS COKROAMINOTO97 YOGYAKARTA', 'YOGYAKARTA', '0274', 'INDONESIA', '+622745306099', '+622745306099', 'joyotravelindo@yahoo.com', NULL, '', '', 'dania', NULL, NULL, NULL, '0', '1', '1', '0'),
	(757, 'UNIVERSALSRG', 'UNIVERSAL TOUR & TRAVEL', NULL, 'JL. MH.THAMRIN NO 100', 'SEMARANG', '50134', 'INDONESIA', '+62.24.3581515', '+62 243569728', 'unitourmm@yahoo.com', NULL, '+628156520508', '', 'stefanisulistio@gmail.com', NULL, NULL, NULL, '0', '1', '1', '0'),
	(758, 'PTSETIOBUDILUHURSUB', 'PT. SETIO BUDI LUHUR', NULL, 'LAKSDA M NATSIR 1-3', 'SURABAYA', '60177', 'INDONESIA', '+62313536311', '+623534926', 'setiobudiluhur@yahoo.co.id', NULL, '+6281330134360', '', 'wiwiksunarti@yahoo.co.id', NULL, NULL, NULL, '0', '1', '1', '0'),
	(759, 'mandiritravelsub', 'MANDIRI TRAVEL', 'MANDIRITRAVEL WIHIN', 'GALAXI BUMI PERMAI K3/9', 'SURABAYA', '60119', 'INDONESIA', '0315910139', '08121683578', 'wihin_siaga@yahoo.co.id', NULL, 'WIHIN', '', 'mandiritravel.wihin@gmail.com', '0817375712', '08121683578', '5FA03439', '0', '0', '0', '0'),
	(760, 'THERABUANASUB', 'THERA BUANA TOURS & TRAVEL', NULL, 'JL KEDUNG COWEK 47 C', 'SURABAYA', '', 'INDONESIA', '+62313727777', '+62313728777', 'tour@therabuana.com', NULL, '+6282234084517', '', 'isma@therabuana.co.id', NULL, NULL, NULL, '0', '1', '1', '0'),
	(761, 'GALERYTRAVELMADIUN', 'GALERY TOUR AND TRAVEL', NULL, 'JL HA SALIM NO 55 MADIUN', 'MADIUN', '63133', 'INDONESIA', '+62351473637', '+62351473709', 'galerytravel@yahoo.com', NULL, '', '', 'wahyuni sukadi, s.sos', NULL, NULL, NULL, '0', '1', '1', '0'),
	(762, 'VISIONTOURSUB', 'VISION TOUR', NULL, 'PANDEGILING 21A', 'SURABAYA', '60265', 'INDONESIA', '+62315619698', '+62315619897', 'visiontour@indo.net.id', NULL, 'YONG FU', '', 'vision_tour2004@yahoo.com', NULL, NULL, NULL, '0', '1', '1', '0'),
	(763, 'MENTARIHOLIDAYSSUB', 'PT. MENTARI AGUNG SEJAHTERA', NULL, 'ROYAL PLAZA LOWER GROUND AB1-16 JL. ACHMAD YANI 16-18 SURABAYA', 'SURABAYA', '60231', 'INDONESIA', '03170335005, 7033500', '0318271470', 'mentariholidays@gmail.com', NULL, '+628125803005', '', 'mentari_wisata@yahoo.co.id', NULL, NULL, NULL, '0', '1', '1', '0'),
	(764, 'RHEMATOURSUB', 'RHEMA TOURS AND TRAVEL', NULL, 'JL. RAYA JEMURSARI 234A KAV.15', 'SURABAYA', '60299', 'INDONESIA', '+62318490783', '+62318470853', 'info@rhematours.com', NULL, 'ROSALIA', '', 'marketing_1@rhematours.com', NULL, NULL, NULL, '0', '1', '1', '0'),
	(765, 'CMCHANTALSUB', 'CMCHANTAL TRAVEL', NULL, 'ASEM RAYA MULYA 6', 'SURABAYA', '60182', 'INDONESIA', '623160250606', '62315325706', 'cmchantal_travel@yahoo.com', NULL, '', '', 'christina', NULL, NULL, NULL, '0', '1', '1', '0'),
	(766, 'PURYEXPRESS', 'PURY EXPRESS', NULL, 'JL.KEDONDONG NO.16 PANDEAN, WLINGI, BLITAR', 'BLITAR', '66184', 'INDONESIA', '+62342691761', '-', 'puriexpresstravel@gmail.com', NULL, 'MS. SITI', '', 'siti.km77@gmail.com', NULL, NULL, NULL, '0', '1', '1', '0'),
	(767, 'SATIVASUB', 'SATIVA WISATA DUNIA ', NULL, 'JL.GERSIKAN 1 NO 34', 'SURABAYA', '', 'INDONESIA', '+62315034553', '+62315034553', 'sativatravel@yahoo.com', NULL, '+628175078008', '', 'jsoegiarto@yahoo.com', NULL, NULL, NULL, '0', '1', '1', '0'),
	(768, 'SAARAHGOLDENSUB', 'SAARAH GOLDEN WISATA', NULL, 'JL. KETAMPON 2', 'SURABAYA', '60224', 'INDONESIA', '+62315615040', '+62315672849', 'ashiblienona@yahoo.co.id', NULL, '', '', 'della', NULL, NULL, NULL, '0', '1', '1', '0'),
	(769, 'TYARAHOLIDAYSUB', 'TYARA HOLIDAYS SURABAYA', NULL, 'JL. JOJORAN 2 / 12', 'SURABAYA', '60252', 'INDONESIA', '+62315033526', '+62315033526', 'tyaraholidays02@yahoo.com', NULL, '+628520400', '', 'antonius de pauw', NULL, NULL, NULL, '0', '1', '1', '0'),
	(770, 'OMEGAHOLIDAYSUB', 'PT.OMEGA HOLIDAYS', NULL, 'HR MUHAMMAD NO 373-383 RUKO GOLDEN PALACE BLOK E-10', 'SURABAYA', '', 'INDONESIA', '+62317320666', '+62317327391', 'omega_holidays@yahoo.com', NULL, '', '', 'hendra,sandra,fonni', NULL, NULL, NULL, '0', '1', '1', '0'),
	(771, 'LAPTOPSUB', 'LAPTOP TOUR AND TRAVEL', NULL, 'KUPANG JAYA II / 22', 'SURABAYA', '60189', 'INDONESIA', '03183624991', '0317316158', 'charles_oi@yahoo.com', NULL, '', '', 'joy', NULL, NULL, NULL, '0', '1', '1', '0'),
	(772, 'WAHANASUB', 'WAHANA INTER NUSA', NULL, 'JL. TAMBAKSARI 73', 'SURABAYA', '', 'INDONESIA', '+62315010111', '+62315056111', 're.dinna@yahoo.co.id', NULL, 'DINNA', '', 'wahanainsandigjaya@yahpoo.co.id', NULL, NULL, NULL, '0', '1', '1', '0'),
	(773, 'LOTUSSUB', 'LOTUS TRAVEL', NULL, 'PANDIGILING 320 (HOTEL HIMALAYA)', 'SURABAYA', '60263', 'INDONESIA', '+628113435668', '', 'lotus_travel88@yahoo.com', NULL, '', '', 'sisca', NULL, NULL, NULL, '0', '1', '1', '0'),
	(774, 'SURYAKENCANASUB', 'PT SURYA KENCANA TRAVEL', NULL, 'JL. SUMATRA 31 E', 'SURABAYA', '', 'INDONESIA', '+62315051439', '+62315051439', 'suryakencanatravel@yahoo.com', NULL, 'BENYAMIN SANTOSO', '', 'benyamin santoso', NULL, NULL, NULL, '0', '1', '1', '0'),
	(775, 'GRAHAWISATASUB', 'GRAHA WISATA TRAVEL', NULL, 'GRAHA SAMPURNA INDAH S-5', 'SURABAYA', '60189', 'INDONESIA', '+620317534561', '+620317534561', 'al_vero@yahoo.com', NULL, '', '', 'alicia', NULL, NULL, NULL, '0', '1', '1', '0'),
	(776, 'JJTRAVELSUB', 'JJ TRAVEL', NULL, 'SEMALANG INDAH VIII/23 (BLOK W-23)', 'SURABAYA', '60117', 'INDONESIA', '+623181011156', '+62315946539', 'jj_travel01@yahoo.co.id', NULL, '+6287853800005', '', 'gtjora@gmail.com', NULL, NULL, NULL, '0', '1', '1', '0'),
	(777, 'MGTRAVELSUB', 'MG TOUR & TRAVEL', NULL, 'SEMOLOWARU UTARA V/1', 'SURABAYA', '', 'INDONESIA', '+62315944222', '+62315944957', 'js_sbytravel@yahoo.co.id', NULL, '', '', 'echa', NULL, NULL, NULL, '0', '1', '1', '0'),
	(778, 'TRANSCAKRAWALA', 'TRANS CAKRAWALA TOUR', NULL, 'KOMPLEK SPBU PERTAMINA NO. 61.751.02 - JL. SLAMET RIYADI', 'SAMARINDA', '75126', 'INDONESIA', '+625417779222', '+62541731078', 'info@transcakrawala.com', NULL, '', '', 'noercahyono', NULL, NULL, NULL, '0', '1', '1', '0'),
	(779, 'BLESSLAMPUNG', 'BLESS TRAVEL LAMPUNG', NULL, 'JL.RAYA MURNI JAYA, TULANG BAWANG BARAT. LAMPUNG', 'TULANG BAWANG', '', 'INDONESIA', '+6281540819736', '-', 'maura_roya@yahoo.com', NULL, 'ROYA', '', 'roya', NULL, NULL, NULL, '0', '1', '1', '0'),
	(780, 'PACTOSUB', 'PT. PACTO', NULL, 'BUMI SURABAYA HOTEL', 'SURABAYA', '60271', 'INDONESIA', '+62315460628', '+62315326385', 'vens.haurissa@yahoo.com', NULL, '', '', 'vens', NULL, NULL, NULL, '0', '1', '1', '0'),
	(781, 'AYOWISATAJKT', 'PT. GLOBALINDO KREASI WISATA / AYO WISATA - JAKARTA', NULL, 'PUSAT NIAGA ROXY MAS BLOK.C2 NO.8 JL.KH.HASYIM ASHARI JAKARTA 10150', 'JAKARTA', '10150', 'INDONESIA', '+6263856638', '+6263858428', 'panintravel1@ayowisata.com', NULL, '+6281808985333', '', 'nurul ', NULL, NULL, NULL, '0', '1', '1', '0'),
	(782, 'VIFAAIR', 'PT VIFAAIR', NULL, 'RUKO KARTIKA NIAGA A1', 'SURABAYA', '60222', 'INDONESIA', '0317663653', '+62317665755', 'pt.vifaair@yahoo.com', NULL, '', '', 'giri basuki', NULL, NULL, NULL, '0', '1', '1', '0'),
	(783, 'SMARTSUB', 'PT.SMART MULTI ABADI(SMART TOUR)', NULL, 'JL.NGAGEL 143 W', 'SURABAYA', '60246', 'INDONESIA', '+62315024200', '+62315024204', 'smart_trv@yahoo.com', NULL, 'SOFYAN DJAYAPUTRA', '', 'hotelnet.solutions@yahoo.com', NULL, NULL, NULL, '0', '1', '1', '0'),
	(784, 'REFRESHBALI', 'REFRESH BALI', NULL, 'JL RAYA PEMOGAN NO 267', 'DENPASAR', '80113', 'INDONESIA', '+620361-3676317', 'novi@refreshtravelba', 'travelrefresh01@yahoo.com', NULL, '', '', 'lynoviawati ( novi )', NULL, NULL, NULL, '0', '1', '1', '0'),
	(785, 'INDONUSANTARASUB', 'PT. AGIP INDO NUSANTARA ', NULL, 'JL. KALIANYAR 15A SURABAYA 60273, INDONESIA\r\n ', 'SURABAYA', '60273', 'INDONESIA', '031-5317139 - 41', '031-5313387', 'lukman_winarko@yahoo.com', NULL, 'LUKMAN WINARKO', '', '-', NULL, NULL, NULL, '0', '1', '1', '0'),
	(786, 'UDSAFIRASUB', 'UD.SAFIRA', NULL, 'JLN LAMONGANDALAM NO8GKB', 'GRESIK', '61151', 'INDONESIA', '+62313959400', '', 'sanusi258036@yahoo.com', NULL, 'BPK SANUSI', '', '+6281254091796', NULL, NULL, NULL, '0', '1', '1', '0'),
	(787, 'LTXSUB', 'LTX TOURS TRAVEL', NULL, 'JLN. NANAS I / 206A', 'SURABAYA', '', 'INDONESIA', '', '', 'ltx_tourtravel@yahoo.com', NULL, '', '', '', NULL, NULL, NULL, '0', '1', '1', '0'),
	(788, 'EASYSDA', 'EASY TRAVEL', NULL, 'DUKUH TENGAH 25 BUDURAN SIDOARJO', 'SIDOARJO', '61252', 'INDONESIA', '8913820', '', 'trv_andy@yahoo.com', NULL, '081357070003', '', 'andy', NULL, NULL, NULL, '0', '1', '1', '0'),
	(789, 'INSIGHTSUB', 'INSIGHT TOUR TRAVEL', NULL, 'JLN TUNJUNGAN 94 SURABAYA', 'SURABAYA', '-', 'INDONESIA', '+625353288', '+625353980', 'info@insighttourtravel.com', NULL, '', '', 'yani', NULL, NULL, NULL, '0', '1', '1', '0'),
	(790, 'NUSAWISATASUB', 'PT.WIJAYA NUSAWISATA TOUR & TRAVEL', NULL, 'BALIWERTI TRADE MALL 119 - 121 KAV 12.', 'SURABAYA', '60174', 'INDONESIA', '+62315324428', '+62315325311`', 'agustini_nusawisata@yahoo.com', NULL, 'AGUSTINI DJOENAIDI', '', 'tour_nusawisata@hotmail.com', NULL, NULL, NULL, '0', '1', '1', '0'),
	(791, 'LAVENSIASUB', 'LAVENSIA TOUR & TRAVEL', NULL, 'JL. NGINDEN INTAN RAYA NO. 7', 'SURABAYA', '60118', 'INDONESIA', '+62315992855', '+62315982855', 'lukmanhartono31@yahoo.com', NULL, '', '', '+628121705888', NULL, NULL, NULL, '0', '1', '1', '0'),
	(792, 'JANNETTEFAW', 'JANNETTEFAW', NULL, 'FTU', 'KULONPROGO', '123456', 'INDONESIA', '123456', '123456', 'jannetterop@hotmail.com', NULL, '', '', 'jannetterop@hotmail.com', NULL, NULL, NULL, '0', '1', '1', '0'),
	(793, 'MITRAABADISUB', 'MITRA ABADI TOUR', NULL, 'WONOREJOSARI 4/W10 28', 'SURABAYA', '60296', 'INDONESIA', '+62318678850', '+62318678850', 'mitraabaditour@yahoo.com', NULL, '+623171507741', '', 'mitraabaditour@yahoo.com', NULL, NULL, NULL, '0', '1', '1', '0'),
	(794, 'MPWSUB', 'MENTARI PESONA WISATA ', NULL, 'GRAHA BUMIPUTRA 155-159', 'SURABAYA', '', 'INDONESIA', '0315666526', '0315666531', 'ceilo2761@yahoo.com', NULL, 'DEWI ANGGRAINI', '', 'mpw_sukses@yahoo.com', NULL, NULL, NULL, '0', '1', '1', '0'),
	(795, 'UNIXTOURSUB', 'UNIX TOUR & TRAVEL', NULL, 'PERTOKOAN PASAR WISATA JUANDA C12', 'SURABAYA', '', 'INDONESIA', '03131157775', '0318690049', 'unixtour@yahoo.com', NULL, '-', '', '', NULL, NULL, NULL, '0', '1', '1', '0'),
	(796, 'SAMPURNASUB', 'PT.SAMPURNA MEGA SURYA', NULL, 'JL.NGAGEL JAYA SELATAN 106 SURABAYA', 'SURABAYA', '60245', 'INDONESIA', '+62 31 5023288 - 503', '+62 31 5033288', 'sampurna_tours_sub@yahoo.com', NULL, 'FELIX', '', 'felix herawan', NULL, NULL, NULL, '0', '1', '1', '0'),
	(797, 'VRCESUB', 'VRCE TRAVEL', NULL, 'PERUM KOALA REGENCY R-3, JL. KRI YOS SUDARSO, SEMOLO BAHARI,', 'SURABAYA', '60119', 'INDONESIA', '+62315955151', '+62315981467', 'vrce.travel1@yahoo.co.id', NULL, '', '', 'rosemary gunawan', NULL, NULL, NULL, '0', '1', '1', '0'),
	(798, 'MATTRASABADI', 'PT.MATTRAS ABADI TOUR & TRAVEL', NULL, 'RAYA MULYOSARI NO. 76E', 'SURABAYA', '60112', 'INDONESIA', '62315913929', '62315913829', 'mattras_abadi@hotmail.com', NULL, 'EDDYSON', '', 'susantiarjunani@yahoo.com', NULL, NULL, NULL, '0', '1', '1', '0'),
	(799, 'MONREVEJKT', 'MONREVE TRAVEL', NULL, 'JL KH TAISIR 2A KEMANGGISAN', 'JAKARTA', '', 'INDONESIA', '+622153664926', '+622153664926', 'monrevejkt@yahoo.com', NULL, '+628170001077', '', 'chicha', NULL, NULL, NULL, '0', '1', '1', '0'),
	(800, 'TRAVELINKSUB', 'PT. TRAVELINK WISATA', NULL, 'PTC LG FLOOR A9 - 41/11', 'SURABAYA', '60123', 'INDONESIA', '+62317390661', '+62317390356', 'travelink_tours@yahoo.com', NULL, '+6281331140928', '', 'titin', NULL, NULL, NULL, '0', '1', '1', '0'),
	(801, 'PERFORMABTH', 'PT PERFORMA TOUR & TRAVEL', NULL, 'RUKO INTI BATAM BLOK A NO 7 SEI PANAS', 'BATAM', '29456', 'INDONESIA', '+62778453215', '+62778433030', 'performa_fs@hotmail.com', NULL, '+6282126636388', '', 'performa_tiketing3@yahoo.co.id', NULL, NULL, NULL, '0', '1', '1', '0'),
	(802, 'PELANGISUB', 'PELANGI TRAVEL', NULL, 'DANAU BATUR RAYA 47A PERUM TAMAN GRIYA JIMBARAN', 'SURABAYA', '80363', 'INDONESIA', '+6282338600075', '+62361777696', 'pelangi_tour_travel@yahoo.com', NULL, 'NOVA ANGELIA', '', 'nova.angelia86@gmail.com', NULL, NULL, NULL, '0', '1', '1', '0'),
	(803, 'JTOURSUB', 'J TOUR & TRAVEL', NULL, 'JL. PANGLIMA SUDIRMAN 101-103', 'SURABAYA', '60271', 'INDONESIA', '+62315328808', '+62315328798', 'junaydy@yahoo.com', NULL, '+62817328808', '', 'junaydy', NULL, NULL, NULL, '0', '1', '1', '0'),
	(804, 'ANTAEXPSUB', 'ANTA EXPRESS TOUR AND TRAVEL SERVICE,TBK', NULL, 'JL.BENGAWAN 51 SURABAYA', 'SURABAYA', '', 'INDONESIA', '+62315662022', '+62315619441', 'tix6.sub@antatour.com', NULL, 'ANGGA', '', 'tix5.sub@antatour.co', NULL, NULL, NULL, '0', '1', '1', '0'),
	(805, 'SEVENWORLDSUB', 'SEVEN WORLD TOURS', NULL, 'RUKO GOLDEN PALACE E-18, JL HR MUHAMMAD 373-383', 'SURABAYA', '60226', 'INDONESIA', '+6231-7322577', '+62317322504', 'info@sevenworldtours.com', NULL, '', '', 'fifi', NULL, NULL, NULL, '0', '1', '1', '0'),
	(806, 'FANTASYSUB', 'FANTASY TOURS AND TRAVEL', NULL, 'JL. SULAWESI NO 3 LT 3', 'SURABAYA', '', 'INDONESIA', '62315021555', '62315035973', 'fantasytour@ymail.com', NULL, '', '', 'rini risnawati susilo', NULL, NULL, NULL, '0', '1', '1', '0'),
	(807, 'MARYELLENSUB', 'PT BIRO PERJALANAN WISATA MARY ELLEN', NULL, 'JL SENTRA TAMAN PUSPA RAYA A 3', 'SURABAYA', '60218', 'INDONESIA', '+62317406259', '-', 'maryellen.tour_travel@yahoo.com', NULL, '+6282230808202', '', 'dewi', NULL, NULL, NULL, '0', '1', '0', '0'),
	(808, 'SIMPLESUB', 'SIMPLE TRAVEL INDONESIA', NULL, 'JL JEMURSARI UTARA V NO 32', 'SURABAYA', '60237', 'INDONESIA', '+623160183032', '-', 'simpletravelind@gmail.com', NULL, '+62817539694/+62816520662', '', 'samodra mirza', NULL, NULL, NULL, '0', '1', '1', '0'),
	(809, 'VICTORYJAYA', 'VICTORY JAYA TOUR TRAVEL ', NULL, 'JLN BUKIT BARISAN 1B MALANG', 'MALANG', '65146', 'INDONESIA', '03416652354-08581514', '', 'infowedding67@gmail.com', NULL, '+623416652354', '', '03416652354', NULL, NULL, NULL, '0', '1', '1', '0'),
	(810, 'TRAVELPLUSSUB', 'TRAVELPLUS - INDONESIA', NULL, 'JL ARIF RAHMAN HAKIM PERUMAHAN REGENSI 21 BLOK D26', 'SURABAYA', '', 'INDONESIA', '+623171539913', '+62317311386', 'hello@yourtravelplus.com', NULL, '', '', 'patrick wahjudi', NULL, NULL, NULL, '0', '1', '1', '0'),
	(811, 'TRINITYESCORT', 'TRINITYESCORT TOUR AND TRAVEL ', NULL, 'JL BLIMBING 1 NO 4 PONDOK CHANDRA INDAH SIDOARJO', 'SIDOARJO', '61256', 'INDONESIA', '623118663003', '62318663003', 'diana_glx17@yahoo.com', NULL, '6287851546624', '', '6287851546624', NULL, NULL, NULL, '0', '1', '1', '0'),
	(812, 'CONTAKTOUR', 'PT. CONTAK SUKSES LINTAS ANGKASA TOUR', NULL, 'JL PASAR BESAR WETAN 26D', 'SURABAYA', '60174', 'INDONESIA', '+62313535123', '+62313539345', 'contak.tour.rsvn02@gmail.com', NULL, '+6281252202028', '', '+623191032028', NULL, NULL, NULL, '0', '1', '1', '0'),
	(813, 'TRAVELSAHARA', 'PT. SAHARA JAYA LESTARI', NULL, 'JLN. VETERAN 5A NO. 21', 'GRESIK', '61122', 'INDONESIA', '623170550252', '+62313990132', 'travel.sahara@yahoo.com', NULL, '+628123536462', '', 'travel.sahara@yahoo.com', NULL, NULL, NULL, '0', '1', '1', '0'),
	(814, 'SAVERHOLIDAY', 'SAVER HOLIDAY', NULL, 'RAYA LONTAR NO.10', 'SURABAYA', '60219', 'INDONESIA', '+62317402030', '+62317421035', 'sylvia@saverholiday.com', NULL, 'SYLVIA HANDI', '', 'sylviahandi@yahoo.com', NULL, NULL, NULL, '0', '1', '1', '0'),
	(815, 'MONASSUB', 'MONAS TOURS & TRAVEL', NULL, 'DHARMAHUSADA UTARA NO 6', 'SURABAYA', '60582', 'INDONESIA', '0315965696', '0315965096', 'ticketing@monastours.com', NULL, '', '', 'retno', NULL, NULL, NULL, '0', '1', '1', '0'),
	(816, 'JETSTARJKT', 'JETSTAR JAKARTA', NULL, 'TBA', 'SURABAYA', '', 'INDONESIA', '-', '-', '-', NULL, '', '', '-', NULL, NULL, NULL, '0', '1', '1', '0'),
	(817, 'HONEYSUB', 'HONEY HOLIDAY TRAVEL PAKUWON', NULL, 'PAKUWON CITY SAN ANTONIO N5/7', 'SURABAYA', '60112', 'INDONESIA', '+623160144261', '+62313766631', 'honey_travel18@yahoo.com', NULL, 'SUSANA', '', 'susana', NULL, NULL, NULL, '0', '1', '1', '0'),
	(818, 'IBIZASUB', 'PT.IBIZA INDO SENTOSA TOUR & TRAVEL', NULL, 'JL.DARMO PERMAI III - RUKO PASAR MODERN 6', 'SURABAYA', '60226', 'INDONESIA', '+623199001031', '+62317322648', 'ibizatourtravel@gmail.com', NULL, '', '', 'tutik', NULL, NULL, NULL, '0', '1', '1', '0'),
	(819, 'SUDDENLYSUB', 'SUDDENLY TRAVEL', NULL, 'PRM 17, PROMENADE ARCADE HOTEL BUMI SBY,JL. JEND BASUKI RACHMAT 106-128', 'SURABAYA', '60271', 'INDONESIA', '+625349887', '+625356758', 'tour1@suddenlytravel.com', NULL, '+6287854910887', '', 'tour2@suddenlytravel.com', NULL, NULL, NULL, '0', '1', '1', '0'),
	(820, 'KAMIKAWASUB', 'KAMIKAWA TRAVEL', NULL, 'PAKUWON TRADE CENTER (PTC)', 'SURABAYA', '60000', 'INDONESIA', '0317390628', '0317392196', 'outbound@kamikawatravel.com', NULL, 'DIANA / YUNITA', '', 'info@kamikawatravel.com', NULL, NULL, NULL, '0', '1', '1', '0'),
	(821, 'DIGITALHOLIDAY', 'DIGITAL HOLIDAY', NULL, 'TAMAN UBUD LOKA 1 NO.1', 'TANGERANG', '15811', 'INDONESIA', '+622192033800', '+622192033801', 'yudigadget@gmail.com', NULL, '', '', 'yudi', NULL, NULL, NULL, '0', '1', '1', '0'),
	(822, 'HIDAYAHSUB', 'PT.HIDAYAH', NULL, 'JL.JUANDA NO.8', 'SIDOARJO', '61254', 'INDONESIA', '0318530206', '0318557165', 'hidayah_mandiri@yahoo.co.id', NULL, '0318557166', '', '0318557166', NULL, NULL, NULL, '0', '1', '1', '0'),
	(823, 'SARIJAYATRAVELSUB', 'PT SARIJAYA REJEKI TRAVELINDO', NULL, 'JL SIDOSERMO INDAH NO 30', 'SURABAYA', '', 'INDONESIA', '+62318497488', '+62318414230', 'sarijayatravel@yahoo.com', NULL, '', '', 'eva ', NULL, NULL, NULL, '0', '1', '1', '0'),
	(824, 'RODEXKALIJUDANSUB', 'RODEX KALIJUDAN', NULL, 'JL. KALIJUDAN BARAT I / 33', 'SURABAYA', '60112', 'INDONESIA', '+62313893909', '+62313821737', 'rodexnginden@gmail.com', NULL, '', '', 'charlotte', NULL, NULL, NULL, '0', '1', '1', '0'),
	(825, 'LVKSUB', 'ELVEKA TOUR AND TRAVEL', NULL, 'JALAN KEBONSARI LVK VII NO.41 SURABAYA', 'SURABAYA', '60233', 'INDONESIA', '+62 31 8270645', '+62 31 8270645', 'lvk_travel@yahoo.com', NULL, 'EVI SARI', '', 'ticketing2_lvk@yahoo', NULL, NULL, NULL, '0', '1', '1', '0'),
	(826, 'ASINDOGLOBAL', 'ASINDO GLOBAL TRAVEL', NULL, 'JL. PAHLWAN', 'MANOKWARI', '98312', 'INDONESIA', '+6281225452885', '', 'defretessammy@gmail.com', NULL, '', '', '', NULL, NULL, NULL, '0', '1', '1', '0'),
	(827, 'ISTANAPERMATATRAVELINDO', 'CV ISTANA PERMATA TRAVELINDO', NULL, 'JL ABD RAHMAN NO 27 DESA PEBEAN KECAMATAN SEDATI KABUPATEN SIDOARJO', 'SIDOARJO', '61253', 'INDONESIA', '+6282140004250', '', 'istanapt@gmail.com', NULL, 'MR DANIEL ADITYA ROMADIYANTO', '', 'tiketipt@gmail.com', NULL, NULL, NULL, '0', '1', '1', '0'),
	(828, 'ASINDOSUB', 'ASINDO GLOBAL TOUR AND TRAVEL SURABAYA', NULL, 'JL. MULYOSARI RAYA NO 27 SURABAYA', 'SURABAYA', '60112', 'INDONESIA', '+62-31-444888', '+62-31-5935250', 'servicesandproduct@asindoglobal.com', NULL, '', '', 'inof', NULL, NULL, NULL, '0', '1', '1', '0'),
	(829, 'LIGHTSUB', 'LIGHT TOUR', NULL, 'VILLA KALIJUDAN S-12', 'SURABAYA', '60640', 'INDONESIA', '+6260600359', '', 'light_tour@yahoo.com', NULL, '', '', 'sandy', NULL, NULL, NULL, '0', '1', '1', '0'),
	(830, 'ANANDAGEMILANG', 'ANANDA GEMILANG TOUR AND TRAVEL', NULL, 'JL. RAYA CIBARUSAH SUKARESMI NO 28 A LIPPO CIKARANG', 'BEKASI', '17552', 'INDONESIA', '+62-21-218976001', '+62-21-218976002', 'anandagemilang_tourandtravel@yahoo.co.id', NULL, '', '', 'chacha. mrs', NULL, NULL, NULL, '0', '1', '1', '0'),
	(831, 'AIRWISATACGK', 'AIR WISATA TOUR AND TRAVEL', NULL, 'SHOPPING ARCADE HOTEL SANTIKA. JL AIPDA KS TUBUN 7 SLIPI', 'JAKARTA', '11410', 'INDONESIA', '+622153670525 , +622', '+622153670526', 'suciaty@airwisata.com', NULL, '', '', 'ms.suciaty richa', NULL, NULL, NULL, '0', '1', '1', '0'),
	(832, 'NADITHATRAV', 'NADITHA TRAVEL', NULL, 'JL. SEMERU XIV NO. R 11', 'JEMBER', '64114', 'INDONESIA', '+62331337985', '+62331337985', 'nadithatravel@yahoo.com', NULL, '', '', 'naditha', NULL, NULL, NULL, '0', '1', '1', '0'),
	(833, 'NUGROHOSDA', 'NUGROHO TOUR & TRAVEL (PT. DWI CAHYO NUGROHO)', NULL, 'GADING KIRANA ESTATE M6, JL KESATRIAN-BUDURAN-SIDOARJO', 'SIDOARJO', '61272', 'INDONESIA', '+623199010176', '+623199010177', 'cahyo.nugrohotours@yahoo.co.id', NULL, '+6281332007997', '', 'dwi cahyo nugroho', NULL, NULL, NULL, '0', '1', '1', '0'),
	(834, 'CAPTAINSUB', 'CAPTAIN TOUR AND TRAVEL', NULL, 'NIRWANA EKSEKUTIF EE 40A', 'SURABAYA', '60296', 'INDONESIA', '+6283849711200', '', 'captaintt1@yahoo.com', NULL, 'ANDI LAURENTINUS', '', 'captaintt2@yahoo.com', NULL, NULL, NULL, '0', '1', '1', '0'),
	(835, 'FELITOURSUB', 'FELI TOUR & TRAVEL', NULL, 'BABATAN PRATAMA 24 QQ-58', 'SURABAYA', '60227', 'INDONESIA', '+6288173282', '+628707689', 'lien_hwa84@yahoo.com', NULL, 'ERMIN', '', 'lien_hwa84@gmail.com', NULL, NULL, NULL, '0', '1', '1', '0'),
	(836, 'HENSTRAVEL', 'HENSKO TOUR & TRAVEL', NULL, 'JL. DUKU 7 / CB-22 PONDOKCANDRA WADUNGASRI- WARU', 'SIDOARJO', '61256', 'INDONESIA', '+62318670368', '+62318670368', 'henstravel@yahoo.co.id', NULL, 'HENI SUSILOWATI', '', 'henstravel@yahoo.co.id', NULL, NULL, NULL, '0', '1', '1', '0'),
	(837, 'CITRAMASTVL', 'CITRAMAS TOUR & TRAVEL', NULL, 'JL.TUMENGGUNG SURYO 108', 'MALANG', '65122', 'INDONESIA', '+62341410960', '+62341410961', 'citramastvl88@yahoo.com', NULL, '', '', 'maria', NULL, NULL, NULL, '0', '1', '1', '0'),
	(838, 'JAVACLUBS', 'JAVA TRAVEL INTERNATIONAL', NULL, 'BG JUNCTION MALL L2 - B33', 'SURABAYA', '', 'INDONESIA', '+6285312798888', '', 'javatravelclubs@gmail.com', NULL, 'MR. FAUSSY', '', 'mr. faussy', NULL, NULL, NULL, '0', '1', '1', '0'),
	(839, 'CBTSTRAVELUPG', 'CBTS TRAVELLER SERVICES', NULL, 'JL.GN.BAMBAPUANG I NO.21', 'UJUNG PANDANG', '90145', 'INDONESIA', '+624112878000', '-', 'cbts_mks@yahoo.co.id', NULL, '+628124182008', '', 'liliana cahya tanuwijaya', NULL, NULL, NULL, '0', '1', '1', '0'),
	(840, 'RAFINDOTRANS', 'RAFINDO TOUR AND TRAVEL', NULL, 'JL RAYA WONOREJO SELATAN KAV.17', 'SURABAYA', '60296', 'INDONESIA', '62318799779 ; 031703', '62318790130', 'rafindo.trans17@gmail.com', NULL, 'SITI, IRWAN, YUFAN', '', 'bimo', NULL, NULL, NULL, '0', '1', '1', '0'),
	(841, 'SURYAINDAHSUB', 'SURYA INDAH HOLIDAY', NULL, 'PERUM THE SERENITY KAV.30, JL. NGINDEN SEMOLO', 'SURABAYA', '60117', 'INDONESIA', '+62315916234', '+62315916237', 'suryaindahholiday@gmail.com', NULL, 'DEWI VIRTANA', '', 'sih.tnt@gmail.com', NULL, NULL, NULL, '0', '1', '1', '0'),
	(842, 'GUNAELEKTROSUB', 'PT. GUNA ELEKTRO', NULL, 'JL. RUNGKUT INDUSTRI I / NO. 29', 'SURABAYA', '60239', 'INDONESIA', '+62318499980', '62318499981', '@3ana05@gmail.com', NULL, '', '', 'adriana', NULL, NULL, NULL, '0', '1', '1', '0'),
	(843, 'AMATOURSMES', 'PT. AMATOUR HOLIDAY', NULL, 'JL. GARU II KOMP. GRAND HARJOSASRI I NO 9K', 'MEDAN', '70111', 'INDONESIA', '+62617853444', '62617863333', 'amatours.express@yahoo.com', NULL, 'MR WILSON', '', 'info.amatours@yahoo.com', NULL, NULL, NULL, '0', '1', '1', '0'),
	(844, 'AASTOURSUB', 'AAS TOUR TRAVEL', NULL, 'SUTOREJO TENGAH 14 / 43', 'SURABAYA', '', 'INDONESIA', '+62391089088', '', 'budi_setiawan154@yahoo.com', NULL, 'BUDI SETIAWAN', '', 'budi setiawan', NULL, NULL, NULL, '0', '1', '1', '0'),
	(845, 'RODEXSK', 'RODEX GRAND SUNGKONO', NULL, 'RUKO GRAND SUNGKONO 2 / D 12', 'SURABAYA', '60225', 'INDONESIA', '+62315611119', '+62315611110', 'rodexgrandsungkono@yahoo.com', NULL, '', '', 'mukti ali', NULL, NULL, NULL, '0', '1', '1', '0'),
	(846, 'CANOESUB', 'KAYA HOLIDAY', NULL, 'JL. PONDOK JATI AI/12A', 'SIDOARJO', '61252', 'INDONESIA', '+623199702276', '+623199702276', 'kayaholidaytravel@gmail.com', NULL, 'GAMALIEL GANATTA', '', 'canoetravel2@yahoo.co.id', NULL, NULL, NULL, '0', '1', '1', '0'),
	(847, 'CITRALINKSUB', 'PT. CITRALINK TOUR & TRAVEL', NULL, 'JL.JAMBANGAN KEBONAGUNG NO.24 SURABAYA', 'SURABAYA', '', 'INDONESIA', '+6231 8298298', '+62318299008', 'citralink@yahoo.com', NULL, 'NURCHOLIK', '', 'citralink.tour@yahoo.com', NULL, NULL, NULL, '0', '1', '1', '0'),
	(848, 'MARSHANSUB', 'MARSHAN TRAVEL', NULL, 'RAYA KENDANGSARI 84', 'SURABAYA', '60292', 'INDONESIA', '+6282131884177', '+62318438840', 'marshan.travel@gmail.com', NULL, '+623170606161', '', 'marshantravel@yahoo.com', NULL, NULL, NULL, '0', '1', '1', '0'),
	(849, 'ARRAHMANIYAHCGK', 'ARRAHMANIYAH TOUR', NULL, 'LEMBAH AREN RAYA K 18 NO 3', 'JAKARTA', '13450', 'INDONESIA', '+622186901665', '+622186901665', 'arrahmaniyah.tours@gmail.com', NULL, '+6285719287637', '', 'fmassese@gmail.com', NULL, NULL, NULL, '0', '1', '1', '0'),
	(850, 'PERFORMASUB', 'PT PERFORMA TOUR AND TRAVEL', NULL, 'WISMA PERMAI BARAT 1 BLOK LL NO.32, SURABAYA', 'SURABAYA', '', 'INDONESIA', '+62315993372', '', 'performa_ac@hotmail.com', NULL, '', '', 'sherliana', NULL, NULL, NULL, '0', '1', '1', '0'),
	(851, 'TMJTRAVEL', 'TUNAS MANDIRI JAYA TOUR TRAVEL', NULL, 'JL. TIDAR 2B', 'MALANG', '65146', 'INDONESIA', '62341576717', '62341584413', 'tmjtravel@yahoo.com', NULL, '6285791260476', '', 'sifera', NULL, NULL, NULL, '0', '1', '1', '0'),
	(852, 'SMARTVACSUB', 'SMART VACATION', NULL, 'JL. RAYA SUKOMANUNGGAL JAYA, NO. 76- SURABAYA', 'SURABAYA', '60188', 'INDONESIA', '+62 31 70600617', '+62 31 8490545', 'mayapuspandari.73@gmail.com', NULL, 'MAYA', '', 'sv.tourtravel@gmail.com', NULL, NULL, NULL, '0', '1', '1', '0'),
	(853, 'NIKITOURSUB', 'NIKI TRAVEL', NULL, 'JL.RAYA KALIRUNGKUT 23 BLOK A-45', 'SURABAYA', '', 'INDONESIA', '031-8781938', '031-8790128', 'claradwi15@yahoo.com', NULL, '', '', 'clara', NULL, NULL, NULL, '0', '1', '1', '0'),
	(854, 'GOLDENNUSASUB', 'GOLDEN INTERNUSA T & T ', NULL, 'MALL BG JUNCION LANTAI UG BLOK C 99', 'SURABAYA', '60174', 'INDONESIA', '0315322772', '0315358688', 'riharyadiindra@gmail.com', NULL, '', '', '08883269609', NULL, NULL, NULL, '0', '1', '1', '0'),
	(855, 'VERONASUB', 'VERONA TOURS', NULL, 'RUKO GRAND CITY REGENCY B-9, JL. RUNGKUT MADYA', 'SURABAYA', '60293', 'INDONESIA', '+62318714304', '+62318714304', 'info@verona-tours.com', NULL, 'LUSI', '', 'info.veronatours@gmail.com', NULL, NULL, NULL, '0', '1', '1', '0'),
	(856, 'VIVABUANA', 'VIVA BUANA TOUR & TRAVEL', NULL, 'JL DIPONEGORO 35 SALATIGA, KOMPLEK KODIM 0714', 'SALATIGA', '50711', 'INDONESIA', '+62298313000', '+62298329377', 'viva.buana@gmail.com', NULL, 'WIDI', '', 'vinwidi@yahoo.com', NULL, NULL, NULL, '0', '1', '1', '0'),
	(857, 'ASGTOURSUB', 'ASG TOUR & TRAVEL', NULL, 'RUKO BINTARO KAV 75 - 76 ,JL. TAMAN KETAMPON SURABAYA', 'SURABAYA', '60264', 'INDONESIA', '+6231 5681667 , +623', '+6231 5619397', 'tour@asgtour.com', NULL, 'ROESDI', '', 'sales@asgtour.com', NULL, NULL, NULL, '0', '1', '1', '0'),
	(858, 'PRISTASUB', 'PRISTA TOURS AND TRAVEL', NULL, 'JL. KEDUNGDORO 50 L', 'SURABAYA', '', 'INDONESIA', '+62315354558', '+62315354558', 'pristatours@gmail.com', NULL, 'TONI SANJAYA', '', 'pristatours@yahoo.com', NULL, NULL, NULL, '0', '1', '1', '0'),
	(859, 'ASOKAJOG', 'PT ASOKA INDAH SELARAS', NULL, 'JL TUNJUNGBARU NO 1A BACIRO', 'YOGYAKARTA', '55225', 'INDONESIA', '+62274510415', '+62274544525', 'supriyatno_jog@yahoo.com', NULL, '', '', 'supriyatno', NULL, NULL, NULL, '0', '1', '1', '0'),
	(860, 'PURIDUTASDA', 'PURI DUTA TOURS & TRAVEL', NULL, 'TAMAN WISATA TROPODO BLOK I/24, TROPODO', 'SIDOARJO', '61256', 'INDONESIA', '+62318662388', '+62318668043', 'puriduta.tours.rsv@gmail.com', NULL, 'RILLA', '', 'rilla', NULL, NULL, NULL, '0', '1', '1', '0'),
	(861, 'DWIDAYASUB', 'DWIDAYA TOUR', NULL, 'RUKO DARMO SQUARE B-19. JL RAYA DARMO 54-56 SURABAYA', 'SURABAYA', '60265', 'INDONESIA', '62315679938', '61315679928', 'spv_dwisub@dwidayatravel.com', NULL, 'ERVINA WIBISONO', '', 'counter7_dwisub@dwidayatravel.com', NULL, NULL, NULL, '0', '1', '1', '0'),
	(862, 'NEXTGSUB', 'NEXT GENERATION TRAVEL', NULL, 'JL. NGAGEL JAYA INDAH C65-67 LT.4', 'SURABAYA', '60284', 'INDONESIA', '+62315052887', '-', 'nextgtravel.office@gmail.com', NULL, '+6281766500', '', 'nextgtravel.office.iskak@gmail.com', NULL, NULL, NULL, '0', '1', '1', '0'),
	(863, 'EDUTRAVELINDOSUB', 'PT EDU TRAVELINDO', NULL, 'GRAND CITY MALL LT 2.48', 'SURABAYA', '60272', 'INDONESIA', '+623152405822', '+62315471199', 'contact@edutravelindo.com', NULL, '+6287854365559', '', 'edutravelindo@gmail.com', NULL, NULL, NULL, '0', '1', '1', '0'),
	(864, 'SARANASRG', 'SARANA TOUR AND TRAVEL (D/H IWATA SUDIRMAN)', NULL, 'JENDRAL SUDIRMAN 264', 'SEMARANG', '50143', 'INDONESIA', '+622440141199', '+62247607230', 'saranatovel@yahoo.com', NULL, 'RANDY P', '', 'randy_kim1505@yahoo.', NULL, NULL, NULL, '0', '1', '1', '0'),
	(865, 'VARINDOSUB', 'VARINDO TOUR & TRAVEL', NULL, 'RAYA KLETEK 125', 'SIDOARJO', '60228', 'INDONESIA', '623177997700', '', 'varindotravel@yahoo.com', NULL, '', '', 'purnomo', NULL, NULL, NULL, '0', '1', '1', '0'),
	(866, 'MEKARSARISUB', 'PT. MEKARSARI MUSTIKA RAYA', NULL, 'PONDOK JATI - AL 8 SIDOARJO', 'SIDOARJO', '61252', 'INDONESIA', '+62318063000', '+62318072074', 'mekarsaritravel@yahoo.com', NULL, '087702591103', '', 'benie susy', NULL, NULL, NULL, '0', '1', '1', '0'),
	(867, 'QISWAHSUB', 'PT. QISWAH INDAH TRAVELINDO', NULL, 'GRAND AHMAD YANIJL. AHMAD YANI 151 KAV T-U', 'SURABAYA', '60237', 'INDONESIA', '+628433700', '+628433700', 'qiswahtour@gmail.com', NULL, '+6281234512239', '', 'budiana prasesanti', NULL, NULL, NULL, '0', '1', '1', '0'),
	(868, 'GOLDENGLOBESUB', 'GOLDEN GLOBE TOUR & TRAVEL', NULL, 'SUKOMANUNGGAL JAYA 11 XL NO.16', 'SURABAYA', '', 'INDONESIA', '7328166 / 7328386', '7347019', 'golden_globetour@yahoo.co.id', NULL, '', '', '', NULL, NULL, NULL, '0', '1', '1', '0'),
	(869, 'MANTAPDPS', 'MANTAP TOUR', NULL, 'GUNUNG SOPUTAN 36 E DENPASAR', 'DENPASAR', '80119', 'INDONESIA', '+623618466311', '+623618495360', 'mantap.tour@yahoo.co.id', NULL, '', '', 'adi s', NULL, NULL, NULL, '0', '1', '1', '0'),
	(870, 'GALENTRONICKOE', 'GALENTRONIC TRAVEL', NULL, 'FRANS SEDA/ELTARI 2', 'KUPANG', '85100', 'INDONESIA', '+623808550087', '', 'kome_supersonic@hotmail.com', NULL, '081233272222', '', 'elsya angelis', NULL, NULL, NULL, '0', '1', '1', '0'),
	(871, 'EXPLORESUB', 'EXPLORE VACATION', NULL, 'JL. RAYA MANYAR 53B \r\n', 'SURABAYA', '60284 ', 'INDONESIA', '+62315939358', '+62315939358', 'explorevacation@yahoo.com', NULL, 'PRIMA PRAMUDYA', '', 'primoholic@yahoo.com', NULL, NULL, NULL, '0', '1', '1', '0'),
	(872, 'MARSSUB', 'MARS WISATA', NULL, 'JL. SEMAMPIR PRAJA NO.63', 'SURABAYA', '60119', 'INDONESIA', '+62315966363', '+62315933689', 'info@marswisata.com', NULL, '', '', 'marswisata@yahoo.com', NULL, NULL, NULL, '0', '1', '1', '0'),
	(873, 'NATASUB', 'NATA TOURS', NULL, 'JL.RAYA ARJUNA NO.75', 'SURABAYA', '', 'INDONESIA', '+62315358998', '+62315347277', 'natadivtoursjatim@gmail.com', NULL, '+6281231989234', '', 'nugraha tri susanta', NULL, NULL, NULL, '0', '1', '1', '0'),
	(874, 'SURYACEMPAKACGK', 'PT.SURYA CEMPAKA MULYA', NULL, 'JL ARABIKA 8 AB 8 NO 9', 'JAKARTA', '13460', 'INDONESIA', '6218624928', '6218624928', 'info@paketwisataliburan.com', NULL, '', '', 'yosa', NULL, NULL, NULL, '0', '1', '1', '0'),
	(875, 'HARYONOSUB', 'HARYONO TOURS & TRAVEL', NULL, 'JL SULAWESI 27 - 29', 'SURABAYA', '60281', 'INDONESIA', '+62315033000', '+62315025029', 'tour_intl@haryonotours.com', NULL, 'NOVITA / FRANSISCA', '', 'novita / fransisca', NULL, NULL, NULL, '0', '1', '1', '0'),
	(876, 'GOLDENSTARSDA', 'GOLDEN STAR', NULL, 'LETJEN SUTOYO 145', 'SIDOARJO', '61256', 'INDONESIA', '+6271887388', '+628555339', 'goldenstarticketing@gmail.com', NULL, '', '', 'fonie', NULL, NULL, NULL, '0', '1', '1', '0'),
	(877, 'JURAGANJALANSUB', 'JURAGAN JALAN HOLIDAY TOURS  ', NULL, 'JL TANJUNG TEMBAGA NO 12 (2ND FLOOR)', 'SURABAYA', '60165', 'INDONESIA', '+623177994456 / +623', '+623294546', 'juraganjalan@gmail.com', NULL, '', '', 'santoso raharjo', NULL, NULL, NULL, '0', '1', '1', '0'),
	(878, 'BLESSINGHOLYSUB', 'BLESSING HOLYLAND TOURS & TRAVEL', NULL, '66 TUNJUNGAN STREETS, SURABAYA-EAST JAVA(TAN BUILDING 3TH FLOOR)', 'SURABAYA', '60275', 'INDONESIA', '+62315355182', '+62315355235', 'blessingtrvl_sby@yahoo.co.id', NULL, 'SUKAMTO LIE', '', 'blessingttsub@gmail.com', NULL, NULL, NULL, '0', '1', '1', '0'),
	(879, 'EMHASUB', 'EMHA HOLIDAYSUB', NULL, 'TAMAN PUSPA ANGGASWANGI A1/2 SUKODONO', 'SIDOARJO', '61258', 'INDONESIA', '+62318833208', '', 'polaris.dinamis@yahoo.com', NULL, 'MIFTO HADI', '', 'info@emhaholiday.com', NULL, NULL, NULL, '0', '1', '1', '0'),
	(880, 'SANDYUTAMAJKT', 'SANDY UTAMA TOUR & TRAVEL', NULL, 'RUKO CONCORDIA BLOK SRB NO.30,KOTAWISATA-CIBUBUR', 'JAKARTA', '', 'INDONESIA', '+622129478912', '', 'sandyutama.travel@gmail.com', NULL, '', '', '+628165454989', NULL, NULL, NULL, '0', '1', '1', '0'),
	(881, 'ERGATOURSUB', 'ERGA TOUR TRAVEL', NULL, 'JL. CENGGER AYAM NO. 3', 'MALANG', '', 'INDONESIA', '+62341586501', '+62341417929', 'jam_bo@yahoo.com', NULL, '', '', 'roy & phieta', NULL, NULL, NULL, '0', '1', '1', '0'),
	(882, 'AIDILENTERPRISEGRESIK', 'CV.AIDIL ENTERPRISE', NULL, 'JLN.LAMONGAN DALAM NO8 GKB GRESIK', 'GRESIK', '61151', 'INDONESIA', '+62313959400', '', 'aidil_enterprise2014@yahoo.com', NULL, '+6281254091796', '', 'aidil_enterprise2014@yahoo.com', NULL, NULL, NULL, '0', '1', '1', '0'),
	(883, 'KIATRAVELSUB', 'KIA TOURS & TRAVEL - MALANG', NULL, 'JL. LETJEN SUTOYO 72', 'MALANG', '65141', 'INDONESIA', '+62341489898', '+62341495179', 'kiatoursmalang@gmail.com', NULL, '', '', 'sianita', NULL, NULL, NULL, '0', '1', '1', '0'),
	(884, 'TRANSWISATAMLG', 'TRANSWISATA TRAVELINDO', NULL, 'PERUM GREENPARK KAV A27 SULFAT', 'MALANG', '65124', 'INDONESIA', '+623412993564', '+623412993564', 'transwisatatravelindo@gmail.com', NULL, 'TETTY HARIYATI', '', 'transwisatatravelindo@gmail.com', NULL, NULL, NULL, '0', '1', '1', '0'),
	(885, 'ELVEKASDA', 'PT. ELVEKA TOUR AND TRAVEL SIDOARJO', NULL, 'RUKO SURYA INTI PERMATA B-32 SIDOARJO', 'SIDOARJO', '60233', 'INDONESIA', '0318270645', '0318270645', 'lvk_travel@yahoo.com', NULL, '', '', 'evi', NULL, NULL, NULL, '0', '1', '1', '0'),
	(886, 'LIMASAUDARASDA', 'PT.LIMA SAUDARA DUTA WISATA', NULL, 'JL.MOJOPAHIT NO.77', 'SIDOARJO', '61215', 'INDONESIA', '+62318966449', '+62318966449', 'reservation.lisad@gmail.com', NULL, '+6285399077621', '', 'kasmini lavany', NULL, NULL, NULL, '0', '1', '1', '0'),
	(887, 'MUTIARASUB', 'MUTIARA TOUR', NULL, 'RAYA MULYOSARI 24', 'SURABAYA', '', 'INDONESIA', '+623158253373', '+623158253373', 'psmutiara.tour@gmail.com', NULL, '', '', 'shirley', NULL, NULL, NULL, '0', '1', '1', '0'),
	(888, 'RIASARIWISATASUB', 'RIA SARI WISATA TOUR AND TRANSPORT', NULL, 'JLN. RAYA DARMO PERMAI III, KOMPLEKS RUKO PLASA SEGI 8, BLOK D848', 'SURABAYA', '60189', 'INDONESIA', '+62317341035', '+62317347409', 'riasariwisatasub@yahoo.co.id', NULL, 'SILVIA ANSORI ', '', 'silvia ansori ', NULL, NULL, NULL, '0', '1', '1', '0'),
	(889, 'TRIHARTASUB', 'TRI HARTA INDAH TOUR & TRAVEL AGENT', NULL, 'JL. KUPANG INDAH 17 NO. 11', 'SURABAYA', '60225', 'INDONESIA', '+62317311342', '+62317328778', 'trihartaindah@gmail.com', NULL, '+628165412423', '', 'inge erikasari', NULL, NULL, NULL, '0', '1', '1', '0'),
	(890, 'AUDIMECCA', 'PT. AUDI MECCA TRAVEL GROUP', NULL, 'REJOMULYO ESTATE II, BLOK NS-09, KEDIRI', 'KEDIRI', '64111', 'INDONESIA', '+62354694402', '+62354690141', 'touraudimecca@gmail.com', NULL, '', '', 'riza handa kuncaraningrat', NULL, NULL, NULL, '0', '1', '1', '0'),
	(891, '1001EXPRESSSDA', '1001 EXPRESS', NULL, 'RUKO TAMAN TIARA 19', 'SIDOARJO', '61219', 'INDONESIA', '+62318072709', '+62318067357', 'seribusatuexpress@yahoo.com', NULL, '', '', 'minghadi', NULL, NULL, NULL, '1', '1', '1', '0'),
	(892, 'JITUTICKETKUDUS', 'JITUTIKETKU UMROH HAJI', NULL, 'JL.PERMAI 3/17 RT.01/RW.IV KUDUS 59361', 'KUDUS', '59361', 'INDONESIA', '+62291435144', '+62291435144', 'jitutiketku17@gmail.com', NULL, '', '+6285727585758', 'lazuardi', NULL, NULL, NULL, '0', '1', '1', '0'),
	(893, 'PUANTRAVEL', 'PUANTRAVEL', NULL, 'JL RAYA DEANDLES RUKO DEPAN LAPANGAN SEDAYULAWAS', 'LAMONGAN', '62263', 'INDONESIA', '+62322666020', '+62322666020', 'puantravel01@gmail.com', NULL, 'FANI ALI FAHMI', '', 'promotiket01@gmail.com', NULL, NULL, NULL, '0', '1', '1', '0'),
	(894, 'EXPERTTOURSUB', 'PT WISATA JELAJAH BENUA (EXPERT TOUR & TRAVEL)', NULL, 'NGAGEL JAYA INDAH NO 11, SURABAYA', 'SURABAYA', '60246', 'INDONESIA', '0315022414', '0315046604', 'daniel.diamond89@gmail.com', NULL, '082323208890', '', 'wisatajelajahbenua99', NULL, NULL, NULL, '0', '1', '1', '0'),
	(895, 'THETRAVELBONESUB', 'THE TRAVEL B-ONE', NULL, 'JALAN KUTISARI 40B', 'SURABAYA', '60291', 'INDONESIA', '+62318499555', '+62318498949', 'theb_one@thetravel.co.id', NULL, 'MONICA', '', 'monica', NULL, NULL, NULL, '0', '1', '1', '0'),
	(896, 'SARANAWISATASUB', 'PT SARANA WISATA NUSANTARA', NULL, 'RUKO KLAMPIS JAYA A-2 , ARIF RAHMAN HAKIM', 'SURABAYA', '', 'INDONESIA', '+62315998555', '+62315911535', 'general@thetravel.com', NULL, '', '', 'budi utomo', NULL, NULL, NULL, '0', '1', '1', '0'),
	(897, 'VOJTRAVELSUB', 'VOJ TRAVEL', NULL, 'PERUM LEMBAH HARAPAN BLOK S NO 1', 'SURABAYA', '60213', 'INDONESIA', '+62317535425', '-', 'voj_travel@yahoo.co.id', NULL, 'VERAWATI MARIA', '', '-', NULL, NULL, NULL, '0', '1', '1', '0'),
	(898, 'SEPINGGANINDAHSUB', 'SEPINGGAN INDAH TOUR & TRAVEL', NULL, 'JL. PERAK TIMUR 512 BLOK H-1 SURABAYA', 'SURABAYA', '60164', 'INDONESIA', '+6231 3294195', '+6231 3294279', 'sepinggan@yahoo.co.id', NULL, '+6283831507351', '', 'andy_sepinggantour@yahoo.co.id', NULL, NULL, NULL, '0', '1', '1', '0'),
	(899, 'DISCOVERTRAVELSUB', 'DISCOVER TRAVEL SERVICES', NULL, 'RUKO MANGGA DUA BLOK B9 NO 5 JALAN JAGIR WONOKROMO', 'SURABAYA', '60244', 'INDONESIA', '+62318470174, +62318', '+62318470178', 'discover@sby.dnet.net.id', NULL, '', '', 'linda angkoso or  feny darma', NULL, NULL, NULL, '0', '1', '1', '0'),
	(900, 'DEHATRAVELSUB', 'P.T. DEHA LOKANTARA TOURS&TRAVEL', NULL, 'KOMPLEKS PASAR TUNJUNGAN LT.I/NO.21-23\r\nJL. EMBONG MALANG - SEBERANG "SOGO" DEPT. STORE', 'SURABAYA', '60275', 'INDONESIA', '+62315459494', '+62315469494', 'dehasub@yahoo.com', NULL, 'YENNY N. TANZIL', '', 'ytz1511@yahoo.com', NULL, NULL, NULL, '0', '1', '1', '0'),
	(901, 'VFOURSUB', 'VFOUR TOUR & TRAVEL', NULL, 'DARMO INDAH SELATAN II KK27', 'SURABAYA', '60186', 'INDONESIA', '+623131290262', '', 'vfourstudio@gmail.com', NULL, 'BOBBY', '', 'vfourstudio@yahoo.co.id', NULL, NULL, NULL, '0', '1', '1', '0'),
	(902, 'TRINUSSUB', 'TRINUS TOUR & EVENT MANAGEMENT', NULL, 'JL. WONOKUSUMO KIDUL NO. 25', 'SURABAYA', '63116', 'INDONESIA', '+62313713225', '+62313713225', 'trinustour@gmail.com', NULL, 'ANDY PRATAMA ', '', 'andy pratama ', NULL, NULL, NULL, '0', '1', '1', '0'),
	(903, 'SHAFIRASUB', 'SHAFIRA TOUR & TRAVEL', NULL, 'GRAHA PENA LT 2 - A YANI 88', 'SURABAYA', '', 'INDONESIA', '62318555558', '62318555559', 'mochammed.rachmad@gmail.com', NULL, '', '', 'rahmad', NULL, NULL, NULL, '0', '1', '1', '0'),
	(904, 'WATOURSUB', 'WA TOUR TRAVEL', NULL, 'SAMBISARI 2 NO 2', 'SURABAYA', '60263', 'INDONESIA', '+6281280247398', '', 'watourtravel@gmail.com', NULL, '=6281280247398', '', 'handersen', NULL, NULL, NULL, '0', '1', '1', '0'),
	(905, 'EAGLESUB', 'EAGLE TOUR N TRAVEL', NULL, 'RUNGKUT ASRI RL 2B NO 19A', 'SURABAYA', '60263', 'INDONESIA', '+623199044152', '+623199044152', 'eagle.tourtravel@yahoo.com', NULL, 'JERRY', '', 'eagle.tourtravel@yahoo.com', NULL, NULL, NULL, '0', '1', '1', '0'),
	(906, 'BIDARRAYATOUR', 'BINDA RAYA TOUR ORGANIZER', NULL, 'JL BARAT LAPANGAN NO 1 MAGETAN', 'MADIUN', '', 'INDONESIA', '+62351469292', '', 'bindaraya@yahoo.co.id', NULL, '', '', 'hesti indah', NULL, NULL, NULL, '0', '1', '1', '0'),
	(907, 'SKYLIMSUB', 'SKYLIM TOUR AND TRAVEL', NULL, 'KALIJUDAN TARUNA 2/68A', 'SURABAYA', '60114', 'INDONESIA', '+6282244453707', '', 'roy.karyadi1990@gmail.com', NULL, 'RISKY ERMANTORO SALIM', '', 'rzismyname@yahoo.com', NULL, NULL, NULL, '0', '1', '1', '0'),
	(908, 'SARANGTOURSUB', 'SARANGTOUR', NULL, 'JL.MENGANTI KRAMAT NO.56', 'SURABAYA', '60228', 'INDONESIA', '+62317520696', '+62317520696', 'sarangtour@yahoo.co.id', NULL, 'JOHAN WIJAYA', '', 'johan.wij@gmail.com', NULL, NULL, NULL, '0', '1', '1', '0'),
	(909, 'IDHOLIDAYSUB', 'ID HOLIDAY', NULL, 'MULYOSARI TENGAH V- 86', 'SURABAYA', '', 'INDONESIA', '085100100176', '-', 'otw.bersama@gmail.com', NULL, 'HENZ', '', 'hendri-zhang@hotmail.com', NULL, NULL, NULL, '0', '1', '1', '0'),
	(910, 'SOLUTIONHOLIDAYSUB', 'SOLUTION HOLIDAY (PT SOLUSI GLOBALINDO WISATA)', NULL, 'RAYA KEDUNG BARUK 160 / B-2', 'SURABAYA', '', 'INDONESIA', '+62318703838', '+62318791077', 'solutionholiday@yahoo.com', NULL, '+62811311237', '', 'junaedy wu', NULL, NULL, NULL, '0', '1', '1', '0'),
	(911, 'HONEYHOLIDAYSUB', 'HONEY HOLIDAY TRAVEL ITC', NULL, 'ITC, LANTAI 1BLOCK C2/12A', 'SURABAYA', '60112', 'INDONESIA', '+628123221884', '', 'honey_travel18@yahoo.com', NULL, '', '', 'susana', NULL, NULL, NULL, '0', '1', '1', '0'),
	(912, 'PANDUADISUB', 'PANDU ADI NUSANTARA', NULL, 'JL GENTENG KALI NO 63', 'SURABAYA', '', 'INDONESIA', '+62315342231', '+62315342331', 'tour.panduadinusantara@gmail.com', NULL, 'JOHAN', '', 'elsanjohan@gmail.com', NULL, NULL, NULL, '0', '1', '1', '0'),
	(913, 'KUONITEST', 'KUONI TESTING USER', NULL, 'TBA', 'JAKARTA', '99999', 'INDONESIA', 'tba', 'tba', 'tba', NULL, 'IMELAD / JEANNE', '', 'tba', NULL, NULL, NULL, '0', '1', '1', '0'),
	(914, 'INFINITESUB', 'INFINITE HOLIDAY', NULL, 'JL. POLISI ISTIMEWA 1-H, SURABAYA', 'SURABAYA', '60265', 'INDONESIA', '+6231-5682388', '+6231-5689588', 'info@infinite-holiday.com', NULL, 'ANDREAS HINDARTO', '', 'andre@infinite-holiday.com', NULL, NULL, NULL, '0', '1', '1', '0'),
	(915, 'AGNEZIASUB', 'AGNEZIA TOUR AND TRAVEL', NULL, 'JL KAPIWORO 12', 'MALANG', '65154', 'INDONESIA', '+6285227838586', '', 'agneziatourntravel@gmail.com', NULL, 'ARIEF', '', 'arief', NULL, NULL, NULL, '0', '1', '1', '0'),
	(916, 'AGENT1', 'AGENT1', NULL, 'TBA', 'SURABAYA', 'Tba', 'INDONESIA', 'Tba', 'Tba', 'tba', NULL, 'TBA', '', 'tba', NULL, NULL, NULL, '0', '1', '1', '1'),
	(917, 'AGENT2', 'TBA', NULL, 'TBA', 'ACEH', 'Tba', 'INDONESIA', 'Tba', 'Tba', 'tba', NULL, '', '', '', NULL, NULL, NULL, '0', '1', '1', '1'),
	(918, 'STARINDOSUB', 'PT STARINDO ANUGRAH CEMERLANG', NULL, 'RAYA KLAMPIS ANOM NO 19', 'SURABAYA', '60117', 'INDONESIA', '+62315946363', '+62315927823', 'sac.tour@yahoo.com', NULL, '', '', 'yu lan', NULL, NULL, NULL, '0', '1', '1', '0'),
	(919, 'EASYTTSUB', 'EASY TOURS & TRAVEL', NULL, 'JL. KETINTANG NO 44', 'SURABAYA', '60231', 'INDONESIA', '+6231-8273722', '+6231-8288693', 'easy_tt@yahoo.com', NULL, '', '', 'arief muhammad', NULL, NULL, NULL, '0', '1', '1', '0'),
	(920, 'CLICKNFLYSDA', 'CLICK N FLY', NULL, 'RUKO SUNCITY GIANT B.37 SIDOARJO', 'SIDOARJO', '+6231', 'INDONESIA', '+6231 8071161 ', '+6231 99010386', 'clicknfly74@gmail.com', NULL, '+6281232384510', '', 'travelclicknfly@gmail.com', NULL, NULL, NULL, '0', '1', '1', '0'),
	(921, 'CHRISTASUB', 'CHRISTA TOUR', NULL, 'ITC LT.1 G2/3A SURABAYA', 'SURABAYA', '', 'INDONESIA', '+62333631431', '', 'christatour@yahoo.com', NULL, '', '+628121661248', 'christine', NULL, NULL, NULL, '0', '1', '1', '0'),
	(922, 'SMILEHOLIDAYSUB', 'SMILEHOLIDAY', NULL, 'MAUNI 28C', 'KEDIRI', '64131', 'INDONESIA', '+623544674493', '+62354683741', 'smileholidaykdr@yahoo.co.id', NULL, '', '', 'bambang hartono', NULL, NULL, NULL, '0', '1', '1', '0'),
	(923, 'ANGGREKWISATAJKT', 'PT. ANGGREK WISATA INDONESIA ', NULL, 'JL. PLUIT KARANG UTARA BLOK A5 NO. 1C', 'JAKARTA', '', 'INDONESIA', '+62129621410', '', 'anggrekwisata@gmail.com', NULL, 'DEVITA', '', 'supplier@awitrip.com', NULL, NULL, NULL, '0', '1', '1', '0'),
	(924, 'FRENLYWISATASUB', 'PT FRENLY WISATA', NULL, 'JL.PANJANG JIWO PERMAI D-2B (RUKO LANDMARK DELTA)', 'SURABAYA', '60299', 'INDONESIA', '+62318412410', '+62318412410', 'friends_travel1@yahoo.com', NULL, 'HENNY', '', 'friends_travel2@yahoo.com', NULL, NULL, NULL, '0', '1', '1', '0'),
	(925, 'LOVELYGRESIK', 'LOVELY CORPIN TOUR & TRAVEL GRESIK', NULL, 'JL JAKSA AGUNG SUPRAPTO NO.07', 'GRESIK', '61111', 'INDONESIA', '+62313991961', '+62313991962', 'operation3@lovelycorpin-travel.com', NULL, 'SYLVIA PUSPITA', '', 'katarina_puspita@yahoo.com', NULL, NULL, NULL, '0', '1', '1', '0'),
	(926, 'RODEXNGINDENSUB', 'RODEX NGINDEN TRAVEL', NULL, 'JL. KALIJUDAN BARAT I/33', 'SURABAYA', '60241', 'INDONESIA', '+6231-3893909', '+6231-3821737', 'rodexnginden@gmail.com', NULL, '', '+6282232932939', 'ms. charlotte ', NULL, NULL, NULL, '0', '1', '1', '0'),
	(927, 'SMARTVACSDA', 'SMART VACATION T&T SIDOARJO', NULL, 'PONDOKSIDOKARE INDAH BLOK AR / NO. 08', 'SIDOARJO', '61255', 'INDONESIA', '+623158833043', '', 'mayapuspandari.73@gmail.com', NULL, 'MAYA', '', 'maya', NULL, NULL, NULL, '0', '1', '1', '0'),
	(928, 'BTRAVINTER', 'PT BTRAV INTERNATIONAL', NULL, 'JL RAYA SULFAT', 'ACEH', '65126', 'INDONESIA', '+62341494444', '', 'totok@btrav.biz', NULL, '', '', 'totok', NULL, NULL, NULL, '0', '1', '1', '0'),
	(929, 'MANNASUB', 'PT MANNA ANUGERAH TOURS & TRAVEL', NULL, 'JL.AHMADYANI NO.197', 'SURABAYA', '60245', 'INDONESIA', '+62318481222', '+62318481222', 'manna_anugerah@yahoo.com', NULL, '+6281330159525', '', 'risma siagian', NULL, NULL, NULL, '0', '1', '1', '0'),
	(930, 'AGIPTOURSUB', 'PT  AGIP  TOUR', NULL, 'KALIANYAR 15 A SURABAYA', 'SURABAYA', '60273', 'INDONESIA', '+628123531066', '+62315313387', 'lukman_winarko@yahoo.com', NULL, '+628123531066', '', 'lukman winarko', NULL, NULL, NULL, '0', '1', '1', '0'),
	(931, 'DMCTOURSUB', 'DMC TOUR & TRAVEL', NULL, 'PAKUWON TRADE CENTER LG A2 NO 15', 'SURABAYA', '60216', 'INDONESIA', '+62317392339`', '+62317392336', 'dmc.sby001@gmail.com', NULL, '+6282244226679', '', 'deva', NULL, NULL, NULL, '0', '1', '1', '0'),
	(932, 'EXPRESSSUB', 'EXPRESS TOUR', NULL, 'SURABAYA', 'SURABAYA', '60285', 'INDONESIA', '+6289603245874', '+6289603245874', 'etour119@gmail.com', NULL, '', '', '+6289603245874', NULL, NULL, NULL, '0', '1', '1', '0'),
	(933, 'HERLINSUB', 'HERLIN TRAVEL', NULL, 'PAKIS GUNUNG 2C NO.50', 'SURABAYA', '60256', 'INDONESIA', '6287851466684', '0315310870', 'travelfast99@yahoo.com', NULL, 'ERINDA', '', 'herlin', NULL, NULL, NULL, '0', '1', '1', '0'),
	(934, 'ARTADYASDA', 'PT. ARTADYA TOURS DAN TRAVEL', NULL, 'PERUMAHAN HARMONI KOTA BLOK A4 NO. 07', 'SIDOARJO', '60232', 'INDONESIA', '+62315316343', '+62315316343', 'artadya_tnt@yahoo.co.id', NULL, 'DIMAS', '', 'rdimassa@ymail.com', NULL, NULL, NULL, '0', '1', '1', '0'),
	(935, 'WTASUB', 'WORLD TRAVEL AGENCY', NULL, 'RUKO RICH PALACE R46', 'SURABAYA', '', 'INDONESIA', '+61315675459', '+62315675459', 'tour@wtaindonesia.com', NULL, '+6281217705555', '', 'hendry', NULL, NULL, NULL, '0', '1', '1', '0'),
	(936, 'SPARKLINGHOLIDAYSUB', 'SPARKLING HOLIDAY', NULL, 'PANTAI MENTARI J/10', 'SURABAYA', '60123', 'INDONESIA', '+6285100850555', '+623199011175', 'irwan.sparkling@gmail.com', NULL, '', '', 'irwan purnama', NULL, NULL, NULL, '0', '1', '1', '0'),
	(937, 'ASIAMITRASUB', 'PT. ASIA RAYA MITRA WISATA', NULL, 'RUKO PALMA GRANDIA BLOK RG 2 NO 8 CITRALAND SURABAYA', 'SURABAYA', '60197', 'INDONESIA', '+60317412011', '+62317406440', 'asia_mitrawisata@yahoo.com', NULL, 'RINA', '', 'asiarayamitrawisata@gmail.com', NULL, NULL, NULL, '0', '1', '1', '0'),
	(938, 'ALIRSYADSUB ', 'AL IRSYAD DIAN WISATA', NULL, 'BY PASS JUANDA NO.05 SEDATI - JUANDA SIDOARJO', 'SURABAYA', '61253', 'INDONESIA', '+62818677979', '+62318677979', 'alirsyaddianwisata@gmail.com', NULL, '081330002253', '', 'andy bachtiar', NULL, NULL, NULL, '0', '1', '1', '0'),
	(939, 'GLOBALARROWSUB', 'GLOBAL ARROW TOUR AND TRAVEL', NULL, 'RUKO PASAR MODERN PUNCAK PERMAI 39 ,JALAN RAYA DARMO PERMAI III SURABAYA', 'SURABAYA', '60226', 'INDONESIA', '+3199001156', '+3199001162', 'globalarrow.sub@gmail.com ', NULL, '', '', '+62818505078', NULL, NULL, NULL, '0', '1', '1', '0'),
	(940, 'SRIJAYASUB', 'PT SRI JAYA ABADI', NULL, 'RUKO CITY PRIDE JL NGINDEN SEMOLO NO.42 B.12 LT.1', 'SURABAYA', '60000', 'INDONESIA', '+62315955659', '+62315955658', 'srijayaabadipt@yahoo.com', NULL, '', '', 'anik ernawati', NULL, NULL, NULL, '0', '1', '1', '0'),
	(941, 'PURIEXPRESS', 'PURI EXPRESS TOUR & TRAVEL', NULL, 'JL. KEDONDONG NO.16 PANDEAN, TANGKIL, WLINGI', 'BLITAR', '66184', 'INDONESIA', '+62342691761', '+62342691761', 'puriexpresstravel@gmail.com', NULL, '', '', 'siti', NULL, NULL, NULL, '0', '1', '1', '0'),
	(942, 'DISHINTASDA', 'DISHINTA TOUR & TRAVEL', NULL, 'RUKO GREEN PARK REGENCY BLOK FF 28, SEKARDANGAN', 'SIDOARJO', '', 'INDONESIA', '+62318053925', '+62318011878', 'dishintatravel@yahoo.co.id', NULL, '', '', 'maya', NULL, NULL, NULL, '0', '1', '1', '0'),
	(943, 'JAYASARANA', 'JAYA SARANA WISATA', NULL, 'RUKO GALAXY BUMI PERMAI', 'SURABAYA', '60000', 'INDONESIA', '+62313762171', '+62313762171', 'micjaya@yahoo.com', NULL, '+628113427011', '', 'michael sanjaya liem', NULL, NULL, NULL, '0', '1', '1', '0'),
	(944, 'TIRANNYSUB', 'TIRANNY HARIN BERWISATA', NULL, 'JL. MOJO KLANGRU LOR NO. 78C', 'SURABAYA', '60285', 'INDONESIA', '031-5926891', '-', 'tirannyevan@gmail.com', NULL, 'NILA', '', 'jonik_taz_13@yahoo.com', NULL, NULL, NULL, '0', '1', '1', '0'),
	(945, 'LOMBOKSURGAWI', 'LOMBOK SURGAWI TNT', NULL, 'MATARAM - NTB', 'MATARAM', '', 'INDONESIA', '+6281238531117, +628', '', 'lomboksurgawi08@gmail.com', NULL, '', '', '', NULL, NULL, NULL, '0', '1', '1', '0'),
	(946, 'viztamahasub', 'VIZTAMAHA', 'PT. VIZTAMAHA', 'LOUVRE GALLERY BUILDING 3RD FLOOR, JL. SUKOMANUNGGAL JAYA, SURABAYA', 'SURABAYA', '000000', 'INDONESIA', '+62317325800', '+62317322439', 'viztamaha@yahoo.com', NULL, 'LENNY SUBAGIO', '', 'viztamaha@yahoo.com', '081334187778', '081334187778', 'D41FF2DC', '0', '0', '0', '0'),
	(947, 'RODEXKEDIRI', 'RODEX KEDIRI TOURS & TRAVEL', NULL, 'JL. W.R. SUPRATMAN 40B', 'KEDIRI', '64123', 'INDONESIA', '+62354673637', '+62354693007', 'rodexkediri@yahoo.com', NULL, 'RUDY BING', '', 'kediri@rodextravel.com', NULL, NULL, NULL, '0', '1', '1', '0'),
	(948, 'GIRIJAYASUB', 'PT GIRI JAYA TRAVELINDO', NULL, 'RUKO PANJI MAKMUR A18, JL PANJANG JIWO 46-48 SURABAYA', 'SURABAYA', '60299', 'INDONESIA', '+62318412377', '+623184809299', 'info@gjtravelindo.com', NULL, '', '', 'rollick', NULL, NULL, NULL, '0', '1', '1', '0'),
	(949, 'ALETASHAFAWISATA', 'PT ALETA SHAFA WISATA', NULL, 'HARMONI CITY CENTER TC-53 TROSOBO TAMAN SIDOARJO', 'SIDOARJO', '61257', 'INDONESIA', '+623133100222', '', 'aletasub@yahoo.com', NULL, '', '+6281234419393', 'bambang wahyu s', NULL, NULL, NULL, '0', '1', '1', '0'),
	(950, 'NIRWANATRAVELSUB', 'NIRWANA TRAVEL', NULL, 'RUKO PERMATA BLK B NO.16-17 SURABAYA', 'SURABAYA', '', 'INDONESIA', ' 031-8496911', '031-8475420', 'nirwanatravel@ymail.com', NULL, 'WILLY INDRA ATMAJA', '', 'nirwanatravel@ymail.com', NULL, NULL, NULL, '0', '1', '1', '0'),
	(951, 'PANENTOURSUB', 'PANEN TRAVEL SUB', NULL, 'DIPONEGORO', 'SURABAYA', '-', 'INDONESIA', '0315666200', '-', '-', NULL, 'DIANA', '', 'sales.panensub@gmail.com', NULL, NULL, NULL, '0', '1', '1', '0'),
	(952, 'SUPATOURSUB', 'SUPATOUR AND TRAVEL', NULL, 'GRIYA BABATAN MUKTI M 70', 'SURABAYA', '60227', 'INDONESIA', '+62818307283', '', 'supatourntravel@gmail.com', NULL, '', '', 'yenna monica', NULL, NULL, NULL, '0', '1', '1', '0'),
	(953, 'SPIRITTRAVELSDA', 'PT SPIRIT SURYA SEMESTA', NULL, 'JL. DIPONEGORO 115', 'SIDOARJO', '61213', 'INDONESIA', '+62318069333', '+62318963796', 'mkt.spirittravel@gmail.com', NULL, 'MAYA', '', 'maya', NULL, NULL, NULL, '0', '1', '1', '0'),
	(954, 'QTATRAVELINDOSUB', 'Q-TA TRAVELINDO', NULL, 'JL. KENJERAN 61', 'SURABAYA', '60143', 'INDONESIA', '+620313710243', '+620313714219', 'q_tatourtravel@yahoo.com', NULL, '', '', 'trida', NULL, NULL, NULL, '0', '1', '1', '0'),
	(955, 'dievasbali', 'DIEVAS GROUP', 'PT AMOR BRAYAT AGENG', 'JL TAMAN SARI 088 KELAN, TUBAN, KUTA BALI', 'BADUNG', '80361', 'INDONESIA', '+62361705010', '', 'sales@dievasgroup.com', NULL, 'YENI', '', 'sales@dievasgroup.com', '087751400460', '08563494430', '', '0', '0', '1', '0'),
	(956, 'SINASINUSUB', 'SINA SINU ADVENTURE', NULL, 'JL. GUNUNG ANYAR LOR NO. 41 SURABAYA', 'SURABAYA', '60294', 'INDONESIA', '+6285100619343', '+62321-494141', 'farhan.sina.sinu@gmail.com', NULL, '', '', 'farhan', NULL, NULL, NULL, '0', '1', '1', '0'),
	(957, 'INDAHPLUSLOMBOK', 'INDAH PLUS', NULL, 'JLN ARYA BANJAR GETAS AMPENAN/GATEP /ABG-LOBAR', 'LOMBOK', '84321', 'INDONESIA', '+6281915820458', '+620371625008', 'franstimbulong@yahoo.com', NULL, '081915820458', '', '081915820458', NULL, NULL, NULL, '0', '1', '1', '0'),
	(958, 'ERALINKJKT', 'ERALINK TRAVEL', NULL, 'PALM MANSION M.18A. TAMAN SURYA. JAKARTA BARAT', 'JAKARTA', '', 'INDONESIA', '+6281289667733', '+622154397905', 'eralinkindonesia@gmail.com', NULL, '', '', 'francisca ng', NULL, NULL, NULL, '0', '1', '1', '0'),
	(959, 'BTRAVMALANG', 'PT. BTRAV WISATA INDONESIA', NULL, 'JALAN RAYA SULFAT A2 KAV. D-E MALANG', 'MALANG', '65122', 'INDONESIA', '+62341494444', '', 'nerikakw@btrav.id', NULL, '', '', 'nerika', NULL, NULL, NULL, '0', '1', '1', '0'),
	(960, 'B3NZSUB', 'B3NZ TRAVEL', NULL, 'VILA VALENSIA PA6/10 (PAKUWON INDAH)', 'SURABAYA', '60227', 'INDONESIA', '+623151160536', '+623151160536', 'b3nztravel@yahoo.com', NULL, '', '', 'beny', NULL, NULL, NULL, '0', '1', '1', '0'),
	(961, 'JALANJALANYUQ', 'JALANJALANYUQ.COM', NULL, 'JL. ARIFIN NO. 20', 'SURAKARTA', '57131', 'INDONESIA', '', '', 'jalanjalanyuq@gmail.com', NULL, '', '', 'yoan avianto', NULL, NULL, NULL, '0', '1', '1', '0'),
	(962, 'KUONI', 'KUONI', NULL, 'INDONESIA', 'SURABAYA', '-', 'INDONESIA', '0315675506', '-', '-', NULL, '', '', '-', NULL, NULL, NULL, '0', '1', '1', '0'),
	(963, 'agntest', 'TESTING AGENT', 'HOTEL MAJAPAHIT', '', '', '', '', '', '', '', 'level 2', 'SAMA SAJA', '', '', '', '', '', '0', '1', '1', '0'),
	(964, 'agntest', 'TESTING AGENT', 'HOTEL MAJAPAHIT', '', '', '', '', '', '', '', 'level 2', 'SAMA SAJA', '', '', '', '', '', '0', '1', '1', '0'),
	(965, 'agntest', 'TESTING AGENT', 'HOTEL MAJAPAHIT', '', '', '', '', '', '', '', 'level 2', 'SAMA SAJA', '', '', '', '', '', '0', '1', '1', '0'),
	(966, 'agntest', 'TESTING AGENT', 'HOTEL MAJAPAHIT', '', '', '', '', '', '', '', 'level 2', 'SAMA SAJA', '', '', '', '', '', '0', '1', '1', '0'),
	(967, 'agntest', 'TESTING AGENT', 'HOTEL MAJAPAHIT', '', '', '', '', '', '', '', 'level 2', 'SAMA SAJA', '', '', '', '', '', '0', '1', '1', '0'),
	(968, 'agntest', 'TESTING AGENT', 'HOTEL MAJAPAHIT', '', '', '', '', '', '', '', 'level 2', 'SAMA SAJA', '', '', '', '', '', '0', '1', '1', '0'),
	(969, 'agntest', 'TESTING AGENT', 'HOTEL MAJAPAHIT', '', '', '', '', '', '', '', 'level 2', 'SAMA SAJA', '', '', '', '', '', '0', '1', '1', '0'),
	(970, 'agentinfo', 'AGENTEST123', 'HOTEL SANTIKA', '', '', '', '', '', '', '', 'level 4', 'JEFRY', '', '', '', '', '', '0', '1', '1', '0'),
	(971, 'agentinfo', 'AGENTEST123', 'HOTEL SANTIKA', '', '', '', '', '', '', '', 'level 4', 'JEFRY', '', '', '', '', '', '0', '1', '1', '0'),
	(972, 'agentinfo', 'AGENTEST123', 'HOTEL SANTIKA', '', '', '', '', '', '', '', 'level 4', 'JEFRY', '', '', '', '', '', '0', '1', '1', '0'),
	(973, 'adagent', 'AGENT TESTING 1234', 'HOTEL SANTIKA JEMURSARI', '', '', '', '', '', '', '', 'level 5', 'JEFRY MIFTAKHUL', '', '', '', '', '', '0', '1', '1', '0');
/*!40000 ALTER TABLE `ms_agent` ENABLE KEYS */;

-- membuang struktur untuk table tgh.ms_agent_staff
CREATE TABLE IF NOT EXISTS `ms_agent_staff` (
  `id` int(11) NOT NULL AUTO_INCREMENT,
  `staffName` varchar(100) DEFAULT NULL,
  `staffPosition` varchar(100) DEFAULT NULL,
  `email` varchar(100) DEFAULT NULL,
  `mobile` varchar(100) DEFAULT NULL,
  `whatsapp` varchar(100) DEFAULT NULL,
  `bbm` varchar(100) DEFAULT NULL,
  `staffUsername` varchar(100) DEFAULT NULL,
  `staffPassword` varchar(100) DEFAULT NULL,
  `flag` char(1) DEFAULT '0',
  PRIMARY KEY (`id`)
) ENGINE=InnoDB AUTO_INCREMENT=985 DEFAULT CHARSET=latin1;

-- Membuang data untuk tabel tgh.ms_agent_staff: ~976 rows (lebih kurang)
/*!40000 ALTER TABLE `ms_agent_staff` DISABLE KEYS */;
INSERT INTO `ms_agent_staff` (`id`, `staffName`, `staffPosition`, `email`, `mobile`, `whatsapp`, `bbm`, `staffUsername`, `staffPassword`, `flag`) VALUES
	(9, 'SUPER ID', NULL, NULL, NULL, NULL, NULL, 'superid', '123456', '0'),
	(10, 'SUPER ID', NULL, NULL, NULL, NULL, NULL, 'superid', '123456', '0'),
	(11, 'SUPER ID', NULL, NULL, NULL, NULL, NULL, 'superid', '123456', '0'),
	(12, 'SUPER ID', NULL, NULL, NULL, NULL, NULL, 'superid', '123456', '0'),
	(13, 'SUPER ID', NULL, NULL, NULL, NULL, NULL, 'superid', '123456', '0'),
	(14, 'SUPER ID', NULL, NULL, NULL, NULL, NULL, 'superid', '123456', '0'),
	(15, 'SUPER ID', NULL, NULL, NULL, NULL, NULL, 'superid', '123456', '0'),
	(16, 'SUPER ID', NULL, NULL, NULL, NULL, NULL, 'superid', '123456', '0'),
	(17, 'SUPER ID', NULL, NULL, NULL, NULL, NULL, 'superid', '123456', '0'),
	(18, 'SUPER ID', NULL, NULL, NULL, NULL, NULL, 'superid', '123456', '0'),
	(19, 'SUPER ID', NULL, NULL, NULL, NULL, NULL, 'superid', '123456', '0'),
	(20, 'SUPER ID', NULL, NULL, NULL, NULL, NULL, 'superid', '123456', '0'),
	(21, 'SUPER ID', NULL, NULL, NULL, NULL, NULL, 'superid', '123456', '0'),
	(22, 'SUPER ID', NULL, NULL, NULL, NULL, NULL, 'superid', '123456', '0'),
	(23, 'SUPER ID', NULL, NULL, NULL, NULL, NULL, 'superid', '123456', '0'),
	(24, 'SUPER ID', NULL, NULL, NULL, NULL, NULL, 'superid', '123456', '0'),
	(25, 'SUPER ID', NULL, NULL, NULL, NULL, NULL, 'superid', '123456', '0'),
	(26, 'SUPER ID', NULL, NULL, NULL, NULL, NULL, 'superid', '123456', '0'),
	(27, 'SUPER ID', NULL, NULL, NULL, NULL, NULL, 'superid', '123456', '0'),
	(28, 'SUPER ID', NULL, NULL, NULL, NULL, NULL, 'superid', '123456', '0'),
	(29, 'SUPER ID', NULL, NULL, NULL, NULL, NULL, 'superid', '123456', '0'),
	(30, 'SUPER ID', NULL, NULL, NULL, NULL, NULL, 'superid', '123456', '0'),
	(31, 'SUPER ID', NULL, NULL, NULL, NULL, NULL, 'superid', '123456', '0'),
	(32, 'SUPER ID', NULL, NULL, NULL, NULL, NULL, 'superid', '123456', '0'),
	(33, 'SUPER ID', NULL, NULL, NULL, NULL, NULL, 'superid', '123456', '0'),
	(34, 'SUPER ID', NULL, NULL, NULL, NULL, NULL, 'superid', '123456', '0'),
	(35, 'SUPER ID', NULL, NULL, NULL, NULL, NULL, 'superid', '123456', '0'),
	(36, 'SUPER ID', NULL, NULL, NULL, NULL, NULL, 'superid', '123456', '0'),
	(37, 'SUPER ID', NULL, NULL, NULL, NULL, NULL, 'superid', '123456', '0'),
	(38, 'SUPER ID', NULL, NULL, NULL, NULL, NULL, 'superid', '123456', '0'),
	(39, 'SUPER ID', NULL, NULL, NULL, NULL, NULL, 'superid', '123456', '0'),
	(40, 'SUPER ID', NULL, NULL, NULL, NULL, NULL, 'superid', '123456', '0'),
	(41, 'SUPER ID', NULL, NULL, NULL, NULL, NULL, 'superid', '123456', '0'),
	(42, 'SUPER ID', NULL, NULL, NULL, NULL, NULL, 'superid', '123456', '0'),
	(43, 'SUPER ID', NULL, NULL, NULL, NULL, NULL, 'superid', '123456', '0'),
	(44, 'SUPER ID', NULL, NULL, NULL, NULL, NULL, 'superid', '123456', '0'),
	(45, 'SUPER ID', NULL, NULL, NULL, NULL, NULL, 'superid', '123456', '0'),
	(46, 'SUPER ID', NULL, NULL, NULL, NULL, NULL, 'superid', '123456', '0'),
	(47, 'SUPER ID', NULL, NULL, NULL, NULL, NULL, 'superid', '123456', '0'),
	(48, 'SUPER ID', NULL, NULL, NULL, NULL, NULL, 'superid', '123456', '0'),
	(49, 'SUPER ID', NULL, NULL, NULL, NULL, NULL, 'superid', '123456', '0'),
	(50, 'SUPER ID', NULL, NULL, NULL, NULL, NULL, 'superid', '123456', '0'),
	(51, 'SUPER ID', NULL, NULL, NULL, NULL, NULL, 'superid', '123456', '0'),
	(52, 'SUPER ID', NULL, NULL, NULL, NULL, NULL, 'superid', '123456', '0'),
	(53, 'SUPER ID', NULL, NULL, NULL, NULL, NULL, 'superid', '123456', '0'),
	(54, 'SUPER ID', NULL, NULL, NULL, NULL, NULL, 'superid', '123456', '0'),
	(55, 'SUPER ID', NULL, NULL, NULL, NULL, NULL, 'superid', '123456', '0'),
	(56, 'SUPER ID', NULL, NULL, NULL, NULL, NULL, 'superid', '123456', '0'),
	(57, 'SUPER ID', NULL, NULL, NULL, NULL, NULL, 'superid', '123456', '0'),
	(58, 'SUPER ID', NULL, NULL, NULL, NULL, NULL, 'superid', '123456', '0'),
	(59, 'SUPER ID', NULL, NULL, NULL, NULL, NULL, 'superid', '123456', '0'),
	(60, 'SUPER ID', NULL, NULL, NULL, NULL, NULL, 'superid', '123456', '0'),
	(61, 'SUPER ID', NULL, NULL, NULL, NULL, NULL, 'superid', '123456', '0'),
	(62, 'SUPER ID', NULL, NULL, NULL, NULL, NULL, 'superid', '123456', '0'),
	(63, 'SUPER ID', NULL, NULL, NULL, NULL, NULL, 'superid', '123456', '0'),
	(64, 'SUPER ID', NULL, NULL, NULL, NULL, NULL, 'superid', '123456', '0'),
	(65, 'SUPER ID', NULL, NULL, NULL, NULL, NULL, 'superid', '123456', '0'),
	(66, 'SUPER ID', NULL, NULL, NULL, NULL, NULL, 'superid', '123456', '0'),
	(67, 'SUPER ID', NULL, NULL, NULL, NULL, NULL, 'superid', '123456', '0'),
	(68, 'SUPER ID', NULL, NULL, NULL, NULL, NULL, 'superid', '123456', '0'),
	(69, 'SUPER ID', NULL, NULL, NULL, NULL, NULL, 'superid', '123456', '0'),
	(70, 'SUPER ID', NULL, NULL, NULL, NULL, NULL, 'superid', '123456', '0'),
	(71, 'SUPER ID', NULL, NULL, NULL, NULL, NULL, 'superid', '123456', '0'),
	(72, 'SUPER ID', NULL, NULL, NULL, NULL, NULL, 'superid', '123456', '0'),
	(73, 'SUPER ID', NULL, NULL, NULL, NULL, NULL, 'superid', '123456', '0'),
	(74, 'SUPER ID', NULL, NULL, NULL, NULL, NULL, 'superid', '123456', '0'),
	(75, 'SUPER ID', NULL, NULL, NULL, NULL, NULL, 'superid', '123456', '0'),
	(76, 'SUPER ID', NULL, NULL, NULL, NULL, NULL, 'superid', '123456', '0'),
	(77, 'SUPER ID', NULL, NULL, NULL, NULL, NULL, 'superid', '123456', '0'),
	(78, 'SUPER ID', NULL, NULL, NULL, NULL, NULL, 'superid', '123456', '0'),
	(79, 'SUPER ID', NULL, NULL, NULL, NULL, NULL, 'superid', '123456', '0'),
	(80, 'SUPER ID', NULL, NULL, NULL, NULL, NULL, 'superid', '123456', '0'),
	(81, 'SUPER ID', NULL, NULL, NULL, NULL, NULL, 'superid', '123456', '0'),
	(82, 'SUPER ID', NULL, NULL, NULL, NULL, NULL, 'superid', '123456', '0'),
	(83, 'SUPER ID', NULL, NULL, NULL, NULL, NULL, 'superid', '123456', '0'),
	(84, 'SUPER ID', NULL, NULL, NULL, NULL, NULL, 'superid', '123456', '0'),
	(85, 'SUPER ID', NULL, NULL, NULL, NULL, NULL, 'superid', '123456', '0'),
	(86, 'SUPER ID', NULL, NULL, NULL, NULL, NULL, 'superid', '123456', '0'),
	(87, 'SUPER ID', NULL, NULL, NULL, NULL, NULL, 'superid', '123456', '0'),
	(88, 'SUPER ID', NULL, NULL, NULL, NULL, NULL, 'superid', '123456', '0'),
	(89, 'SUPER ID', NULL, NULL, NULL, NULL, NULL, 'superid', '123456', '0'),
	(90, 'SUPER ID', NULL, NULL, NULL, NULL, NULL, 'superid', '123456', '0'),
	(91, 'SUPER ID', NULL, NULL, NULL, NULL, NULL, 'superid', '123456', '0'),
	(92, 'SUPER ID', NULL, NULL, NULL, NULL, NULL, 'superid', '123456', '0'),
	(93, 'SUPER ID', NULL, NULL, NULL, NULL, NULL, 'superid', '123456', '0'),
	(94, 'SUPER ID', NULL, NULL, NULL, NULL, NULL, 'superid', '123456', '0'),
	(95, 'SUPER ID', NULL, NULL, NULL, NULL, NULL, 'superid', '123456', '0'),
	(96, 'SUPER ID', NULL, NULL, NULL, NULL, NULL, 'superid', '123456', '0'),
	(97, 'SUPER ID', NULL, NULL, NULL, NULL, NULL, 'superid', '123456', '0'),
	(98, 'SUPER ID', NULL, NULL, NULL, NULL, NULL, 'superid', '123456', '0'),
	(99, 'SUPER ID', NULL, NULL, NULL, NULL, NULL, 'superid', '123456', '0'),
	(100, 'SUPER ID', NULL, NULL, NULL, NULL, NULL, 'superid', '123456', '0'),
	(101, 'SUPER ID', NULL, NULL, NULL, NULL, NULL, 'superid', '123456', '0'),
	(102, 'SUPER ID', NULL, NULL, NULL, NULL, NULL, 'superid', '123456', '0'),
	(103, 'SUPER ID', NULL, NULL, NULL, NULL, NULL, 'superid', '123456', '0'),
	(104, 'SUPER ID', NULL, NULL, NULL, NULL, NULL, 'superid', '123456', '0'),
	(105, 'SUPER ID', NULL, NULL, NULL, NULL, NULL, 'superid', '123456', '0'),
	(106, 'SUPER ID', NULL, NULL, NULL, NULL, NULL, 'superid', '123456', '0'),
	(107, 'SUPER ID', NULL, NULL, NULL, NULL, NULL, 'superid', '123456', '0'),
	(108, 'SUPER ID', NULL, NULL, NULL, NULL, NULL, 'superid', '123456', '0'),
	(109, 'SUPER ID', NULL, NULL, NULL, NULL, NULL, 'superid', '123456', '0'),
	(110, 'SUPER ID', NULL, NULL, NULL, NULL, NULL, 'superid', '123456', '0'),
	(111, 'SUPER ID', NULL, NULL, NULL, NULL, NULL, 'superid', '123456', '0'),
	(112, 'SUPER ID', NULL, NULL, NULL, NULL, NULL, 'superid', '123456', '0'),
	(113, 'SUPER ID', NULL, NULL, NULL, NULL, NULL, 'superid', '123456', '0'),
	(114, 'SUPER ID', NULL, NULL, NULL, NULL, NULL, 'superid', '123456', '0'),
	(115, 'SUPER ID', NULL, NULL, NULL, NULL, NULL, 'superid', '123456', '0'),
	(116, 'SUPER ID', NULL, NULL, NULL, NULL, NULL, 'superid', '123456', '0'),
	(117, 'SUPER ID', NULL, NULL, NULL, NULL, NULL, 'superid', '123456', '0'),
	(118, 'SUPER ID', NULL, NULL, NULL, NULL, NULL, 'superid', '123456', '0'),
	(119, 'SUPER ID', NULL, NULL, NULL, NULL, NULL, 'superid', '123456', '0'),
	(120, 'SUPER ID', NULL, NULL, NULL, NULL, NULL, 'superid', '123456', '0'),
	(121, 'SUPER ID', NULL, NULL, NULL, NULL, NULL, 'superid', '123456', '0'),
	(122, 'SUPER ID', NULL, NULL, NULL, NULL, NULL, 'superid', '123456', '0'),
	(123, 'SUPER ID', NULL, NULL, NULL, NULL, NULL, 'superid', '123456', '0'),
	(124, 'SUPER ID', NULL, NULL, NULL, NULL, NULL, 'superid', '123456', '0'),
	(125, 'SUPER ID', NULL, NULL, NULL, NULL, NULL, 'superid', '123456', '0'),
	(126, 'SUPER ID', NULL, NULL, NULL, NULL, NULL, 'superid', '123456', '0'),
	(127, 'SUPER ID', NULL, NULL, NULL, NULL, NULL, 'superid', '123456', '0'),
	(128, 'SUPER ID', NULL, NULL, NULL, NULL, NULL, 'superid', '123456', '0'),
	(129, 'SUPER ID', NULL, NULL, NULL, NULL, NULL, 'superid', '123456', '0'),
	(130, 'SUPER ID', NULL, NULL, NULL, NULL, NULL, 'superid', '123456', '0'),
	(131, 'SUPER ID', NULL, NULL, NULL, NULL, NULL, 'superid', '123456', '0'),
	(132, 'SUPER ID', NULL, NULL, NULL, NULL, NULL, 'superid', '123456', '0'),
	(133, 'SUPER ID', NULL, NULL, NULL, NULL, NULL, 'superid', '123456', '0'),
	(134, 'SUPER ID', NULL, NULL, NULL, NULL, NULL, 'superid', '123456', '0'),
	(135, 'SUPER ID', NULL, NULL, NULL, NULL, NULL, 'superid', '123456', '0'),
	(136, 'SUPER ID', NULL, NULL, NULL, NULL, NULL, 'superid', '123456', '0'),
	(137, 'SUPER ID', NULL, NULL, NULL, NULL, NULL, 'superid', '123456', '0'),
	(138, 'SUPER ID', NULL, NULL, NULL, NULL, NULL, 'superid', '123456', '0'),
	(139, 'SUPER ID', NULL, NULL, NULL, NULL, NULL, 'superid', '123456', '0'),
	(140, 'SUPER ID', NULL, NULL, NULL, NULL, NULL, 'superid', '123456', '0'),
	(141, 'SUPER ID', NULL, NULL, NULL, NULL, NULL, 'superid', '123456', '0'),
	(142, 'SUPER ID', NULL, NULL, NULL, NULL, NULL, 'superid', '123456', '0'),
	(143, 'SUPER ID', NULL, NULL, NULL, NULL, NULL, 'superid', '123456', '0'),
	(144, 'SUPER ID', NULL, NULL, NULL, NULL, NULL, 'superid', '123456', '0'),
	(145, 'SUPER ID', NULL, NULL, NULL, NULL, NULL, 'superid', '123456', '0'),
	(146, 'SUPER ID', NULL, NULL, NULL, NULL, NULL, 'superid', '123456', '0'),
	(147, 'SUPER ID', NULL, NULL, NULL, NULL, NULL, 'superid', '123456', '0'),
	(148, 'SUPER ID', NULL, NULL, NULL, NULL, NULL, 'superid', '123456', '0'),
	(149, 'SUPER ID', NULL, NULL, NULL, NULL, NULL, 'superid', '123456', '0'),
	(150, 'SUPER ID', NULL, NULL, NULL, NULL, NULL, 'superid', '123456', '0'),
	(151, 'SUPER ID', NULL, NULL, NULL, NULL, NULL, 'superid', '123456', '0'),
	(152, 'SUPER ID', NULL, NULL, NULL, NULL, NULL, 'superid', '123456', '0'),
	(153, 'SUPER ID', NULL, NULL, NULL, NULL, NULL, 'superid', '123456', '0'),
	(154, 'SUPER ID', NULL, NULL, NULL, NULL, NULL, 'superid', '123456', '0'),
	(155, 'SUPER ID', NULL, NULL, NULL, NULL, NULL, 'superid', '123456', '0'),
	(156, 'SUPER ID', NULL, NULL, NULL, NULL, NULL, 'superid', '123456', '0'),
	(157, 'SUPER ID', NULL, NULL, NULL, NULL, NULL, 'superid', '123456', '0'),
	(158, 'SUPER ID', NULL, NULL, NULL, NULL, NULL, 'superid', '123456', '0'),
	(159, 'SUPER ID', NULL, NULL, NULL, NULL, NULL, 'superid', '123456', '0'),
	(160, 'SUPER ID', NULL, NULL, NULL, NULL, NULL, 'superid', '123456', '0'),
	(161, 'SUPER ID', NULL, NULL, NULL, NULL, NULL, 'superid', '123456', '0'),
	(162, 'SUPER ID', NULL, NULL, NULL, NULL, NULL, 'superid', '123456', '0'),
	(163, 'SUPER ID', NULL, NULL, NULL, NULL, NULL, 'superid', '123456', '0'),
	(164, 'SUPER ID', NULL, NULL, NULL, NULL, NULL, 'superid', '123456', '0'),
	(165, 'SUPER ID', NULL, NULL, NULL, NULL, NULL, 'superid', '123456', '0'),
	(166, 'SUPER ID', NULL, NULL, NULL, NULL, NULL, 'superid', '123456', '0'),
	(167, 'SUPER ID', NULL, NULL, NULL, NULL, NULL, 'superid', '123456', '0'),
	(168, 'SUPER ID', NULL, NULL, NULL, NULL, NULL, 'superid', '123456', '0'),
	(169, 'SUPER ID', NULL, NULL, NULL, NULL, NULL, 'superid', '123456', '0'),
	(170, 'SUPER ID', NULL, NULL, NULL, NULL, NULL, 'superid', '123456', '0'),
	(171, 'SUPER ID', NULL, NULL, NULL, NULL, NULL, 'superid', '123456', '0'),
	(172, 'SUPER ID', NULL, NULL, NULL, NULL, NULL, 'superid', '123456', '0'),
	(173, 'SUPER ID', NULL, NULL, NULL, NULL, NULL, 'superid', '123456', '0'),
	(174, 'SUPER ID', NULL, NULL, NULL, NULL, NULL, 'superid', '123456', '0'),
	(175, 'SUPER ID', NULL, NULL, NULL, NULL, NULL, 'superid', '123456', '0'),
	(176, 'SUPER ID', NULL, NULL, NULL, NULL, NULL, 'superid', '123456', '0'),
	(177, 'SUPER ID', NULL, NULL, NULL, NULL, NULL, 'superid', '123456', '0'),
	(178, 'SUPER ID', NULL, NULL, NULL, NULL, NULL, 'superid', '123456', '0'),
	(179, 'SUPER ID', NULL, NULL, NULL, NULL, NULL, 'superid', '123456', '0'),
	(180, 'SUPER ID', NULL, NULL, NULL, NULL, NULL, 'superid', '123456', '0'),
	(181, 'SUPER ID', NULL, NULL, NULL, NULL, NULL, 'superid', '123456', '0'),
	(182, 'SUPER ID', NULL, NULL, NULL, NULL, NULL, 'superid', '123456', '0'),
	(183, 'SUPER ID', NULL, NULL, NULL, NULL, NULL, 'superid', '123456', '0'),
	(184, 'SUPER ID', NULL, NULL, NULL, NULL, NULL, 'superid', '123456', '0'),
	(185, 'SUPER ID', NULL, NULL, NULL, NULL, NULL, 'superid', '123456', '0'),
	(186, 'SUPER ID', NULL, NULL, NULL, NULL, NULL, 'superid', '123456', '0'),
	(187, 'SUPER ID', NULL, NULL, NULL, NULL, NULL, 'superid', '123456', '0'),
	(188, 'SUPER ID', NULL, NULL, NULL, NULL, NULL, 'superid', '123456', '0'),
	(189, 'SUPER ID', NULL, NULL, NULL, NULL, NULL, 'superid', '123456', '0'),
	(190, 'SUPER ID', NULL, NULL, NULL, NULL, NULL, 'superid', '123456', '0'),
	(191, 'SUPER ID', NULL, NULL, NULL, NULL, NULL, 'superid', '123456', '0'),
	(192, 'SUPER ID', NULL, NULL, NULL, NULL, NULL, 'superid', '123456', '0'),
	(193, 'SUPER ID', NULL, NULL, NULL, NULL, NULL, 'superid', '123456', '0'),
	(194, 'SUPER ID', NULL, NULL, NULL, NULL, NULL, 'superid', '123456', '0'),
	(195, 'SUPER ID', NULL, NULL, NULL, NULL, NULL, 'superid', '123456', '0'),
	(196, 'SUPER ID', NULL, NULL, NULL, NULL, NULL, 'superid', '123456', '0'),
	(197, 'SUPER ID', NULL, NULL, NULL, NULL, NULL, 'superid', '123456', '0'),
	(198, 'SUPER ID', NULL, NULL, NULL, NULL, NULL, 'superid', '123456', '0'),
	(199, 'SUPER ID', NULL, NULL, NULL, NULL, NULL, 'superid', '123456', '0'),
	(200, 'SUPER ID', NULL, NULL, NULL, NULL, NULL, 'superid', '123456', '0'),
	(201, 'SUPER ID', NULL, NULL, NULL, NULL, NULL, 'superid', '123456', '0'),
	(202, 'SUPER ID', NULL, NULL, NULL, NULL, NULL, 'superid', '123456', '0'),
	(203, 'SUPER ID', NULL, NULL, NULL, NULL, NULL, 'superid', '123456', '0'),
	(204, 'SUPER ID', NULL, NULL, NULL, NULL, NULL, 'superid', '123456', '0'),
	(205, 'SUPER ID', NULL, NULL, NULL, NULL, NULL, 'superid', '123456', '0'),
	(206, 'SUPER ID', NULL, NULL, NULL, NULL, NULL, 'superid', '123456', '0'),
	(207, 'SUPER ID', NULL, NULL, NULL, NULL, NULL, 'superid', '123456', '0'),
	(208, 'SUPER ID', NULL, NULL, NULL, NULL, NULL, 'superid', '123456', '0'),
	(209, 'SUPER ID', NULL, NULL, NULL, NULL, NULL, 'superid', '123456', '0'),
	(210, 'SUPER ID', NULL, NULL, NULL, NULL, NULL, 'superid', '123456', '0'),
	(211, 'SUPER ID', NULL, NULL, NULL, NULL, NULL, 'superid', '123456', '0'),
	(212, 'SUPER ID', NULL, NULL, NULL, NULL, NULL, 'superid', '123456', '0'),
	(213, 'SUPER ID', NULL, NULL, NULL, NULL, NULL, 'superid', '123456', '0'),
	(214, 'SUPER ID', NULL, NULL, NULL, NULL, NULL, 'superid', '123456', '0'),
	(215, 'SUPER ID', NULL, NULL, NULL, NULL, NULL, 'superid', '123456', '0'),
	(216, 'SUPER ID', NULL, NULL, NULL, NULL, NULL, 'superid', '123456', '0'),
	(217, 'SUPER ID', NULL, NULL, NULL, NULL, NULL, 'superid', '123456', '0'),
	(218, 'SUPER ID', NULL, NULL, NULL, NULL, NULL, 'superid', '123456', '0'),
	(219, 'SUPER ID', NULL, NULL, NULL, NULL, NULL, 'superid', '123456', '0'),
	(220, 'SUPER ID', NULL, NULL, NULL, NULL, NULL, 'superid', '123456', '0'),
	(221, 'SUPER ID', NULL, NULL, NULL, NULL, NULL, 'superid', '123456', '0'),
	(222, 'SUPER ID', NULL, NULL, NULL, NULL, NULL, 'superid', '123456', '0'),
	(223, 'SUPER ID', NULL, NULL, NULL, NULL, NULL, 'superid', '123456', '0'),
	(224, 'SUPER ID', NULL, NULL, NULL, NULL, NULL, 'superid', '123456', '0'),
	(225, 'SUPER ID', NULL, NULL, NULL, NULL, NULL, 'superid', '123456', '0'),
	(226, 'SUPER ID', NULL, NULL, NULL, NULL, NULL, 'superid', '123456', '0'),
	(227, 'SUPER ID', NULL, NULL, NULL, NULL, NULL, 'superid', '123456', '0'),
	(228, 'SUPER ID', NULL, NULL, NULL, NULL, NULL, 'superid', '123456', '0'),
	(229, 'SUPER ID', NULL, NULL, NULL, NULL, NULL, 'superid', '123456', '0'),
	(230, 'SUPER ID', NULL, NULL, NULL, NULL, NULL, 'superid', '123456', '0'),
	(231, 'SUPER ID', NULL, NULL, NULL, NULL, NULL, 'superid', '123456', '0'),
	(232, 'SUPER ID', NULL, NULL, NULL, NULL, NULL, 'superid', '123456', '0'),
	(233, 'SUPER ID', NULL, NULL, NULL, NULL, NULL, 'superid', '123456', '0'),
	(234, 'SUPER ID', NULL, NULL, NULL, NULL, NULL, 'superid', '123456', '0'),
	(235, 'SUPER ID', NULL, NULL, NULL, NULL, NULL, 'superid', '123456', '0'),
	(236, 'SUPER ID', NULL, NULL, NULL, NULL, NULL, 'superid', '123456', '0'),
	(237, 'SUPER ID', NULL, NULL, NULL, NULL, NULL, 'superid', '123456', '0'),
	(238, 'SUPER ID', NULL, NULL, NULL, NULL, NULL, 'superid', '123456', '0'),
	(239, 'SUPER ID', NULL, NULL, NULL, NULL, NULL, 'superid', '123456', '0'),
	(240, 'SUPER ID', NULL, NULL, NULL, NULL, NULL, 'superid', '123456', '0'),
	(241, 'SUPER ID', NULL, NULL, NULL, NULL, NULL, 'superid', '123456', '0'),
	(242, 'SUPER ID', NULL, NULL, NULL, NULL, NULL, 'superid', '123456', '0'),
	(243, 'SUPER ID', NULL, NULL, NULL, NULL, NULL, 'superid', '123456', '0'),
	(244, 'SUPER ID', NULL, NULL, NULL, NULL, NULL, 'superid', '123456', '0'),
	(245, 'SUPER ID', NULL, NULL, NULL, NULL, NULL, 'superid', '123456', '0'),
	(246, 'SUPER ID', NULL, NULL, NULL, NULL, NULL, 'superid', '123456', '0'),
	(247, 'SUPER ID', NULL, NULL, NULL, NULL, NULL, 'superid', '123456', '0'),
	(248, 'SUPER ID', NULL, NULL, NULL, NULL, NULL, 'superid', '123456', '0'),
	(249, 'SUPER ID', NULL, NULL, NULL, NULL, NULL, 'superid', '123456', '0'),
	(250, 'SUPER ID', NULL, NULL, NULL, NULL, NULL, 'superid', '123456', '0'),
	(251, 'SUPER ID', NULL, NULL, NULL, NULL, NULL, 'superid', '123456', '0'),
	(252, 'SUPER ID', NULL, NULL, NULL, NULL, NULL, 'superid', '123456', '0'),
	(253, 'SUPER ID', NULL, NULL, NULL, NULL, NULL, 'superid', '123456', '0'),
	(254, 'SUPER ID', NULL, NULL, NULL, NULL, NULL, 'superid', '123456', '0'),
	(255, 'SUPER ID', NULL, NULL, NULL, NULL, NULL, 'superid', '123456', '0'),
	(256, 'SUPER ID', NULL, NULL, NULL, NULL, NULL, 'superid', '123456', '0'),
	(257, 'SUPER ID', NULL, NULL, NULL, NULL, NULL, 'superid', '123456', '0'),
	(258, 'SUPER ID', NULL, NULL, NULL, NULL, NULL, 'superid', '123456', '0'),
	(259, 'SUPER ID', NULL, NULL, NULL, NULL, NULL, 'superid', '123456', '0'),
	(260, 'SUPER ID', NULL, NULL, NULL, NULL, NULL, 'superid', '123456', '0'),
	(261, 'SUPER ID', NULL, NULL, NULL, NULL, NULL, 'superid', '123456', '0'),
	(262, 'SUPER ID', NULL, NULL, NULL, NULL, NULL, 'superid', '123456', '0'),
	(263, 'SUPER ID', NULL, NULL, NULL, NULL, NULL, 'superid', '123456', '0'),
	(264, 'SUPER ID', NULL, NULL, NULL, NULL, NULL, 'superid', '123456', '0'),
	(265, 'SUPER ID', NULL, NULL, NULL, NULL, NULL, 'superid', '123456', '0'),
	(266, 'SUPER ID', NULL, NULL, NULL, NULL, NULL, 'superid', '123456', '0'),
	(267, 'SUPER ID', NULL, NULL, NULL, NULL, NULL, 'superid', '123456', '0'),
	(268, 'SUPER ID', NULL, NULL, NULL, NULL, NULL, 'superid', '123456', '0'),
	(269, 'SUPER ID', NULL, NULL, NULL, NULL, NULL, 'superid', '123456', '0'),
	(270, 'SUPER ID', NULL, NULL, NULL, NULL, NULL, 'superid', '123456', '0'),
	(271, 'SUPER ID', NULL, NULL, NULL, NULL, NULL, 'superid', '123456', '0'),
	(272, 'SUPER ID', NULL, NULL, NULL, NULL, NULL, 'superid', '123456', '0'),
	(273, 'SUPER ID', NULL, NULL, NULL, NULL, NULL, 'superid', '123456', '0'),
	(274, 'SUPER ID', NULL, NULL, NULL, NULL, NULL, 'superid', '123456', '0'),
	(275, 'SUPER ID', NULL, NULL, NULL, NULL, NULL, 'superid', '123456', '0'),
	(276, 'SUPER ID', NULL, NULL, NULL, NULL, NULL, 'superid', '123456', '0'),
	(277, 'SUPER ID', NULL, NULL, NULL, NULL, NULL, 'superid', '123456', '0'),
	(278, 'SUPER ID', NULL, NULL, NULL, NULL, NULL, 'superid', '123456', '0'),
	(279, 'SUPER ID', NULL, NULL, NULL, NULL, NULL, 'superid', '123456', '0'),
	(280, 'SUPER ID', NULL, NULL, NULL, NULL, NULL, 'superid', '123456', '0'),
	(281, 'SUPER ID', NULL, NULL, NULL, NULL, NULL, 'superid', '123456', '0'),
	(282, 'SUPER ID', NULL, NULL, NULL, NULL, NULL, 'superid', '123456', '0'),
	(283, 'SUPER ID', NULL, NULL, NULL, NULL, NULL, 'superid', '123456', '0'),
	(284, 'SUPER ID', NULL, NULL, NULL, NULL, NULL, 'superid', '123456', '0'),
	(285, 'SUPER ID', NULL, NULL, NULL, NULL, NULL, 'superid', '123456', '0'),
	(286, 'SUPER ID', NULL, NULL, NULL, NULL, NULL, 'superid', '123456', '0'),
	(287, 'SUPER ID', NULL, NULL, NULL, NULL, NULL, 'superid', '123456', '0'),
	(288, 'SUPER ID', NULL, NULL, NULL, NULL, NULL, 'superid', '123456', '0'),
	(289, 'SUPER ID', NULL, NULL, NULL, NULL, NULL, 'superid', '123456', '0'),
	(290, 'SUPER ID', NULL, NULL, NULL, NULL, NULL, 'superid', '123456', '0'),
	(291, 'SUPER ID', NULL, NULL, NULL, NULL, NULL, 'superid', '123456', '0'),
	(292, 'SUPER ID', NULL, NULL, NULL, NULL, NULL, 'superid', '123456', '0'),
	(293, 'SUPER ID', NULL, NULL, NULL, NULL, NULL, 'superid', '123456', '0'),
	(294, 'SUPER ID', NULL, NULL, NULL, NULL, NULL, 'superid', '123456', '0'),
	(295, 'SUPER ID', NULL, NULL, NULL, NULL, NULL, 'superid', '123456', '0'),
	(296, 'SUPER ID', NULL, NULL, NULL, NULL, NULL, 'superid', '123456', '0'),
	(297, 'SUPER ID', NULL, NULL, NULL, NULL, NULL, 'superid', '123456', '0'),
	(298, 'SUPER ID', NULL, NULL, NULL, NULL, NULL, 'superid', '123456', '0'),
	(299, 'SUPER ID', NULL, NULL, NULL, NULL, NULL, 'superid', '123456', '0'),
	(300, 'SUPER ID', NULL, NULL, NULL, NULL, NULL, 'superid', '123456', '0'),
	(301, 'SUPER ID', NULL, NULL, NULL, NULL, NULL, 'superid', '123456', '0'),
	(302, 'SUPER ID', NULL, NULL, NULL, NULL, NULL, 'superid', '123456', '0'),
	(303, 'SUPER ID', NULL, NULL, NULL, NULL, NULL, 'superid', '123456', '0'),
	(304, 'SUPER ID', NULL, NULL, NULL, NULL, NULL, 'superid', '123456', '0'),
	(305, 'SUPER ID', NULL, NULL, NULL, NULL, NULL, 'superid', '123456', '0'),
	(306, 'SUPER ID', NULL, NULL, NULL, NULL, NULL, 'superid', '123456', '0'),
	(307, 'SUPER ID', NULL, NULL, NULL, NULL, NULL, 'superid', '123456', '0'),
	(308, 'SUPER ID', NULL, NULL, NULL, NULL, NULL, 'superid', '123456', '0'),
	(309, 'SUPER ID', NULL, NULL, NULL, NULL, NULL, 'superid', '123456', '0'),
	(310, 'SUPER ID', NULL, NULL, NULL, NULL, NULL, 'superid', '123456', '0'),
	(311, 'SUPER ID', NULL, NULL, NULL, NULL, NULL, 'superid', '123456', '0'),
	(312, 'SUPER ID', NULL, NULL, NULL, NULL, NULL, 'superid', '123456', '0'),
	(313, 'SUPER ID', NULL, NULL, NULL, NULL, NULL, 'superid', '123456', '0'),
	(314, 'SUPER ID', NULL, NULL, NULL, NULL, NULL, 'superid', '123456', '0'),
	(315, 'SUPER ID', NULL, NULL, NULL, NULL, NULL, 'superid', '123456', '0'),
	(316, 'SUPER ID', NULL, NULL, NULL, NULL, NULL, 'superid', '123456', '0'),
	(317, 'SUPER ID', NULL, NULL, NULL, NULL, NULL, 'superid', '123456', '0'),
	(318, 'SUPER ID', NULL, NULL, NULL, NULL, NULL, 'superid', '123456', '0'),
	(319, 'SUPER ID', NULL, NULL, NULL, NULL, NULL, 'superid', '123456', '0'),
	(320, 'SUPER ID', NULL, NULL, NULL, NULL, NULL, 'superid', '123456', '0'),
	(321, 'SUPER ID', NULL, NULL, NULL, NULL, NULL, 'superid', '123456', '0'),
	(322, 'SUPER ID', NULL, NULL, NULL, NULL, NULL, 'superid', '123456', '0'),
	(323, 'SUPER ID', NULL, NULL, NULL, NULL, NULL, 'superid', '123456', '0'),
	(324, 'SUPER ID', NULL, NULL, NULL, NULL, NULL, 'superid', '123456', '0'),
	(325, 'SUPER ID', NULL, NULL, NULL, NULL, NULL, 'superid', '123456', '0'),
	(326, 'SUPER ID', NULL, NULL, NULL, NULL, NULL, 'superid', '123456', '0'),
	(327, 'SUPER ID', NULL, NULL, NULL, NULL, NULL, 'superid', '123456', '0'),
	(328, 'SUPER ID', NULL, NULL, NULL, NULL, NULL, 'superid', '123456', '0'),
	(329, 'SUPER ID', NULL, NULL, NULL, NULL, NULL, 'superid', '123456', '0'),
	(330, 'SUPER ID', NULL, NULL, NULL, NULL, NULL, 'superid', '123456', '0'),
	(331, 'SUPER ID', NULL, NULL, NULL, NULL, NULL, 'superid', '123456', '0'),
	(332, 'SUPER ID', NULL, NULL, NULL, NULL, NULL, 'superid', '123456', '0'),
	(333, 'SUPER ID', NULL, NULL, NULL, NULL, NULL, 'superid', '123456', '0'),
	(334, 'SUPER ID', NULL, NULL, NULL, NULL, NULL, 'superid', '123456', '0'),
	(335, 'SUPER ID', NULL, NULL, NULL, NULL, NULL, 'superid', '123456', '0'),
	(336, 'SUPER ID', NULL, NULL, NULL, NULL, NULL, 'superid', '123456', '0'),
	(337, 'SUPER ID', NULL, NULL, NULL, NULL, NULL, 'superid', '123456', '0'),
	(338, 'SUPER ID', NULL, NULL, NULL, NULL, NULL, 'superid', '123456', '0'),
	(339, 'SUPER ID', NULL, NULL, NULL, NULL, NULL, 'superid', '123456', '0'),
	(340, 'SUPER ID', NULL, NULL, NULL, NULL, NULL, 'superid', '123456', '0'),
	(341, 'SUPER ID', NULL, NULL, NULL, NULL, NULL, 'superid', '123456', '0'),
	(342, 'SUPER ID', NULL, NULL, NULL, NULL, NULL, 'superid', '123456', '0'),
	(343, 'SUPER ID', NULL, NULL, NULL, NULL, NULL, 'superid', '123456', '0'),
	(344, 'SUPER ID', NULL, NULL, NULL, NULL, NULL, 'superid', '123456', '0'),
	(345, 'SUPER ID', NULL, NULL, NULL, NULL, NULL, 'superid', '123456', '0'),
	(346, 'SUPER ID', NULL, NULL, NULL, NULL, NULL, 'superid', '123456', '0'),
	(347, 'SUPER ID', NULL, NULL, NULL, NULL, NULL, 'superid', '123456', '0'),
	(348, 'SUPER ID', NULL, NULL, NULL, NULL, NULL, 'superid', '123456', '0'),
	(349, 'SUPER ID', NULL, NULL, NULL, NULL, NULL, 'superid', '123456', '0'),
	(350, 'SUPER ID', NULL, NULL, NULL, NULL, NULL, 'superid', '123456', '0'),
	(351, 'SUPER ID', NULL, NULL, NULL, NULL, NULL, 'superid', '123456', '0'),
	(352, 'SUPER ID', NULL, NULL, NULL, NULL, NULL, 'superid', '123456', '0'),
	(353, 'SUPER ID', NULL, NULL, NULL, NULL, NULL, 'superid', '123456', '0'),
	(354, 'SUPER ID', NULL, NULL, NULL, NULL, NULL, 'superid', '123456', '0'),
	(355, 'SUPER ID', NULL, NULL, NULL, NULL, NULL, 'superid', '123456', '0'),
	(356, 'SUPER ID', NULL, NULL, NULL, NULL, NULL, 'superid', '123456', '0'),
	(357, 'SUPER ID', NULL, NULL, NULL, NULL, NULL, 'superid', '123456', '0'),
	(358, 'SUPER ID', NULL, NULL, NULL, NULL, NULL, 'superid', '123456', '0'),
	(359, 'SUPER ID', NULL, NULL, NULL, NULL, NULL, 'superid', '123456', '0'),
	(360, 'SUPER ID', NULL, NULL, NULL, NULL, NULL, 'superid', '123456', '0'),
	(361, 'SUPER ID', NULL, NULL, NULL, NULL, NULL, 'superid', '123456', '0'),
	(362, 'SUPER ID', NULL, NULL, NULL, NULL, NULL, 'superid', '123456', '0'),
	(363, 'SUPER ID', NULL, NULL, NULL, NULL, NULL, 'superid', '123456', '0'),
	(364, 'SUPER ID', NULL, NULL, NULL, NULL, NULL, 'superid', '123456', '0'),
	(365, 'SUPER ID', NULL, NULL, NULL, NULL, NULL, 'superid', '123456', '0'),
	(366, 'SUPER ID', NULL, NULL, NULL, NULL, NULL, 'superid', '123456', '0'),
	(367, 'SUPER ID', NULL, NULL, NULL, NULL, NULL, 'superid', '123456', '0'),
	(368, 'SUPER ID', NULL, NULL, NULL, NULL, NULL, 'superid', '123456', '0'),
	(369, 'SUPER ID', NULL, NULL, NULL, NULL, NULL, 'superid', '123456', '0'),
	(370, 'SUPER ID', NULL, NULL, NULL, NULL, NULL, 'superid', '123456', '0'),
	(371, 'SUPER ID', NULL, NULL, NULL, NULL, NULL, 'superid', '123456', '0'),
	(372, 'SUPER ID', NULL, NULL, NULL, NULL, NULL, 'superid', '123456', '0'),
	(373, 'SUPER ID', NULL, NULL, NULL, NULL, NULL, 'superid', '123456', '0'),
	(374, 'SUPER ID', NULL, NULL, NULL, NULL, NULL, 'superid', '123456', '0'),
	(375, 'SUPER ID', NULL, NULL, NULL, NULL, NULL, 'superid', '123456', '0'),
	(376, 'SUPER ID', NULL, NULL, NULL, NULL, NULL, 'superid', '123456', '0'),
	(377, 'SUPER ID', NULL, NULL, NULL, NULL, NULL, 'superid', '123456', '0'),
	(378, 'SUPER ID', NULL, NULL, NULL, NULL, NULL, 'superid', '123456', '0'),
	(379, 'SUPER ID', NULL, NULL, NULL, NULL, NULL, 'superid', '123456', '0'),
	(380, 'SUPER ID', NULL, NULL, NULL, NULL, NULL, 'superid', '123456', '0'),
	(381, 'SUPER ID', NULL, NULL, NULL, NULL, NULL, 'superid', '123456', '0'),
	(382, 'SUPER ID', NULL, NULL, NULL, NULL, NULL, 'superid', '123456', '0'),
	(383, 'SUPER ID', NULL, NULL, NULL, NULL, NULL, 'superid', '123456', '0'),
	(384, 'SUPER ID', NULL, NULL, NULL, NULL, NULL, 'superid', '123456', '0'),
	(385, 'SUPER ID', NULL, NULL, NULL, NULL, NULL, 'superid', '123456', '0'),
	(386, 'SUPER ID', NULL, NULL, NULL, NULL, NULL, 'superid', '123456', '0'),
	(387, 'SUPER ID', NULL, NULL, NULL, NULL, NULL, 'superid', '123456', '0'),
	(388, 'SUPER ID', NULL, NULL, NULL, NULL, NULL, 'superid', '123456', '0'),
	(389, 'SUPER ID', NULL, NULL, NULL, NULL, NULL, 'superid', '123456', '0'),
	(390, 'SUPER ID', NULL, NULL, NULL, NULL, NULL, 'superid', '123456', '0'),
	(391, 'SUPER ID', NULL, NULL, NULL, NULL, NULL, 'superid', '123456', '0'),
	(392, 'SUPER ID', NULL, NULL, NULL, NULL, NULL, 'superid', '123456', '0'),
	(393, 'SUPER ID', NULL, NULL, NULL, NULL, NULL, 'superid', '123456', '0'),
	(394, 'SUPER ID', NULL, NULL, NULL, NULL, NULL, 'superid', '123456', '0'),
	(395, 'SUPER ID', NULL, NULL, NULL, NULL, NULL, 'superid', '123456', '0'),
	(396, 'SUPER ID', NULL, NULL, NULL, NULL, NULL, 'superid', '123456', '0'),
	(397, 'SUPER ID', NULL, NULL, NULL, NULL, NULL, 'superid', '123456', '0'),
	(398, 'SUPER ID', NULL, NULL, NULL, NULL, NULL, 'superid', '123456', '0'),
	(399, 'SUPER ID', NULL, NULL, NULL, NULL, NULL, 'superid', '123456', '0'),
	(400, 'SUPER ID', NULL, NULL, NULL, NULL, NULL, 'superid', '123456', '0'),
	(401, 'SUPER ID', NULL, NULL, NULL, NULL, NULL, 'superid', '123456', '0'),
	(402, 'SUPER ID', NULL, NULL, NULL, NULL, NULL, 'superid', '123456', '0'),
	(403, 'SUPER ID', NULL, NULL, NULL, NULL, NULL, 'superid', '123456', '0'),
	(404, 'SUPER ID', NULL, NULL, NULL, NULL, NULL, 'superid', '123456', '0'),
	(405, 'SUPER ID', NULL, NULL, NULL, NULL, NULL, 'superid', '123456', '0'),
	(406, 'SUPER ID', NULL, NULL, NULL, NULL, NULL, 'superid', '123456', '0'),
	(407, 'SUPER ID', NULL, NULL, NULL, NULL, NULL, 'superid', '123456', '0'),
	(408, 'SUPER ID', NULL, NULL, NULL, NULL, NULL, 'superid', '123456', '0'),
	(409, 'SUPER ID', NULL, NULL, NULL, NULL, NULL, 'superid', '123456', '0'),
	(410, 'SUPER ID', NULL, NULL, NULL, NULL, NULL, 'superid', '123456', '0'),
	(411, 'SUPER ID', NULL, NULL, NULL, NULL, NULL, 'superid', '123456', '0'),
	(412, 'SUPER ID', NULL, NULL, NULL, NULL, NULL, 'superid', '123456', '0'),
	(413, 'SUPER ID', NULL, NULL, NULL, NULL, NULL, 'superid', '123456', '0'),
	(414, 'SUPER ID', NULL, NULL, NULL, NULL, NULL, 'superid', '123456', '0'),
	(415, 'SUPER ID', NULL, NULL, NULL, NULL, NULL, 'superid', '123456', '0'),
	(416, 'SUPER ID', NULL, NULL, NULL, NULL, NULL, 'superid', '123456', '0'),
	(417, 'SUPER ID', NULL, NULL, NULL, NULL, NULL, 'superid', '123456', '0'),
	(418, 'SUPER ID', NULL, NULL, NULL, NULL, NULL, 'superid', '123456', '0'),
	(419, 'SUPER ID', NULL, NULL, NULL, NULL, NULL, 'superid', '123456', '0'),
	(420, 'SUPER ID', NULL, NULL, NULL, NULL, NULL, 'superid', '123456', '0'),
	(421, 'SUPER ID', NULL, NULL, NULL, NULL, NULL, 'superid', '123456', '0'),
	(422, 'SUPER ID', NULL, NULL, NULL, NULL, NULL, 'superid', '123456', '0'),
	(423, 'SUPER ID', NULL, NULL, NULL, NULL, NULL, 'superid', '123456', '0'),
	(424, 'SUPER ID', NULL, NULL, NULL, NULL, NULL, 'superid', '123456', '0'),
	(425, 'SUPER ID', NULL, NULL, NULL, NULL, NULL, 'superid', '123456', '0'),
	(426, 'SUPER ID', NULL, NULL, NULL, NULL, NULL, 'superid', '123456', '0'),
	(427, 'SUPER ID', NULL, NULL, NULL, NULL, NULL, 'superid', '123456', '0'),
	(428, 'SUPER ID', NULL, NULL, NULL, NULL, NULL, 'superid', '123456', '0'),
	(429, 'SUPER ID', NULL, NULL, NULL, NULL, NULL, 'superid', '123456', '0'),
	(430, 'SUPER ID', NULL, NULL, NULL, NULL, NULL, 'superid', '123456', '0'),
	(431, 'SUPER ID', NULL, NULL, NULL, NULL, NULL, 'superid', '123456', '0'),
	(432, 'SUPER ID', NULL, NULL, NULL, NULL, NULL, 'superid', '123456', '0'),
	(433, 'SUPER ID', NULL, NULL, NULL, NULL, NULL, 'superid', '123456', '0'),
	(434, 'SUPER ID', NULL, NULL, NULL, NULL, NULL, 'superid', '123456', '0'),
	(435, 'SUPER ID', NULL, NULL, NULL, NULL, NULL, 'superid', '123456', '0'),
	(436, 'SUPER ID', NULL, NULL, NULL, NULL, NULL, 'superid', '123456', '0'),
	(437, 'SUPER ID', NULL, NULL, NULL, NULL, NULL, 'superid', '123456', '0'),
	(438, 'SUPER ID', NULL, NULL, NULL, NULL, NULL, 'superid', '123456', '0'),
	(439, 'SUPER ID', NULL, NULL, NULL, NULL, NULL, 'superid', '123456', '0'),
	(440, 'SUPER ID', NULL, NULL, NULL, NULL, NULL, 'superid', '123456', '0'),
	(441, 'SUPER ID', NULL, NULL, NULL, NULL, NULL, 'superid', '123456', '0'),
	(442, 'SUPER ID', NULL, NULL, NULL, NULL, NULL, 'superid', '123456', '0'),
	(443, 'SUPER ID', NULL, NULL, NULL, NULL, NULL, 'superid', '123456', '0'),
	(444, 'SUPER ID', NULL, NULL, NULL, NULL, NULL, 'superid', '123456', '0'),
	(445, 'SUPER ID', NULL, NULL, NULL, NULL, NULL, 'superid', '123456', '0'),
	(446, 'SUPER ID', NULL, NULL, NULL, NULL, NULL, 'superid', '123456', '0'),
	(447, 'SUPER ID', NULL, NULL, NULL, NULL, NULL, 'superid', '123456', '0'),
	(448, 'SUPER ID', NULL, NULL, NULL, NULL, NULL, 'superid', '123456', '0'),
	(449, 'SUPER ID', NULL, NULL, NULL, NULL, NULL, 'superid', '123456', '0'),
	(450, 'SUPER ID', NULL, NULL, NULL, NULL, NULL, 'superid', '123456', '0'),
	(451, 'SUPER ID', NULL, NULL, NULL, NULL, NULL, 'superid', '123456', '0'),
	(452, 'SUPER ID', NULL, NULL, NULL, NULL, NULL, 'superid', '123456', '0'),
	(453, 'SUPER ID', NULL, NULL, NULL, NULL, NULL, 'superid', '123456', '0'),
	(454, 'SUPER ID', NULL, NULL, NULL, NULL, NULL, 'superid', '123456', '0'),
	(455, 'SUPER ID', NULL, NULL, NULL, NULL, NULL, 'superid', '123456', '0'),
	(456, 'SUPER ID', NULL, NULL, NULL, NULL, NULL, 'superid', '123456', '0'),
	(457, 'SUPER ID', NULL, NULL, NULL, NULL, NULL, 'superid', '123456', '0'),
	(458, 'SUPER ID', NULL, NULL, NULL, NULL, NULL, 'superid', '123456', '0'),
	(459, 'SUPER ID', NULL, NULL, NULL, NULL, NULL, 'superid', '123456', '0'),
	(460, 'SUPER ID', NULL, NULL, NULL, NULL, NULL, 'superid', '123456', '0'),
	(461, 'SUPER ID', NULL, NULL, NULL, NULL, NULL, 'superid', '123456', '0'),
	(462, 'SUPER ID', NULL, NULL, NULL, NULL, NULL, 'superid', '123456', '0'),
	(463, 'SUPER ID', NULL, NULL, NULL, NULL, NULL, 'superid', '123456', '0'),
	(464, 'SUPER ID', NULL, NULL, NULL, NULL, NULL, 'superid', '123456', '0'),
	(465, 'SUPER ID', NULL, NULL, NULL, NULL, NULL, 'superid', '123456', '0'),
	(466, 'SUPER ID', NULL, NULL, NULL, NULL, NULL, 'superid', '123456', '0'),
	(467, 'SUPER ID', NULL, NULL, NULL, NULL, NULL, 'superid', '123456', '0'),
	(468, 'SUPER ID', NULL, NULL, NULL, NULL, NULL, 'superid', '123456', '0'),
	(469, 'SUPER ID', NULL, NULL, NULL, NULL, NULL, 'superid', '123456', '0'),
	(470, 'SUPER ID', NULL, NULL, NULL, NULL, NULL, 'superid', '123456', '0'),
	(471, 'SUPER ID', NULL, NULL, NULL, NULL, NULL, 'superid', '123456', '0'),
	(472, 'SUPER ID', NULL, NULL, NULL, NULL, NULL, 'superid', '123456', '0'),
	(473, 'SUPER ID', NULL, NULL, NULL, NULL, NULL, 'superid', '123456', '0'),
	(474, 'SUPER ID', NULL, NULL, NULL, NULL, NULL, 'superid', '123456', '0'),
	(475, 'SUPER ID', NULL, NULL, NULL, NULL, NULL, 'superid', '112233', '0'),
	(476, 'SUPER ID', NULL, NULL, NULL, NULL, NULL, 'superid', '123456', '0'),
	(477, 'SUPER ID', NULL, NULL, NULL, NULL, NULL, 'superid', '123456', '0'),
	(478, 'SUPER ID', NULL, NULL, NULL, NULL, NULL, 'superid', '123456', '0'),
	(479, 'SUPER ID', NULL, NULL, NULL, NULL, NULL, 'superid', '123456', '0'),
	(480, 'SUPER ID', NULL, NULL, NULL, NULL, NULL, 'superid', '098765', '0'),
	(481, 'SUPER ID', NULL, NULL, NULL, NULL, NULL, 'superid', '123456', '0'),
	(482, 'SUPER ID', NULL, NULL, NULL, NULL, NULL, 'superid', '123456', '0'),
	(483, 'SUPER ID', NULL, NULL, NULL, NULL, NULL, 'superid', '123456', '0'),
	(484, 'SUPER ID', NULL, NULL, NULL, NULL, NULL, 'superid', '123456', '0'),
	(485, 'SUPER ID', NULL, NULL, NULL, NULL, NULL, 'superid', '123456', '0'),
	(486, 'SUPER ID', NULL, NULL, NULL, NULL, NULL, 'superid', '123456', '0'),
	(487, 'SUPER ID', NULL, NULL, NULL, NULL, NULL, 'superid', '123456', '0'),
	(488, 'SUPER ID', NULL, NULL, NULL, NULL, NULL, 'superid', '123456', '0'),
	(489, 'SUPER ID', NULL, NULL, NULL, NULL, NULL, 'superid', '123456', '0'),
	(490, 'SUPER ID', NULL, NULL, NULL, NULL, NULL, 'superid', '123456', '0'),
	(491, 'SUPER ID', NULL, NULL, NULL, NULL, NULL, 'superid', '888888', '0'),
	(492, 'SUPER ID', NULL, NULL, NULL, NULL, NULL, 'superid', '123456', '0'),
	(493, 'SUPER ID', NULL, NULL, NULL, NULL, NULL, 'superid', '123456', '0'),
	(494, 'SUPER ID', NULL, NULL, NULL, NULL, NULL, 'superid', '123456', '0'),
	(495, 'SUPER ID', NULL, NULL, NULL, NULL, NULL, 'superid', '123456', '0'),
	(496, 'SUPER ID', NULL, NULL, NULL, NULL, NULL, 'superid', '123456', '0'),
	(497, 'SUPER ID', NULL, NULL, NULL, NULL, NULL, 'superid', '123456', '0'),
	(498, 'SUPER ID', NULL, NULL, NULL, NULL, NULL, 'superid', '123456', '0'),
	(499, 'SUPER ID', NULL, NULL, NULL, NULL, NULL, 'superid', '123456', '0'),
	(500, 'SUPER ID', NULL, NULL, NULL, NULL, NULL, 'superid', '123456', '0'),
	(501, 'SUPER ID', NULL, NULL, NULL, NULL, NULL, 'superid', '123456', '0'),
	(502, 'SUPER ID', NULL, NULL, NULL, NULL, NULL, 'superid', '123456', '0'),
	(503, 'SUPER ID', NULL, NULL, NULL, NULL, NULL, 'superid', '123456', '0'),
	(504, 'SUPER ID', NULL, NULL, NULL, NULL, NULL, 'superid', '123456', '0'),
	(505, 'SUPER ID', NULL, NULL, NULL, NULL, NULL, 'superid', '123456', '0'),
	(506, 'SUPER ID', NULL, NULL, NULL, NULL, NULL, 'superid', '123456', '0'),
	(507, 'SUPER ID', NULL, NULL, NULL, NULL, NULL, 'superid', '123456', '0'),
	(508, 'SUPER ID', NULL, NULL, NULL, NULL, NULL, 'superid', '123456', '0'),
	(509, 'SUPER ID', NULL, NULL, NULL, NULL, NULL, 'superid', '654321', '0'),
	(510, 'SUPER ID', NULL, NULL, NULL, NULL, NULL, 'superid', '123456', '0'),
	(511, 'SUPER ID', NULL, NULL, NULL, NULL, NULL, 'superid', '123456', '0'),
	(512, 'SUPER ID', NULL, NULL, NULL, NULL, NULL, 'superid', '123456', '0'),
	(513, 'SUPER ID', NULL, NULL, NULL, NULL, NULL, 'superid', '123456', '0'),
	(514, 'SUPER ID', NULL, NULL, NULL, NULL, NULL, 'superid', '123456', '0'),
	(515, 'SUPER ID', NULL, NULL, NULL, NULL, NULL, 'superid', '123456', '0'),
	(516, 'SUPER ID', NULL, NULL, NULL, NULL, NULL, 'superid', '123456', '0'),
	(517, 'SUPER ID', NULL, NULL, NULL, NULL, NULL, 'superid', '123456', '0'),
	(518, 'SUPER ID', NULL, NULL, NULL, NULL, NULL, 'superid', '123456', '0'),
	(519, 'SUPER ID', NULL, NULL, NULL, NULL, NULL, 'superid', '123456', '0'),
	(520, 'SUPER ID', NULL, NULL, NULL, NULL, NULL, 'superid', '123456', '0'),
	(521, 'SUPER ID', NULL, NULL, NULL, NULL, NULL, 'superid', '123456', '0'),
	(522, 'SUPER ID', NULL, NULL, NULL, NULL, NULL, 'superid', '123456', '0'),
	(523, 'SUPER ID', NULL, NULL, NULL, NULL, NULL, 'superid', '123456', '0'),
	(524, 'SUPER ID', NULL, NULL, NULL, NULL, NULL, 'superid', '123456', '0'),
	(525, 'SUPER ID', NULL, NULL, NULL, NULL, NULL, 'superid', '123456', '0'),
	(526, 'SUPER ID', NULL, NULL, NULL, NULL, NULL, 'superid', '123456', '0'),
	(527, 'SUPER ID', NULL, NULL, NULL, NULL, NULL, 'superid', '123456', '0'),
	(528, 'SUPER ID', NULL, NULL, NULL, NULL, NULL, 'superid', '123456', '0'),
	(529, 'SUPER ID', NULL, NULL, NULL, NULL, NULL, 'superid', '123456', '0'),
	(530, 'SUPER ID', NULL, NULL, NULL, NULL, NULL, 'superid', '123456', '0'),
	(531, 'SUPER ID', NULL, NULL, NULL, NULL, NULL, 'superid', '123456', '0'),
	(532, 'SUPER ID', NULL, NULL, NULL, NULL, NULL, 'superid', '123456', '0'),
	(533, 'SUPER ID', NULL, NULL, NULL, NULL, NULL, 'superid', '140202', '0'),
	(534, 'SUPER ID', NULL, NULL, NULL, NULL, NULL, 'superid', '123456', '0'),
	(535, 'SUPER ID', NULL, NULL, NULL, NULL, NULL, 'superid', '123456', '0'),
	(536, 'SUPER ID', NULL, NULL, NULL, NULL, NULL, 'superid', '123456', '0'),
	(537, 'SUPER ID', NULL, NULL, NULL, NULL, NULL, 'superid', '123456', '0'),
	(538, 'SUPER ID', NULL, NULL, NULL, NULL, NULL, 'superid', '123456', '0'),
	(539, 'SUPER ID', NULL, NULL, NULL, NULL, NULL, 'superid', '123456', '0'),
	(540, 'SUPER ID', NULL, NULL, NULL, NULL, NULL, 'superid', '123456', '0'),
	(541, 'SUPER ID', NULL, NULL, NULL, NULL, NULL, 'superid', '123456', '0'),
	(542, 'SUPER ID', NULL, NULL, NULL, NULL, NULL, 'superid', '123456', '0'),
	(543, 'SUPER ID', NULL, NULL, NULL, NULL, NULL, 'superid', '123456', '0'),
	(544, 'SUPER ID', NULL, NULL, NULL, NULL, NULL, 'superid', '123456', '0'),
	(545, 'SUPER ID', NULL, NULL, NULL, NULL, NULL, 'superid', '123456', '0'),
	(546, 'SUPER ID', NULL, NULL, NULL, NULL, NULL, 'superid', '123456', '0'),
	(547, 'SUPER ID', NULL, NULL, NULL, NULL, NULL, 'superid', '123456', '0'),
	(548, 'SUPER ID', NULL, NULL, NULL, NULL, NULL, 'superid', '123456', '0'),
	(549, 'SUPER ID', NULL, NULL, NULL, NULL, NULL, 'superid', '123456', '0'),
	(550, 'SUPER ID', NULL, NULL, NULL, NULL, NULL, 'superid', '123456', '0'),
	(551, 'SUPER ID', NULL, NULL, NULL, NULL, NULL, 'superid', '123456', '0'),
	(552, 'SUPER ID', NULL, NULL, NULL, NULL, NULL, 'superid', '123456', '0'),
	(553, 'SUPER ID', NULL, NULL, NULL, NULL, NULL, 'superid', '123456', '0'),
	(554, 'SUPER ID', NULL, NULL, NULL, NULL, NULL, 'superid', '123456', '0'),
	(555, 'SUPER ID', NULL, NULL, NULL, NULL, NULL, 'superid', '123456', '0'),
	(556, 'SUPER ID', NULL, NULL, NULL, NULL, NULL, 'superid', '123456', '0'),
	(557, 'SUPER ID', NULL, NULL, NULL, NULL, NULL, 'superid', '123456', '0'),
	(558, 'SUPER ID', NULL, NULL, NULL, NULL, NULL, 'superid', '123456', '0'),
	(559, 'SUPER ID', NULL, NULL, NULL, NULL, NULL, 'superid', '123456', '0'),
	(560, 'SUPER ID', NULL, NULL, NULL, NULL, NULL, 'superid', '123456', '0'),
	(561, 'SUPER ID', NULL, NULL, NULL, NULL, NULL, 'superid', '123456', '0'),
	(562, 'SUPER ID', NULL, NULL, NULL, NULL, NULL, 'superid', '123456', '0'),
	(563, 'SUPER ID', NULL, NULL, NULL, NULL, NULL, 'superid', '123456', '0'),
	(564, 'SUPER ID', NULL, NULL, NULL, NULL, NULL, 'superid', '123456', '0'),
	(565, 'SUPER ID', NULL, NULL, NULL, NULL, NULL, 'superid', '123456', '0'),
	(566, 'SUPER ID', NULL, NULL, NULL, NULL, NULL, 'superid', '123456', '0'),
	(567, 'SUPER ID', NULL, NULL, NULL, NULL, NULL, 'superid', '123456', '0'),
	(568, 'SUPER ID', NULL, NULL, NULL, NULL, NULL, 'superid', '123456', '0'),
	(569, 'SUPER ID', NULL, NULL, NULL, NULL, NULL, 'superid', '123456', '0'),
	(570, 'SUPER ID', NULL, NULL, NULL, NULL, NULL, 'superid', '123456', '0'),
	(571, 'SUPER ID', NULL, NULL, NULL, NULL, NULL, 'superid', '123456', '0'),
	(572, 'SUPER ID', NULL, NULL, NULL, NULL, NULL, 'superid', '123456', '0'),
	(573, 'SUPER ID', NULL, NULL, NULL, NULL, NULL, 'superid', '123456', '0'),
	(574, 'SUPER ID', NULL, NULL, NULL, NULL, NULL, 'superid', '123456', '0'),
	(575, 'SUPER ID', NULL, NULL, NULL, NULL, NULL, 'superid', '123456', '0'),
	(576, 'SUPER ID', NULL, NULL, NULL, NULL, NULL, 'superid', '123456', '0'),
	(577, 'SUPER ID', NULL, NULL, NULL, NULL, NULL, 'superid', '123456', '0'),
	(578, 'SUPER ID', NULL, NULL, NULL, NULL, NULL, 'superid', '123456', '0'),
	(579, 'SUPER ID', NULL, NULL, NULL, NULL, NULL, 'superid', '123456', '0'),
	(580, 'SUPER ID', NULL, NULL, NULL, NULL, NULL, 'superid', '123456', '0'),
	(581, 'SUPER ID', NULL, NULL, NULL, NULL, NULL, 'superid', '123456', '0'),
	(582, 'SUPER ID', NULL, NULL, NULL, NULL, NULL, 'superid', '123456', '0'),
	(583, 'SUPER ID', NULL, NULL, NULL, NULL, NULL, 'superid', '123456', '0'),
	(584, 'SUPER ID', NULL, NULL, NULL, NULL, NULL, 'superid', '123456', '0'),
	(585, 'SUPER ID', NULL, NULL, NULL, NULL, NULL, 'superid', '123456', '0'),
	(586, 'SUPER ID', NULL, NULL, NULL, NULL, NULL, 'superid', '123456', '0'),
	(587, 'SUPER ID', NULL, NULL, NULL, NULL, NULL, 'superid', '123456', '0'),
	(588, 'SUPER ID', NULL, NULL, NULL, NULL, NULL, 'superid', '123456', '0'),
	(589, 'SUPER ID', NULL, NULL, NULL, NULL, NULL, 'superid', '592800', '0'),
	(590, 'SUPER ID', NULL, NULL, NULL, NULL, NULL, 'superid', '123456', '0'),
	(591, 'SUPER ID', NULL, NULL, NULL, NULL, NULL, 'superid', '123456', '0'),
	(592, 'SUPER ID', NULL, NULL, NULL, NULL, NULL, 'superid', '123456', '0'),
	(593, 'SUPER ID', NULL, NULL, NULL, NULL, NULL, 'superid', '123456', '0'),
	(594, 'SUPER ID', NULL, NULL, NULL, NULL, NULL, 'superid', '123456', '0'),
	(595, 'SUPER ID', NULL, NULL, NULL, NULL, NULL, 'superid', '123456', '0'),
	(596, 'SUPER ID', NULL, NULL, NULL, NULL, NULL, 'superid', '123456', '0'),
	(597, 'SUPER ID', NULL, NULL, NULL, NULL, NULL, 'superid', '123456', '0'),
	(598, 'SUPER ID', NULL, NULL, NULL, NULL, NULL, 'superid', '123456', '0'),
	(599, 'SUPER ID', NULL, NULL, NULL, NULL, NULL, 'superid', '123456', '0'),
	(600, 'SUPER ID', NULL, NULL, NULL, NULL, NULL, 'superid', '123456', '0'),
	(601, 'SUPER ID', NULL, NULL, NULL, NULL, NULL, 'superid', '123456', '0'),
	(602, 'SUPER ID', NULL, NULL, NULL, NULL, NULL, 'superid', '123456', '0'),
	(603, 'SUPER ID', NULL, NULL, NULL, NULL, NULL, 'superid', '123456', '0'),
	(604, 'SUPER ID', NULL, NULL, NULL, NULL, NULL, 'superid', '123456', '0'),
	(605, 'SUPER ID', NULL, NULL, NULL, NULL, NULL, 'superid', '123456', '0'),
	(606, 'SUPER ID', NULL, NULL, NULL, NULL, NULL, 'superid', '123456', '0'),
	(607, 'SUPER ID', NULL, NULL, NULL, NULL, NULL, 'superid', '123456', '0'),
	(608, 'SUPER ID', NULL, NULL, NULL, NULL, NULL, 'superid', '123456', '0'),
	(609, 'SUPER ID', NULL, NULL, NULL, NULL, NULL, 'superid', '123456', '0'),
	(610, 'SUPER ID', NULL, NULL, NULL, NULL, NULL, 'superid', '123456', '0'),
	(611, 'SUPER ID', NULL, NULL, NULL, NULL, NULL, 'superid', '123456', '0'),
	(612, 'SUPER ID', NULL, NULL, NULL, NULL, NULL, 'superid', '123456', '0'),
	(613, 'SUPER ID', NULL, NULL, NULL, NULL, NULL, 'superid', '123456', '0'),
	(614, 'SUPER ID', NULL, NULL, NULL, NULL, NULL, 'superid', '123456', '0'),
	(615, 'SUPER ID', NULL, NULL, NULL, NULL, NULL, 'superid', '123456', '0'),
	(616, 'SUPER ID', NULL, NULL, NULL, NULL, NULL, 'superid', '123456', '0'),
	(617, 'SUPER ID', NULL, NULL, NULL, NULL, NULL, 'superid', '123456', '0'),
	(618, 'SUPER ID', NULL, NULL, NULL, NULL, NULL, 'superid', '123456', '0'),
	(619, 'SUPER ID', NULL, NULL, NULL, NULL, NULL, 'superid', '123456', '0'),
	(620, 'SUPER ID', NULL, NULL, NULL, NULL, NULL, 'superid', '123456', '0'),
	(621, 'SUPER ID', NULL, NULL, NULL, NULL, NULL, 'superid', '123456', '0'),
	(622, 'SUPER ID', NULL, NULL, NULL, NULL, NULL, 'superid', '123456', '0'),
	(623, 'SUPER ID', NULL, NULL, NULL, NULL, NULL, 'superid', '123456', '0'),
	(624, 'SUPER ID', NULL, NULL, NULL, NULL, NULL, 'superid', '123456', '0'),
	(625, 'SUPER ID', NULL, NULL, NULL, NULL, NULL, 'superid', '123456', '0'),
	(626, 'SUPER ID', NULL, NULL, NULL, NULL, NULL, 'superid', '123456', '0'),
	(627, 'SUPER ID', NULL, NULL, NULL, NULL, NULL, 'superid', '123456', '0'),
	(628, 'SUPER ID', NULL, NULL, NULL, NULL, NULL, 'superid', '123456', '0'),
	(629, 'SUPER ID', NULL, NULL, NULL, NULL, NULL, 'superid', '123456', '0'),
	(630, 'SUPER ID', NULL, NULL, NULL, NULL, NULL, 'superid', '123456', '0'),
	(631, 'SUPER ID', NULL, NULL, NULL, NULL, NULL, 'superid', '123456', '0'),
	(632, 'SUPER ID', NULL, NULL, NULL, NULL, NULL, 'superid', '123456', '0'),
	(633, 'SUPER ID', NULL, NULL, NULL, NULL, NULL, 'superid', '123456', '0'),
	(634, 'SUPER ID', NULL, NULL, NULL, NULL, NULL, 'superid', '123456', '0'),
	(635, 'SUPER ID', NULL, NULL, NULL, NULL, NULL, 'superid', '123456', '0'),
	(636, 'SUPER ID', NULL, NULL, NULL, NULL, NULL, 'superid', '123456', '0'),
	(637, 'SUPER ID', NULL, NULL, NULL, NULL, NULL, 'superid', '123456', '0'),
	(638, 'SUPER ID', NULL, NULL, NULL, NULL, NULL, 'superid', '123456', '0'),
	(639, 'SUPER ID', NULL, NULL, NULL, NULL, NULL, 'superid', '123456', '0'),
	(640, 'SUPER ID', NULL, NULL, NULL, NULL, NULL, 'superid', '123456', '0'),
	(641, 'SUPER ID', NULL, NULL, NULL, NULL, NULL, 'superid', '123456', '0'),
	(642, 'SUPER ID', NULL, NULL, NULL, NULL, NULL, 'superid', '123456', '0'),
	(643, 'SUPER ID', NULL, NULL, NULL, NULL, NULL, 'superid', '123456', '0'),
	(644, 'SUPER ID', NULL, NULL, NULL, NULL, NULL, 'superid', '123456', '0'),
	(645, 'SUPER ID', NULL, NULL, NULL, NULL, NULL, 'superid', '123456', '0'),
	(646, 'SUPER ID', NULL, NULL, NULL, NULL, NULL, 'superid', '888888', '0'),
	(647, 'SUPER ID', NULL, NULL, NULL, NULL, NULL, 'superid', '123456', '0'),
	(648, 'SUPER ID', NULL, NULL, NULL, NULL, NULL, 'superid', '123456', '0'),
	(649, 'SUPER ID', NULL, NULL, NULL, NULL, NULL, 'superid', '123456', '0'),
	(650, 'SUPER ID', NULL, NULL, NULL, NULL, NULL, 'superid', '123456', '0'),
	(651, 'SUPER ID', NULL, NULL, NULL, NULL, NULL, 'superid', '123456', '0'),
	(652, 'SUPER ID', NULL, NULL, NULL, NULL, NULL, 'superid', '123456', '0'),
	(653, 'SUPER ID', NULL, NULL, NULL, NULL, NULL, 'superid', '123456', '0'),
	(654, 'SUPER ID', NULL, NULL, NULL, NULL, NULL, 'superid', '123456', '0'),
	(655, 'SUPER ID', NULL, NULL, NULL, NULL, NULL, 'superid', '123456', '0'),
	(656, 'SUPER ID', NULL, NULL, NULL, NULL, NULL, 'superid', '123456', '0'),
	(657, 'SUPER ID', NULL, NULL, NULL, NULL, NULL, 'superid', '123456', '0'),
	(658, 'SUPER ID', NULL, NULL, NULL, NULL, NULL, 'superid', '123456', '0'),
	(659, 'SUPER ID', NULL, NULL, NULL, NULL, NULL, 'superid', '123456', '0'),
	(660, 'SUPER ID', NULL, NULL, NULL, NULL, NULL, 'superid', '123456', '0'),
	(661, 'SUPER ID', NULL, NULL, NULL, NULL, NULL, 'superid', '123456', '0'),
	(662, 'SUPER ID', NULL, NULL, NULL, NULL, NULL, 'superid', '123456', '0'),
	(663, 'SUPER ID', NULL, NULL, NULL, NULL, NULL, 'superid', '123456', '0'),
	(664, 'SUPER ID', NULL, NULL, NULL, NULL, NULL, 'superid', '123456', '0'),
	(665, 'SUPER ID', NULL, NULL, NULL, NULL, NULL, 'superid', '123456', '0'),
	(666, 'SUPER ID', NULL, NULL, NULL, NULL, NULL, 'superid', '123456', '0'),
	(667, 'SUPER ID', NULL, NULL, NULL, NULL, NULL, 'superid', '123456', '0'),
	(668, 'SUPER ID', NULL, NULL, NULL, NULL, NULL, 'superid', '123456', '0'),
	(669, 'SUPER ID', NULL, NULL, NULL, NULL, NULL, 'superid', '123456', '0'),
	(670, 'SUPER ID', NULL, NULL, NULL, NULL, NULL, 'superid', '123456', '0'),
	(671, 'SUPER ID', NULL, NULL, NULL, NULL, NULL, 'superid', '123456', '0'),
	(672, 'SUPER ID', NULL, NULL, NULL, NULL, NULL, 'superid', '123123', '0'),
	(673, 'SUPER ID', NULL, NULL, NULL, NULL, NULL, 'superid', '123456', '0'),
	(674, 'SUPER ID', NULL, NULL, NULL, NULL, NULL, 'superid', '123456', '0'),
	(675, 'SUPER ID', NULL, NULL, NULL, NULL, NULL, 'superid', '123456', '0'),
	(676, 'SUPER ID', NULL, NULL, NULL, NULL, NULL, 'superid', '123456', '0'),
	(677, 'SUPER ID', NULL, NULL, NULL, NULL, NULL, 'superid', '123456', '0'),
	(678, 'SUPER ID', NULL, NULL, NULL, NULL, NULL, 'superid', '123456', '0'),
	(679, 'SUPER ID', NULL, NULL, NULL, NULL, NULL, 'superid', '123456', '0'),
	(680, 'SUPER ID', NULL, NULL, NULL, NULL, NULL, 'superid', '123456', '0'),
	(681, 'SUPER ID', NULL, NULL, NULL, NULL, NULL, 'superid', '123456', '0'),
	(682, 'SUPER ID', NULL, NULL, NULL, NULL, NULL, 'superid', '123456', '0'),
	(683, 'SUPER ID', NULL, NULL, NULL, NULL, NULL, 'superid', '123456', '0'),
	(684, 'SUPER ID', NULL, NULL, NULL, NULL, NULL, 'superid', '123456', '0'),
	(685, 'SUPER ID', NULL, NULL, NULL, NULL, NULL, 'superid', '123456', '0'),
	(686, 'SUPER ID', NULL, NULL, NULL, NULL, NULL, 'superid', '123321', '0'),
	(687, 'SUPER ID', NULL, NULL, NULL, NULL, NULL, 'superid', '123456', '0'),
	(688, 'SUPER ID', NULL, NULL, NULL, NULL, NULL, 'superid', '123456', '0'),
	(689, 'SUPER ID', NULL, NULL, NULL, NULL, NULL, 'superid', '123456', '0'),
	(690, 'SUPER ID', NULL, NULL, NULL, NULL, NULL, 'superid', '123456', '0'),
	(691, 'SUPER ID', NULL, NULL, NULL, NULL, NULL, 'superid', '123456', '0'),
	(692, 'SUPER ID', NULL, NULL, NULL, NULL, NULL, 'superid', '123456', '0'),
	(693, 'SUPER ID', NULL, NULL, NULL, NULL, NULL, 'superid', '123456', '0'),
	(694, 'PETER', NULL, NULL, NULL, NULL, NULL, 'peter', '111111', '0'),
	(695, 'SUPER ID', NULL, NULL, NULL, NULL, NULL, 'superid', '123456', '0'),
	(696, 'SUPER ID', NULL, NULL, NULL, NULL, NULL, 'superid', '123456', '0'),
	(697, 'SUPER ID', NULL, NULL, NULL, NULL, NULL, 'superid', '123456', '0'),
	(698, 'SUPER ID', NULL, NULL, NULL, NULL, NULL, 'superid', '123456', '0'),
	(699, 'SUPER ID', NULL, NULL, NULL, NULL, NULL, 'superid', '123456', '0'),
	(700, 'SUPER ID', NULL, NULL, NULL, NULL, NULL, 'superid', '123456', '0'),
	(701, 'SUPER ID', NULL, NULL, NULL, NULL, NULL, 'superid', '123456', '0'),
	(702, 'SUPER ID', NULL, NULL, NULL, NULL, NULL, 'superid', '123456', '0'),
	(703, 'SUPER ID', NULL, NULL, NULL, NULL, NULL, 'superid', '123456', '0'),
	(704, 'SUPER ID', NULL, NULL, NULL, NULL, NULL, 'superid', '123456', '0'),
	(705, 'SUPER ID', NULL, NULL, NULL, NULL, NULL, 'superid', '123456', '0'),
	(706, 'SUPER ID', NULL, NULL, NULL, NULL, NULL, 'superid', '123456', '0'),
	(707, 'SUPER ID', NULL, NULL, NULL, NULL, NULL, 'superid', '123456', '0'),
	(708, 'SUPER ID', NULL, NULL, NULL, NULL, NULL, 'superid', '123456', '0'),
	(709, 'SUPER ID', NULL, NULL, NULL, NULL, NULL, 'superid', '123456', '0'),
	(710, 'SUPER ID', NULL, NULL, NULL, NULL, NULL, 'superid', '123456', '0'),
	(711, 'SUPER ID', NULL, NULL, NULL, NULL, NULL, 'superid', '123456', '0'),
	(712, 'SUPER ID', NULL, NULL, NULL, NULL, NULL, 'superid', '123456', '0'),
	(713, 'SUPER ID', NULL, NULL, NULL, NULL, NULL, 'superid', '123456', '0'),
	(714, 'SUPER ID', NULL, NULL, NULL, NULL, NULL, 'superid', '123456', '0'),
	(715, 'SUPER ID', NULL, NULL, NULL, NULL, NULL, 'superid', '123456', '0'),
	(716, 'SUPER ID', NULL, NULL, NULL, NULL, NULL, 'superid', '123456', '0'),
	(717, 'SUPER ID', NULL, NULL, NULL, NULL, NULL, 'superid', '123456', '0'),
	(718, 'SUPER ID', NULL, NULL, NULL, NULL, NULL, 'superid', '123456', '0'),
	(719, 'SUPER ID', NULL, NULL, NULL, NULL, NULL, 'superid', '123456', '0'),
	(720, 'SUPER ID', NULL, NULL, NULL, NULL, NULL, 'superid', '123456', '0'),
	(721, 'SUPER ID', NULL, NULL, NULL, NULL, NULL, 'superid', '456987', '0'),
	(722, 'SUPER ID', NULL, NULL, NULL, NULL, NULL, 'superid', '123456', '0'),
	(723, 'SUPER ID', NULL, NULL, NULL, NULL, NULL, 'superid', '123456', '0'),
	(724, 'SUPER ID', NULL, NULL, NULL, NULL, NULL, 'superid', '123456', '0'),
	(725, 'SUPER ID', NULL, NULL, NULL, NULL, NULL, 'superid', '130999', '0'),
	(726, 'SUPER ID', NULL, NULL, NULL, NULL, NULL, 'superid', '123456', '0'),
	(727, 'SUPER ID', NULL, NULL, NULL, NULL, NULL, 'superid', '123456', '0'),
	(728, 'SUPER ID', NULL, NULL, NULL, NULL, NULL, 'superid', '123456', '0'),
	(729, 'SUPER ID', NULL, NULL, NULL, NULL, NULL, 'superid', '123456', '0'),
	(730, 'SUPER ID', NULL, NULL, NULL, NULL, NULL, 'superid', '123456', '0'),
	(731, 'SUPER ID', NULL, NULL, NULL, NULL, NULL, 'superid', '123456', '0'),
	(732, 'SUPER ID', NULL, NULL, NULL, NULL, NULL, 'superid', '123456', '0'),
	(733, 'SUPER ID', NULL, NULL, NULL, NULL, NULL, 'superid', '123456', '0'),
	(734, 'SUPER ID', NULL, NULL, NULL, NULL, NULL, 'superid', '123456', '0'),
	(735, 'SUPER ID', NULL, NULL, NULL, NULL, NULL, 'superid', '123456', '0'),
	(736, 'SUPER ID', NULL, NULL, NULL, NULL, NULL, 'superid', '123456', '0'),
	(737, 'SUPER ID', NULL, NULL, NULL, NULL, NULL, 'superid', '123456', '0'),
	(738, 'SUPER ID', NULL, NULL, NULL, NULL, NULL, 'superid', '123456', '0'),
	(739, 'SUPER ID', NULL, NULL, NULL, NULL, NULL, 'superid', '123456', '0'),
	(740, 'SUPER ID', NULL, NULL, NULL, NULL, NULL, 'superid', '123456', '0'),
	(741, 'SUPER ID', NULL, NULL, NULL, NULL, NULL, 'superid', '123456', '0'),
	(742, 'SUPER ID', NULL, NULL, NULL, NULL, NULL, 'superid', '123456', '0'),
	(743, 'SUPER ID', NULL, NULL, NULL, NULL, NULL, 'superid', '123456', '0'),
	(744, 'SUPER ID', NULL, NULL, NULL, NULL, NULL, 'superid', '123456', '0'),
	(745, 'SUPER ID', NULL, NULL, NULL, NULL, NULL, 'superid', '123456', '0'),
	(746, 'SUPER ID', NULL, NULL, NULL, NULL, NULL, 'superid', '123456', '0'),
	(747, 'SUPER ID', NULL, NULL, NULL, NULL, NULL, 'superid', '123456', '0'),
	(748, 'SUPER ID', NULL, NULL, NULL, NULL, NULL, 'superid', '123456', '0'),
	(749, 'SUPER ID', NULL, NULL, NULL, NULL, NULL, 'superid', '123456', '0'),
	(750, 'SUPER ID', NULL, NULL, NULL, NULL, NULL, 'superid', '123456', '0'),
	(751, 'SUPER ID', NULL, NULL, NULL, NULL, NULL, 'superid', '281298', '0'),
	(752, 'SUPER ID', NULL, NULL, NULL, NULL, NULL, 'superid', '123456', '0'),
	(753, 'SUPER ID', NULL, NULL, NULL, NULL, NULL, 'superid', '123456', '0'),
	(754, 'SUPER ID', NULL, NULL, NULL, NULL, NULL, 'superid', '123456', '0'),
	(755, 'SUPER ID', NULL, NULL, NULL, NULL, NULL, 'superid', '123456', '0'),
	(756, 'SUPER ID', NULL, NULL, NULL, NULL, NULL, 'superid', '123456', '0'),
	(757, 'SUPER ID', NULL, NULL, NULL, NULL, NULL, 'superid', '123456', '0'),
	(758, 'SUPER ID', NULL, NULL, NULL, NULL, NULL, 'superid', '123456', '0'),
	(759, 'SUPER ID', NULL, NULL, NULL, NULL, NULL, 'superid', '123456', '0'),
	(760, 'SUPER ID', NULL, NULL, NULL, NULL, NULL, 'superid', '123456', '0'),
	(761, 'SUPER ID', NULL, NULL, NULL, NULL, NULL, 'superid', '123456', '0'),
	(762, 'SUPER ID', NULL, NULL, NULL, NULL, NULL, 'superid', '123456', '0'),
	(763, 'SUPER ID', NULL, NULL, NULL, NULL, NULL, 'superid', '123456', '0'),
	(764, 'SUPER ID', NULL, NULL, NULL, NULL, NULL, 'superid', '123456', '0'),
	(765, 'SUPER ID', NULL, NULL, NULL, NULL, NULL, 'superid', '123456', '0'),
	(766, 'SUPER ID', NULL, NULL, NULL, NULL, NULL, 'superid', '123456', '0'),
	(767, 'SUPER ID', NULL, NULL, NULL, NULL, NULL, 'superid', '123456', '0'),
	(768, 'SUPER ID', NULL, NULL, NULL, NULL, NULL, 'superid', '123456', '0'),
	(769, 'SUPER ID', NULL, NULL, NULL, NULL, NULL, 'superid', '123456', '0'),
	(770, 'SUPER ID', NULL, NULL, NULL, NULL, NULL, 'superid', '123456', '0'),
	(771, 'SUPER ID', NULL, NULL, NULL, NULL, NULL, 'superid', '123456', '0'),
	(772, 'SUPER ID', NULL, NULL, NULL, NULL, NULL, 'superid', '123456', '0'),
	(773, 'SUPER ID', NULL, NULL, NULL, NULL, NULL, 'superid', '123456', '0'),
	(774, 'SUPER ID', NULL, NULL, NULL, NULL, NULL, 'superid', '123456', '0'),
	(775, 'SUPER ID', NULL, NULL, NULL, NULL, NULL, 'superid', '123456', '0'),
	(776, 'SUPER ID', NULL, NULL, NULL, NULL, NULL, 'superid', '123456', '0'),
	(777, 'SUPER ID', NULL, NULL, NULL, NULL, NULL, 'superid', '123456', '0'),
	(778, 'SUPER ID', NULL, NULL, NULL, NULL, NULL, 'superid', '123456', '0'),
	(779, 'SUPER ID', NULL, NULL, NULL, NULL, NULL, 'superid', '123456', '0'),
	(780, 'SUPER ID', NULL, NULL, NULL, NULL, NULL, 'superid', '123456', '0'),
	(781, 'SUPER ID', NULL, NULL, NULL, NULL, NULL, 'superid', '123456', '0'),
	(782, 'SUPER ID', NULL, NULL, NULL, NULL, NULL, 'superid', '123456', '0'),
	(783, 'SUPER ID', NULL, NULL, NULL, NULL, NULL, 'superid', '123456', '0'),
	(784, 'SUPER ID', NULL, NULL, NULL, NULL, NULL, 'superid', '123456', '0'),
	(785, 'SUPER ID', NULL, NULL, NULL, NULL, NULL, 'superid', '123456', '0'),
	(786, 'SUPER ID', NULL, NULL, NULL, NULL, NULL, 'superid', '123456', '0'),
	(787, 'SUPER ID', NULL, NULL, NULL, NULL, NULL, 'superid', '123456', '0'),
	(788, 'SUPER ID', NULL, NULL, NULL, NULL, NULL, 'superid', '123456', '0'),
	(789, 'SUPER ID', NULL, NULL, NULL, NULL, NULL, 'superid', '123456', '0'),
	(790, 'SUPER ID', NULL, NULL, NULL, NULL, NULL, 'superid', '123456', '0'),
	(791, 'SUPER ID', NULL, NULL, NULL, NULL, NULL, 'superid', '123456', '0'),
	(792, 'SUPER ID', NULL, NULL, NULL, NULL, NULL, 'superid', '123456', '0'),
	(793, 'SUPER ID', NULL, NULL, NULL, NULL, NULL, 'superid', '123456', '0'),
	(794, 'SUPER ID', NULL, NULL, NULL, NULL, NULL, 'superid', '123456', '0'),
	(795, 'SUPER ID', NULL, NULL, NULL, NULL, NULL, 'superid', '123456', '0'),
	(796, 'SUPER ID', NULL, NULL, NULL, NULL, NULL, 'superid', '123456', '0'),
	(797, 'SUPER ID', NULL, NULL, NULL, NULL, NULL, 'superid', '123456', '0'),
	(798, 'SUPER ID', NULL, NULL, NULL, NULL, NULL, 'superid', '123456', '0'),
	(799, 'SUPER ID', NULL, NULL, NULL, NULL, NULL, 'superid', '258000', '0'),
	(800, 'SUPER ID', NULL, NULL, NULL, NULL, NULL, 'superid', '123456', '0'),
	(801, 'SUPER ID', NULL, NULL, NULL, NULL, NULL, 'superid', '123456', '0'),
	(802, 'SUPER ID', NULL, NULL, NULL, NULL, NULL, 'superid', '123456', '0'),
	(803, 'SUPER ID', NULL, NULL, NULL, NULL, NULL, 'superid', '123456', '0'),
	(804, 'SUPER ID', NULL, NULL, NULL, NULL, NULL, 'superid', '123456', '0'),
	(805, 'SUPER ID', NULL, NULL, NULL, NULL, NULL, 'superid', '123456', '0'),
	(806, 'SUPER ID', NULL, NULL, NULL, NULL, NULL, 'superid', '123456', '0'),
	(807, 'SUPER ID', NULL, NULL, NULL, NULL, NULL, 'superid', '123456', '0'),
	(808, 'SUPER ID', NULL, NULL, NULL, NULL, NULL, 'superid', '123456', '0'),
	(809, 'SUPER ID', NULL, NULL, NULL, NULL, NULL, 'superid', '123456', '0'),
	(810, 'SUPER ID', NULL, NULL, NULL, NULL, NULL, 'superid', '123456', '0'),
	(811, 'SUPER ID', NULL, NULL, NULL, NULL, NULL, 'superid', '123456', '0'),
	(812, 'SUPER ID', NULL, NULL, NULL, NULL, NULL, 'superid', '123456', '0'),
	(813, 'SUPER ID', NULL, NULL, NULL, NULL, NULL, 'superid', '123456', '0'),
	(814, 'SUPER ID', NULL, NULL, NULL, NULL, NULL, 'superid', '123456', '0'),
	(815, 'SUPER ID', NULL, NULL, NULL, NULL, NULL, 'superid', '123456', '0'),
	(816, 'SUPER ID', NULL, NULL, NULL, NULL, NULL, 'superid', '123456', '0'),
	(817, 'SUPER ID', NULL, NULL, NULL, NULL, NULL, 'superid', '123456', '0'),
	(818, 'SUPER ID', NULL, NULL, NULL, NULL, NULL, 'superid', '123456', '0'),
	(819, 'SUPER ID', NULL, NULL, NULL, NULL, NULL, 'superid', '123456', '0'),
	(820, 'SUPER ID', NULL, NULL, NULL, NULL, NULL, 'superid', '123456', '0'),
	(821, 'SUPER ID', NULL, NULL, NULL, NULL, NULL, 'superid', '123456', '0'),
	(822, 'SUPER ID', NULL, NULL, NULL, NULL, NULL, 'superid', '123456', '0'),
	(823, 'SUPER ID', NULL, NULL, NULL, NULL, NULL, 'superid', '123456', '0'),
	(824, 'SUPER ID', NULL, NULL, NULL, NULL, NULL, 'superid', '123456', '0'),
	(825, 'SUPER ID', NULL, NULL, NULL, NULL, NULL, 'superid', '123456', '0'),
	(826, 'SUPER ID', NULL, NULL, NULL, NULL, NULL, 'superid', '123456', '0'),
	(827, 'SUPER ID', NULL, NULL, NULL, NULL, NULL, 'superid', '123456', '0'),
	(828, 'SUPER ID', NULL, NULL, NULL, NULL, NULL, 'superid', '123456', '0'),
	(829, 'SUPER ID', NULL, NULL, NULL, NULL, NULL, 'superid', '123456', '0'),
	(830, 'SUPER ID', NULL, NULL, NULL, NULL, NULL, 'superid', '123456', '0'),
	(831, 'SUPER ID', NULL, NULL, NULL, NULL, NULL, 'superid', '123456', '0'),
	(832, 'SUPER ID', NULL, NULL, NULL, NULL, NULL, 'superid', '123456', '0'),
	(833, 'SUPER ID', NULL, NULL, NULL, NULL, NULL, 'superid', '123456', '0'),
	(834, 'SUPER ID', NULL, NULL, NULL, NULL, NULL, 'superid', '123456', '0'),
	(835, 'SUPER ID', NULL, NULL, NULL, NULL, NULL, 'superid', '123456', '0'),
	(836, 'SUPER ID', NULL, NULL, NULL, NULL, NULL, 'superid', '123456', '0'),
	(837, 'SUPER ID', NULL, NULL, NULL, NULL, NULL, 'superid', '123456', '0'),
	(838, 'SUPER ID', NULL, NULL, NULL, NULL, NULL, 'superid', '123456', '0'),
	(839, 'SUPER ID', NULL, NULL, NULL, NULL, NULL, 'superid', '123456', '0'),
	(840, 'SUPER ID', NULL, NULL, NULL, NULL, NULL, 'superid', '123456', '0'),
	(841, 'SUPER ID', NULL, NULL, NULL, NULL, NULL, 'superid', '123456', '0'),
	(842, 'SUPER ID', NULL, NULL, NULL, NULL, NULL, 'superid', '123456', '0'),
	(843, 'SUPER ID', NULL, NULL, NULL, NULL, NULL, 'superid', '123456', '0'),
	(844, 'SUPER ID', NULL, NULL, NULL, NULL, NULL, 'superid', '123456', '0'),
	(845, 'SUPER ID', NULL, NULL, NULL, NULL, NULL, 'superid', '123456', '0'),
	(846, 'SUPER ID', NULL, NULL, NULL, NULL, NULL, 'superid', '123456', '0'),
	(847, 'SUPER ID', NULL, NULL, NULL, NULL, NULL, 'superid', '123456', '0'),
	(848, 'SUPER ID', NULL, NULL, NULL, NULL, NULL, 'superid', '123456', '0'),
	(849, 'SUPER ID', NULL, NULL, NULL, NULL, NULL, 'superid', '123456', '0'),
	(850, 'SUPER ID', NULL, NULL, NULL, NULL, NULL, 'superid', '123456', '0'),
	(851, 'SUPER ID', NULL, NULL, NULL, NULL, NULL, 'superid', '123456', '0'),
	(852, 'SUPER ID', NULL, NULL, NULL, NULL, NULL, 'superid', '123456', '0'),
	(853, 'SUPER ID', NULL, NULL, NULL, NULL, NULL, 'superid', '123456', '0'),
	(854, 'SUPER ID', NULL, NULL, NULL, NULL, NULL, 'superid', '123456', '0'),
	(855, 'SUPER ID', NULL, NULL, NULL, NULL, NULL, 'superid', '123456', '0'),
	(856, 'SUPER ID', NULL, NULL, NULL, NULL, NULL, 'superid', '123456', '0'),
	(857, 'SUPER ID', NULL, NULL, NULL, NULL, NULL, 'superid', '123456', '0'),
	(858, 'SUPER ID', NULL, NULL, NULL, NULL, NULL, 'superid', '123456', '0'),
	(859, 'SUPER ID', NULL, NULL, NULL, NULL, NULL, 'superid', '123456', '0'),
	(860, 'SUPER ID', NULL, NULL, NULL, NULL, NULL, 'superid', '123456', '0'),
	(861, 'SUPER ID', NULL, NULL, NULL, NULL, NULL, 'superid', '123456', '0'),
	(862, 'SUPER ID', NULL, NULL, NULL, NULL, NULL, 'superid', '123456', '0'),
	(863, 'SUPER ID', NULL, NULL, NULL, NULL, NULL, 'superid', '123456', '0'),
	(864, 'SUPER ID', NULL, NULL, NULL, NULL, NULL, 'superid', '123456', '0'),
	(865, 'SUPER ID', NULL, NULL, NULL, NULL, NULL, 'superid', '123456', '0'),
	(866, 'SUPER ID', NULL, NULL, NULL, NULL, NULL, 'superid', '123456', '0'),
	(867, 'SUPER ID', NULL, NULL, NULL, NULL, NULL, 'superid', '123456', '0'),
	(868, 'SUPER ID', NULL, NULL, NULL, NULL, NULL, 'superid', '123456', '0'),
	(869, 'SUPER ID', NULL, NULL, NULL, NULL, NULL, 'superid', '123456', '0'),
	(870, 'SUPER ID', NULL, NULL, NULL, NULL, NULL, 'superid', '123456', '0'),
	(871, 'SUPER ID', NULL, NULL, NULL, NULL, NULL, 'superid', '123456', '0'),
	(872, 'SUPER ID', NULL, NULL, NULL, NULL, NULL, 'superid', '123456', '0'),
	(873, 'SUPER ID', NULL, NULL, NULL, NULL, NULL, 'superid', '123456', '0'),
	(874, 'SUPER ID', NULL, NULL, NULL, NULL, NULL, 'superid', '123456', '0'),
	(875, 'SUPER ID', NULL, NULL, NULL, NULL, NULL, 'superid', '123456', '0'),
	(876, 'SUPER ID', NULL, NULL, NULL, NULL, NULL, 'superid', '123456', '0'),
	(877, 'SUPER ID', NULL, NULL, NULL, NULL, NULL, 'superid', '123456', '0'),
	(878, 'SUPER ID', NULL, NULL, NULL, NULL, NULL, 'superid', '123456', '0'),
	(879, 'SUPER ID', NULL, NULL, NULL, NULL, NULL, 'superid', '123456', '0'),
	(880, 'SUPER ID', NULL, NULL, NULL, NULL, NULL, 'superid', '123456', '0'),
	(881, 'SUPER ID', NULL, NULL, NULL, NULL, NULL, 'superid', '123456', '0'),
	(882, 'SUPER ID', NULL, NULL, NULL, NULL, NULL, 'superid', '123456', '0'),
	(883, 'SUPER ID', NULL, NULL, NULL, NULL, NULL, 'superid', '123456', '0'),
	(884, 'SUPER ID', NULL, NULL, NULL, NULL, NULL, 'superid', '123456', '0'),
	(885, 'SUPER ID', NULL, NULL, NULL, NULL, NULL, 'superid', '123456', '0'),
	(886, 'SUPER ID', NULL, NULL, NULL, NULL, NULL, 'superid', '123456', '0'),
	(887, 'SUPER ID', NULL, NULL, NULL, NULL, NULL, 'superid', '123456', '0'),
	(888, 'SUPER ID', NULL, NULL, NULL, NULL, NULL, 'superid', '123456', '0'),
	(889, 'SUPER ID', NULL, NULL, NULL, NULL, NULL, 'superid', '123456', '0'),
	(890, 'SUPER ID', NULL, NULL, NULL, NULL, NULL, 'superid', '123456', '0'),
	(891, 'SUPER ID', NULL, NULL, NULL, NULL, NULL, 'superid', '123456', '0'),
	(892, 'SUPER ID', NULL, NULL, NULL, NULL, NULL, 'superid', '123456', '0'),
	(893, 'SUPER ID', NULL, NULL, NULL, NULL, NULL, 'superid', '123456', '0'),
	(894, 'SUPER ID', NULL, NULL, NULL, NULL, NULL, 'superid', '123456', '0'),
	(895, 'SUPER ID', NULL, NULL, NULL, NULL, NULL, 'superid', '123456', '0'),
	(896, 'SUPER ID', NULL, NULL, NULL, NULL, NULL, 'superid', '123456', '0'),
	(897, 'SUPER ID', NULL, NULL, NULL, NULL, NULL, 'superid', '123456', '0'),
	(898, 'SUPER ID', NULL, NULL, NULL, NULL, NULL, 'superid', '123456', '0'),
	(899, 'SUPER ID', NULL, NULL, NULL, NULL, NULL, 'superid', '123456', '0'),
	(900, 'SUPER ID', NULL, NULL, NULL, NULL, NULL, 'superid', '123456', '0'),
	(901, 'SUPER ID', NULL, NULL, NULL, NULL, NULL, 'superid', '123456', '0'),
	(902, 'SUPER ID', NULL, NULL, NULL, NULL, NULL, 'superid', '123456', '0'),
	(903, 'SUPER ID', NULL, NULL, NULL, NULL, NULL, 'superid', '123456', '0'),
	(904, 'SUPER ID', NULL, NULL, NULL, NULL, NULL, 'superid', '123456', '0'),
	(905, 'SUPER ID', NULL, NULL, NULL, NULL, NULL, 'superid', '123456', '0'),
	(906, 'SUPER ID', NULL, NULL, NULL, NULL, NULL, 'superid', '123456', '0'),
	(907, 'SUPER ID', NULL, NULL, NULL, NULL, NULL, 'superid', '123456', '0'),
	(908, 'SUPER ID', NULL, NULL, NULL, NULL, NULL, 'superid', '123456', '0'),
	(909, 'SUPER ID', NULL, NULL, NULL, NULL, NULL, 'superid', '123456', '0'),
	(910, 'SUPER ID', NULL, NULL, NULL, NULL, NULL, 'superid', '123456', '0'),
	(911, 'SUPER ID', NULL, NULL, NULL, NULL, NULL, 'superid', '123456', '0'),
	(912, 'SUPER ID', NULL, NULL, NULL, NULL, NULL, 'superid', '123456', '0'),
	(913, 'SUPER ID', NULL, NULL, NULL, NULL, NULL, 'superid', '123456', '0'),
	(914, 'SUPER ID', NULL, NULL, NULL, NULL, NULL, 'superid', '123456', '0'),
	(915, 'SUPER ID', NULL, NULL, NULL, NULL, NULL, 'superid', '123456', '0'),
	(916, 'SUPER ID', NULL, NULL, NULL, NULL, NULL, 'superid', '123456', '0'),
	(917, 'SUPER ID', NULL, NULL, NULL, NULL, NULL, 'superid', '123456', '0'),
	(918, 'SUPER ID', NULL, NULL, NULL, NULL, NULL, 'superid', '123456', '0'),
	(919, 'SUPER ID', NULL, NULL, NULL, NULL, NULL, 'superid', '123456', '0'),
	(920, 'SUPER ID', NULL, NULL, NULL, NULL, NULL, 'superid', '123456', '0'),
	(921, 'SUPER ID', NULL, NULL, NULL, NULL, NULL, 'superid', '123456', '0'),
	(922, 'SUPER ID', NULL, NULL, NULL, NULL, NULL, 'superid', '123456', '0'),
	(923, 'SUPER ID', NULL, NULL, NULL, NULL, NULL, 'superid', '123456', '0'),
	(924, 'SUPER ID', NULL, NULL, NULL, NULL, NULL, 'superid', '123456', '0'),
	(925, 'SUPER ID', NULL, NULL, NULL, NULL, NULL, 'superid', '123456', '0'),
	(926, 'SUPER ID', NULL, NULL, NULL, NULL, NULL, 'superid', '123456', '0'),
	(927, 'SUPER ID', NULL, NULL, NULL, NULL, NULL, 'superid', '123456', '0'),
	(928, 'SUPER ID', NULL, NULL, NULL, NULL, NULL, 'superid', '123456', '0'),
	(929, 'SUPER ID', NULL, NULL, NULL, NULL, NULL, 'superid', '123456', '0'),
	(930, 'SUPER ID', NULL, NULL, NULL, NULL, NULL, 'superid', '123456', '0'),
	(931, 'SUPER ID', NULL, NULL, NULL, NULL, NULL, 'superid', '123456', '0'),
	(932, 'SUPER ID', NULL, NULL, NULL, NULL, NULL, 'superid', '123456', '0'),
	(933, 'SUPER ID', NULL, NULL, NULL, NULL, NULL, 'superid', '123456', '0'),
	(934, 'SUPER ID', NULL, NULL, NULL, NULL, NULL, 'superid', '123456', '0'),
	(935, 'SUPER ID', NULL, NULL, NULL, NULL, NULL, 'superid', '123456', '0'),
	(936, 'SUPER ID', NULL, NULL, NULL, NULL, NULL, 'superid', '123456', '0'),
	(937, 'SUPER ID', NULL, NULL, NULL, NULL, NULL, 'superid', '123456', '0'),
	(938, 'DANIEL WAHYU K', NULL, NULL, NULL, NULL, NULL, 'daniel', '123456', '0'),
	(939, 'SUPER ID', NULL, NULL, NULL, NULL, NULL, 'superid', '123456', '0'),
	(940, 'SUPER ID', NULL, NULL, NULL, NULL, NULL, 'superid', '123456', '0'),
	(941, 'SUPER ID', NULL, NULL, NULL, NULL, NULL, 'superid', '123456', '0'),
	(942, 'SUPER ID', NULL, NULL, NULL, NULL, NULL, 'superid', '123456', '0'),
	(943, 'SUPER ID', NULL, NULL, NULL, NULL, NULL, 'superid', '123456', '0'),
	(944, 'SUPER ID', NULL, NULL, NULL, NULL, NULL, 'superid', '123456', '0'),
	(945, 'SUPER ID', NULL, NULL, NULL, NULL, NULL, 'superid', '123456', '0'),
	(946, 'SUPER ID', NULL, NULL, NULL, NULL, NULL, 'superid', '123456', '0'),
	(947, 'YENI', NULL, NULL, NULL, NULL, NULL, 'yeni', '261111', '0'),
	(948, 'SUPER ID', NULL, NULL, NULL, NULL, NULL, 'superid', '123456', '0'),
	(949, 'SUPER ID', NULL, NULL, NULL, NULL, NULL, 'superid', '123456', '0'),
	(950, 'SUPER ID', NULL, NULL, NULL, NULL, NULL, 'superid', '123456', '0'),
	(951, 'SUPER ID', NULL, NULL, NULL, NULL, NULL, 'superid', '123456', '0'),
	(952, 'SUPER ID', NULL, NULL, NULL, NULL, NULL, 'superid', '123456', '0'),
	(953, 'SUPER ID', NULL, NULL, NULL, NULL, NULL, 'superid', '123456', '0'),
	(954, 'SUPER ID', NULL, NULL, NULL, NULL, NULL, 'superid', '123456', '0'),
	(955, 'FREDDY', NULL, NULL, NULL, NULL, NULL, 'freddy', '112233', '1'),
	(956, 'YUYUN', NULL, NULL, NULL, NULL, NULL, 'yuyun', '123456', '0'),
	(957, 'WAYUNI', NULL, NULL, NULL, NULL, NULL, 'ahkalongan', '098765', '0'),
	(958, 'STANLEY', NULL, NULL, NULL, NULL, NULL, 'stanley', '123321', '0'),
	(959, 'KARLITA', NULL, NULL, NULL, NULL, NULL, 'karlita', '123456', '0'),
	(960, 'JENNI', NULL, NULL, NULL, NULL, NULL, 'jenni', '123456', '0'),
	(961, 'RENI', NULL, NULL, NULL, NULL, NULL, 'reni', '123456', '0'),
	(962, 'PUTRI', NULL, NULL, NULL, NULL, NULL, 'putri', '240596', '0'),
	(963, 'FANGFANG DESY', NULL, NULL, NULL, NULL, NULL, 'fangfang', '261111', '0'),
	(964, 'SHERLY KARLINA', NULL, NULL, NULL, NULL, NULL, 'sherly', '888888', '0'),
	(965, 'CENDRAWATI', NULL, NULL, NULL, NULL, NULL, 'cendra', '888888', '0'),
	(966, 'CORRY PUSPITA NUGROHO', NULL, NULL, NULL, NULL, NULL, 'corry', '888888', '0'),
	(967, 'LIONG PAU TJU', NULL, NULL, NULL, NULL, NULL, 'pautju', '888888', '0'),
	(968, 'DANIEL', NULL, NULL, NULL, NULL, NULL, 'daniel', '123456', '1'),
	(969, 'HEGA', NULL, NULL, NULL, NULL, NULL, 'hega', '123456', '1'),
	(970, 'VICKY RIANE', NULL, NULL, NULL, NULL, NULL, 'vicky', '123456', '0'),
	(971, 'HEGARISTA', NULL, NULL, NULL, NULL, NULL, 'hega', '123456', '0'),
	(972, 'EKA SUISTIARINI', NULL, NULL, NULL, NULL, NULL, 'eka', '123456', '0'),
	(973, 'MELISSA FLORENCIANA', NULL, NULL, NULL, NULL, NULL, 'melissa', '123456', '0'),
	(974, 'PATRICIA S H', NULL, NULL, NULL, NULL, NULL, 'patricia', '123456', '0'),
	(975, 'PAMELLA', NULL, NULL, NULL, NULL, NULL, 'pamella', '123456', '0'),
	(976, 'ANDRIANI CHRISTINA', NULL, NULL, NULL, NULL, NULL, 'andriani', '130999', '0'),
	(977, 'LAURENCIUS ALFINDO DARMAWAN', NULL, NULL, NULL, NULL, NULL, 'alfindo', '258075', '0'),
	(978, 'YOHAN ', NULL, NULL, NULL, NULL, NULL, 'yohan', '010203', '0'),
	(979, 'CHRISTINE LIMANTORO', NULL, NULL, NULL, NULL, NULL, 'christine', '130999', '0'),
	(980, 'INDRA TIRTA DWI SETIONO', NULL, NULL, NULL, NULL, NULL, 'indra', '130999', '0'),
	(981, 'MING-MING', NULL, NULL, NULL, NULL, NULL, 'bestsub', '888888', '0'),
	(982, 'MICHELLE GUNAWAN', NULL, NULL, NULL, NULL, NULL, 'michellegunawan', '180591', '0'),
	(983, 'GRACE DEBORA', NULL, NULL, NULL, NULL, NULL, 'gracedebora', '130794', '0'),
	(984, 'JEFRI MUSA', NULL, NULL, NULL, NULL, NULL, 'jefrimusa', '230692', '0');
/*!40000 ALTER TABLE `ms_agent_staff` ENABLE KEYS */;

-- membuang struktur untuk table tgh.ms_airline
CREATE TABLE IF NOT EXISTS `ms_airline` (
  `id` int(11) NOT NULL AUTO_INCREMENT,
  `airlineCode` varchar(50) DEFAULT NULL,
  `airlineName` varchar(100) DEFAULT NULL,
  `flag` char(1) DEFAULT '0',
  PRIMARY KEY (`id`)
) ENGINE=InnoDB AUTO_INCREMENT=9 DEFAULT CHARSET=latin1;

-- Membuang data untuk tabel tgh.ms_airline: ~7 rows (lebih kurang)
/*!40000 ALTER TABLE `ms_airline` DISABLE KEYS */;
INSERT INTO `ms_airline` (`id`, `airlineCode`, `airlineName`, `flag`) VALUES
	(1, 'SQ', 'SINGAPORE AIRLINE', '0'),
	(2, 'CX', 'CATHAY PACIFIC', '0'),
	(3, '3K', 'JETSTAR asia', '0'),
	(5, 'AA', 'AIR ASIA', '0'),
	(6, 'TK', 'TURKISH AIRLINES', '0'),
	(7, 'NON', 'NON', '0'),
	(8, 'BI', 'ROYAL BRUNAI', '0');
/*!40000 ALTER TABLE `ms_airline` ENABLE KEYS */;

-- membuang struktur untuk table tgh.ms_bank
CREATE TABLE IF NOT EXISTS `ms_bank` (
  `id` int(11) NOT NULL AUTO_INCREMENT,
  `bankName` varchar(100) DEFAULT NULL,
  `branch` varchar(100) DEFAULT NULL,
  `accountName` varchar(100) DEFAULT NULL,
  `accountNo` varchar(100) DEFAULT NULL,
  `currency` varchar(50) DEFAULT NULL,
  `flag` int(11) DEFAULT '0',
  PRIMARY KEY (`id`)
) ENGINE=InnoDB AUTO_INCREMENT=6 DEFAULT CHARSET=latin1;

-- Membuang data untuk tabel tgh.ms_bank: ~4 rows (lebih kurang)
/*!40000 ALTER TABLE `ms_bank` DISABLE KEYS */;
INSERT INTO `ms_bank` (`id`, `bankName`, `branch`, `accountName`, `accountNo`, `currency`, `flag`) VALUES
	(1, 'BANK CENTRAL ASIA', '-', 'FREDDY WUISAN', '2581114607', 'IDR', 0),
	(2, 'BRI', '', 'JEJE', '2412412542', 'IDR', 0),
	(3, 'BCA', 'DARMO', 'DESSY', '2342352', '', 1),
	(4, 'BTN', 'KETINTANG', 'SHADOW', '235235235', '', 1),
	(5, 'BNI', 'UNAIR', 'TEST', '325235235', 'GBP', 0);
/*!40000 ALTER TABLE `ms_bank` ENABLE KEYS */;

-- membuang struktur untuk table tgh.ms_category
CREATE TABLE IF NOT EXISTS `ms_category` (
  `id` int(11) NOT NULL AUTO_INCREMENT,
  `categoryCode` varchar(100) DEFAULT NULL,
  `categoryName` varchar(100) DEFAULT NULL,
  `flag` char(1) DEFAULT '0',
  PRIMARY KEY (`id`)
) ENGINE=InnoDB AUTO_INCREMENT=3 DEFAULT CHARSET=latin1;

-- Membuang data untuk tabel tgh.ms_category: ~2 rows (lebih kurang)
/*!40000 ALTER TABLE `ms_category` DISABLE KEYS */;
INSERT INTO `ms_category` (`id`, `categoryCode`, `categoryName`, `flag`) VALUES
	(1, 'ASIA', 'ASIA', '0'),
	(2, 'EUROPE', 'EUROPE', '0');
/*!40000 ALTER TABLE `ms_category` ENABLE KEYS */;

-- membuang struktur untuk table tgh.ms_departure
CREATE TABLE IF NOT EXISTS `ms_departure` (
  `id` int(11) NOT NULL AUTO_INCREMENT,
  `airportCode` varchar(50) DEFAULT NULL,
  `cityName` varchar(100) DEFAULT NULL,
  `flag` int(11) DEFAULT '0' COMMENT '0 Aktif 1 Tidak',
  PRIMARY KEY (`id`)
) ENGINE=InnoDB AUTO_INCREMENT=5 DEFAULT CHARSET=latin1;

-- Membuang data untuk tabel tgh.ms_departure: ~4 rows (lebih kurang)
/*!40000 ALTER TABLE `ms_departure` DISABLE KEYS */;
INSERT INTO `ms_departure` (`id`, `airportCode`, `cityName`, `flag`) VALUES
	(1, 'SUB', 'SURABAYA', 0),
	(2, 'CGK', 'JAKARTA', 0),
	(3, 'DPS', 'DENPASAR - BALI', 0),
	(4, 'UPG', 'MAKASSAR', 0);
/*!40000 ALTER TABLE `ms_departure` ENABLE KEYS */;

-- membuang struktur untuk table tgh.ms_domain
CREATE TABLE IF NOT EXISTS `ms_domain` (
  `id` int(11) NOT NULL AUTO_INCREMENT,
  `domainName` varchar(100) DEFAULT NULL,
  `flag` char(1) DEFAULT NULL,
  PRIMARY KEY (`id`)
) ENGINE=InnoDB DEFAULT CHARSET=latin1;

-- Membuang data untuk tabel tgh.ms_domain: ~0 rows (lebih kurang)
/*!40000 ALTER TABLE `ms_domain` DISABLE KEYS */;
/*!40000 ALTER TABLE `ms_domain` ENABLE KEYS */;

-- membuang struktur untuk table tgh.ms_room_setting
CREATE TABLE IF NOT EXISTS `ms_room_setting` (
  `id` int(11) NOT NULL AUTO_INCREMENT,
  `settingName` varchar(100) DEFAULT NULL,
  `as` int(11) DEFAULT '0',
  `att` int(11) DEFAULT '0',
  `cwa` int(11) DEFAULT '0',
  `cwb` int(11) DEFAULT '0',
  `cnb` int(11) DEFAULT '0',
  `flag` char(1) DEFAULT '0',
  PRIMARY KEY (`id`)
) ENGINE=InnoDB AUTO_INCREMENT=9 DEFAULT CHARSET=latin1;

-- Membuang data untuk tabel tgh.ms_room_setting: ~8 rows (lebih kurang)
/*!40000 ALTER TABLE `ms_room_setting` DISABLE KEYS */;
INSERT INTO `ms_room_setting` (`id`, `settingName`, `as`, `att`, `cwa`, `cwb`, `cnb`, `flag`) VALUES
	(1, 'Adult Single', 1, 0, 0, 0, 0, '0'),
	(2, 'Adult + Adult (TwinSharing)', 0, 2, 0, 0, 0, '0'),
	(3, 'Adult + Adult + Adult (Triple)', 0, 3, 0, 0, 0, '0'),
	(4, 'Adult + Adult + Child No Bed', 0, 2, 0, 0, 1, '0'),
	(5, 'Adult + Adult + Child With Bed', 0, 2, 0, 1, 0, '0'),
	(6, 'Adult + Adult + Child No Bed + Child No Bed', 0, 2, 0, 0, 2, '0'),
	(7, 'Adult + Adult + Child With Bed + Child No Bed', 0, 2, 0, 1, 1, '0'),
	(8, 'ADULT+ADULT+ADULT+ADULT+ADULT', 5, 0, 0, 0, 0, '0');
/*!40000 ALTER TABLE `ms_room_setting` ENABLE KEYS */;

-- membuang struktur untuk table tgh.ms_room_type
CREATE TABLE IF NOT EXISTS `ms_room_type` (
  `id` int(11) NOT NULL AUTO_INCREMENT,
  `roomType` varchar(100) DEFAULT NULL,
  `size` varchar(100) DEFAULT NULL,
  `bedType` varchar(100) DEFAULT NULL,
  `extraBed` varchar(100) DEFAULT NULL,
  `breakfast` varchar(100) DEFAULT NULL,
  `availability` char(1) DEFAULT '0' COMMENT '0 Aktif/Active 1 Tidak/Inactive',
  `priceA` int(11) DEFAULT NULL,
  `priceB` int(11) DEFAULT NULL,
  `priceC` int(11) DEFAULT NULL,
  `priceD` int(11) DEFAULT NULL,
  `priceE` int(11) DEFAULT NULL,
  `surcharge` int(11) DEFAULT NULL COMMENT 'Surcharge',
  `surcharge2` int(11) DEFAULT NULL COMMENT 'Extra Surcharge',
  `flag` char(1) DEFAULT '0',
  PRIMARY KEY (`id`)
) ENGINE=InnoDB AUTO_INCREMENT=3 DEFAULT CHARSET=latin1 ROW_FORMAT=COMPACT;

-- Membuang data untuk tabel tgh.ms_room_type: ~1 rows (lebih kurang)
/*!40000 ALTER TABLE `ms_room_type` DISABLE KEYS */;
INSERT INTO `ms_room_type` (`id`, `roomType`, `size`, `bedType`, `extraBed`, `breakfast`, `availability`, `priceA`, `priceB`, `priceC`, `priceD`, `priceE`, `surcharge`, `surcharge2`, `flag`) VALUES
	(1, 'KAMAR ISTIMEWA', '43', 'ADULT', 'CHILD', 'YES', '0', 200000, 250000, 340000, 360000, 400000, 540000, 800000, '0'),
	(2, 'ROOM TEST', '34', 'LARGE', 'ADA', 'NO', '0', 1234124, 2434342, 7967969, 4534645, 34645756, 679678452, 235346534, '0');
/*!40000 ALTER TABLE `ms_room_type` ENABLE KEYS */;

-- membuang struktur untuk table tgh.ms_room_type_detail
CREATE TABLE IF NOT EXISTS `ms_room_type_detail` (
  `id` int(11) NOT NULL AUTO_INCREMENT,
  `roomTypeID` int(11) DEFAULT NULL,
  `priceA` int(11) DEFAULT NULL,
  `priceB` int(11) DEFAULT NULL,
  `priceC` int(11) DEFAULT NULL,
  `priceD` int(11) DEFAULT NULL,
  `priceE` int(11) DEFAULT NULL,
  `surcharge` int(11) DEFAULT NULL COMMENT 'Surcharge',
  `surcharge2` int(11) DEFAULT NULL COMMENT 'Extra Surcharge',
  `flag` char(1) DEFAULT NULL,
  PRIMARY KEY (`id`)
) ENGINE=InnoDB AUTO_INCREMENT=2 DEFAULT CHARSET=latin1 ROW_FORMAT=COMPACT;

-- Membuang data untuk tabel tgh.ms_room_type_detail: ~0 rows (lebih kurang)
/*!40000 ALTER TABLE `ms_room_type_detail` DISABLE KEYS */;
INSERT INTO `ms_room_type_detail` (`id`, `roomTypeID`, `priceA`, `priceB`, `priceC`, `priceD`, `priceE`, `surcharge`, `surcharge2`, `flag`) VALUES
	(1, 1, 200000, 230000, 260000, 300000, 340000, 20000, 24000, NULL);
/*!40000 ALTER TABLE `ms_room_type_detail` ENABLE KEYS */;

-- membuang struktur untuk table tgh.ms_term_confirmation
CREATE TABLE IF NOT EXISTS `ms_term_confirmation` (
  `id` int(11) NOT NULL AUTO_INCREMENT,
  `content` varchar(150) DEFAULT NULL,
  `sortby` int(11) DEFAULT NULL,
  `flag` char(1) DEFAULT '0',
  PRIMARY KEY (`id`)
) ENGINE=InnoDB AUTO_INCREMENT=10 DEFAULT CHARSET=latin1;

-- Membuang data untuk tabel tgh.ms_term_confirmation: ~9 rows (lebih kurang)
/*!40000 ALTER TABLE `ms_term_confirmation` DISABLE KEYS */;
INSERT INTO `ms_term_confirmation` (`id`, `content`, `sortby`, `flag`) VALUES
	(1, 'PELUNASAN TOUR 1-BULAN SEBELUM KEBERANGKATAN', 1, '0'),
	(2, 'sadsadsad asdsadasd', 2, '1'),
	(3, 'PEMBATALAN SETELAH DEPOSIT AKAN MENGAKIBATKAN HANGUSNYA PEMBAYARAN DEPOSIT', 2, '0'),
	(4, 'TOUR HANYA AKAN DI JALANKAN APABILA PESERTA MENCAPAI MINIMAL 15-ORANG DEWASA DALAM 1 GROUP', 3, '0'),
	(5, '21213213213213', 4, '1'),
	(6, 'aaaaaaaaaaaaaaa', 4, '1'),
	(7, 'qwqeqweqwe', 4, '1'),
	(8, 'sssssssssssssssssss', 4, '1'),
	(9, 'sssssssssssssssssssssssssssssssssssssssssss', 4, '1');
/*!40000 ALTER TABLE `ms_term_confirmation` ENABLE KEYS */;

-- membuang struktur untuk table tgh.products
CREATE TABLE IF NOT EXISTS `products` (
  `id` int(11) NOT NULL AUTO_INCREMENT,
  `airlineID` int(11) DEFAULT NULL COMMENT 'ms_airline',
  `departureID` int(11) DEFAULT NULL COMMENT 'ms_departure',
  `categoryID` int(11) DEFAULT NULL COMMENT 'ms_category',
  `noofdays` int(11) DEFAULT NULL,
  `noofnights` int(11) DEFAULT NULL,
  `productName` varchar(100) DEFAULT NULL,
  `highlight` text,
  `generalRemarks` varchar(100) DEFAULT NULL COMMENT 'File',
  `timelimit` int(11) DEFAULT NULL COMMENT 'Day',
  `fileItinerary` varchar(100) DEFAULT NULL,
  `fileThumbnail` varchar(100) NOT NULL,
  `flag` char(1) DEFAULT '0',
  PRIMARY KEY (`id`)
) ENGINE=InnoDB AUTO_INCREMENT=81 DEFAULT CHARSET=latin1;

-- Membuang data untuk tabel tgh.products: ~40 rows (lebih kurang)
/*!40000 ALTER TABLE `products` DISABLE KEYS */;
INSERT INTO `products` (`id`, `airlineID`, `departureID`, `categoryID`, `noofdays`, `noofnights`, `productName`, `highlight`, `generalRemarks`, `timelimit`, `fileItinerary`, `fileThumbnail`, `flag`) VALUES
	(38, 1, 1, 1, 10, 9, '10D BEIJING SHANGHAI DISNEYLAND BY SQ ', 'Shanghai Film Park - Nanjing Road - Shanghai Disneyland - Zhouzhuang - Shin Garden - The Zhangking Park - West Lake Cruise - Sun Yat Sen Mausoleum - Nanjing Yangzte Bridge - The Qinhuai Lake ', 'agent + staff com rp. 350.000 + 50.000', 2, 'd4f487ad5c65e4a4eb8d382bed9c5947.pdf', 'bd87a5201c49de529a9c0ca9a98460bb.jpg', '1'),
	(39, 1, 1, 2, 9, 8, '9D EAST EUROPE BY SQ', 'MUNICH-SALZBURG-VIENNA-BUDAPEST-BRATISLAVA-PRAGUUE', 'MUNICH-SALZBURG-VIENNA-BUDAPEST-BRATISLAVA-PRAGUUE', 4, '4feec637973557203fafcf122f7f5eda.pdf', '7557c72a0d58a92388716da279a6698f.png', '1'),
	(40, 2, 1, 1, 8, 7, '8D KOREA JEJU HONGKONG BY CX', 'JEJU-EVERLAND-MTSORAK-NAMII-SEOUL-HONGKONG', 'JEJU-EVERLAND-MTSORAK-NAMII-SEOUL-HONGKONG', 2, 'd9f291dddeb22bb4b995dbf5de56b49b.pdf', '6c1cd36f8c4b1df1abce5cf2ab058da4.png', '1'),
	(41, 2, 1, 1, 10, 9, '10D BEIJING XIAN SHANGHAI BY CX', 'BEIJING-XIAN-HANGZHOU-SUZHOU-SHANGHAI', 'BEIJING-XIAN-HANGZHOU-SUZHOU-SHANGHAI', 2, '8c9e642f23406e3cec7c84a739e8e3ec.pdf', '4d1d6bbc729b674310851853e4c738e2.png', '1'),
	(42, 1, 1, 1, 5, 4, '5D MONO UNI ARAB EMIRATES BY SQ', 'DUBAI-SHARJAH-ABUDHABI', 'DUBAI-SHARJAH-ABUDHABI', 2, '317d0ef8888d304d9d5082b1a4f8c46a.pdf', '20c29dde1c954ba3e1473c096499ab81.png', '1'),
	(43, 2, 1, 1, 8, 7, '10D FUJIAN TOUR BY cx', 'Sanfangqixiang Street - Wuyi Square - Wuyisan - Yixiantian Scenic Area - Tianyou Peak - Nine Bend River - Yingzui Rock - Wuyigong Palace - Yongding Haka Cultural Vilage - Gulangyu Island', 'FUZHOU-WUYISHAN-XIAMEN-SHENZHEN', 2, 'ffa6fa54cf8c85c4347fcb5a77281e7d.pdf', '5eb665db56b7b15000a0986ccd7d151e.jpg', '1'),
	(44, 2, 1, 1, 10, 9, '10D BEIJING XIAN SHANGHAI', 'CHANGSA-ZHANGJIAJIE-FENGHUANG-LONGSHENG-GUILIN-SHENZHEN', 'CHANGSA-ZHANGJIAJIE-FENGHUANG-LONGSHENG-GUILIN-SHENZHEN', 2, '1a3f331467cdf423c407e58c643045e1.pdf', '5d8db68ee4dad34bac154118b361e9d0.png', '1'),
	(45, 1, 1, 1, 10, 9, '10D BEAUTIFUL HARBIN VOLGA MANOR BY SQ', 'Shanghai Bund - Nanjing Road - Central Street Harbin - Stalin Park - Sophia Cathedral Square - Sun Island Snow Sculpture - Volga Manor - St. Nicholas Church - The Pushkin Salon Exhibition - The Puppet Emperor Palace ', 'SHANGHAI-BEIJING-HARBIN-CHANGCHUN-SHENYANG', 2, '11436ba2d8d25b57a907be8635545370.pdf', '16f5c4f42b7672b63a1db4a2bd88bcb8.jpg', '1'),
	(46, 1, 1, 1, 8, 7, '8D KOREA CHERRY BLOSSOM  ', 'Jeju Island - Photo Stop Canola Farm - Repeseed Flower Festivan - Seongeup Folklore Village - Nami Island - Mt. Sorak - Everland - National Folkore Museum - Gyeongbok Palace - Yeoido Cherry Blossom Festival - Seoul Tower - Namsang Hanok Village', 'Agent Com + Staff Com Rp. 400.000 + 50.000', 2, 'b258ce274eb59433a0ef7a0618f07081.jpg', '5092c647cf3d3bc6e005c6e8d2b5f230.jpg', '1'),
	(47, 1, 1, 1, 10, 9, '10d beijing xian shanghai ', 'Tian An Men Square - Forbiden City - Summer Palace - Acrobatic Show - GreatWall - Big Wild Goose Pagoda - Xian Dumpling Feast - Qinshihuang Muslim - Terracotta Army Museum - Danau Xihu - Flower Harbour - Yioulai Outlet Village - Lotus Garden - Chenghuangmio Market - Photo stop TV Tower', 'Agent Com + Staff Com Rp.300.000 + 50.000', 2, '0c834cbfeaff5f1debd838fa2281bc0a.jpg', 'bd9042b3b06455c5e73f72691137bbff.jpg', '0'),
	(48, 1, 1, 1, 10, 9, '10D INNER MONGOLIA ', 'XILA MUREN GRASSLAND - XIANGSHA BAY - MAUSOLEUM OF GENGHIS KHAN - WU DANG TEMPLE - MEI DAI TEMPLE - HA SU HAI SCENIC AREA - YU YUAN GARDEN - CHENGHUANGMIAO MARKET - NANJING ROAD - PHOTO STOP AT SHANGHAI TV TOWER - YI OU LAI SHOPPING MALL - DISNEY TOWN - SHANGHAI MOVIE PARK - XINTIANDI BAR STREET - SHIKUMEN', 'AGENT COMM Rp. 300.000 + STAFF COMM Rp. 50.000', 2, '9ce5b3d4df334750455325c3d47d69ec.jpg', '7d3cd3c110914651579db1e0e6e5274e.jpg', '0'),
	(49, 2, 1, 1, 10, 9, '10d guilin zhangjiajie by cx', 'HUANGXING WALKING STREET - ORANGE ISLAND - HUANGLONG CAVE - TIANZI HILL - BAILONG LIFT - YUANJIAJIE - FIRST WORLD BRIDGE - HELONG PARK - TIANMEN HILL - TIANMEN CAVE - GLASS PLANK - PHOENIX ANCIENT CITY - TUOJIANG RIVER - RAINBOW BRIDGE - LONGJI RICE TERRACES - ZHUANG MINORITY ETHNIC VILLAGE - LI RIVER CRUISE - SILVER CAVE - WEST STREET - ELEPHANT TRUNK HILL - RONG LAKE - FUBO HILL - BANYAN TREE - SHOPPING XIANG YANG ROAD - LUOHO MALL/DONGMEN MARKET ', 'AGENT COMM Rp. 350.000 + STAFF COMM Rp. 50.000', 2, '9af902bec62d4161fe9c4b37b5c59ca5.jpg', '14e5492bae6fa2c00196ac74d8e2059e.jpg', '1'),
	(53, 1, 1, 1, 3, 2, 'dssadsad', 'dsadsad', 'sadsadsad', 2, 'f3a5be787dc139d433e91980c93d8bba.jpg', '', '1'),
	(54, 2, 1, 1, 10, 9, '10D BEAUTIFUL HARBIN ', 'UYONGGUAN GREATWALL - SUMMER PALACE - PHOTO STOP BIRD NEST + WATER CUBE - CENTRAL STREET - SOPHIA CATHEDRAL SQUARE - CHINESE RUSSIAN TRADE MARKET - FLOOD CONTROL MONUMENT - ICE & SNOW WORLD - SUN ISLAND SNOW SCULPTURE - SONGHUA RIVER ACTIVITY - PHOTO STOP GRAND THEATRE - RIME IN MIDDLE SONGJIANG ROAD - CENTURY SQUARE - NORTH HILL PARK - CHANGCHUN PUPPET EMPEROR PALACE - CULTURE SQUARE - PHOTO STOP GEOLOGICAL PALACE - JINYUETAN SKIING RESORT - SHENYANG IMPERIAL PALACE - ZHANG XUELIANGS FORMER RESIDENCE - MISS ZHAO FORMER BUILDING - MAN & QING DYNASTY STREET - THE BUND - NANJING ROAD - CHENGHUANGMIAO MARKET - SHANGHAI MOVIE PARK - TAOBA MARKET - XINTIANDI BAR STREET', 'AGENT COMM Rp. 300.000 + STAFF COMM Rp. 50.000', 2, 'f423dae87ffd5c40cdc8cc9ef699b8f0.jpg', 'ccdfadf9aa21d4bc85b8597924c385f5.jpg', '1'),
	(55, 2, 1, 1, 8, 7, '8D SHAOLIN FUZHOU TOUR ', 'XICHAN TEMPLE - SANFANGQIXIANG STREET - WUYI SQUARE - XIHU PARK - NANHOU STREET - SHAOLIN TEMPLE - LONGMEN GROTTO - GUANGYU MAUSOLEUM - LIJIANG GATE - PEONY GARDEN - YUNGTAI MOUNTAIN SCHENIC AREA - BAOGONG MEMORIAL HALL - QISHENGJIAO - QING MING RIVERSIDE LANDSCAPE GARDEN - SONG ROYAL STREET - GOLDEN RING ROAD - SOUTH PUTUO - PHOTO STOP XIAMEN UNIVERSITY - SHOPPING ZHONGSAN ROAD XIAMEN', 'AGENT COMM Rp. 300.000 + STAFF COMM Rp. 50.000', 2, 'f38f1ccbbe3c40e434f92fdf2fa0684e.jpg', '3648063bcc25296fe92c6c1fc3753a1d.jpg', '0'),
	(56, 2, 1, 1, 8, 7, '8D FUJIAN GUADONG  ', 'SANFANGQIXIANG STREET - WUYI SQUARE - NINE BEND RIVER - SONG STREET - DONGSHAN ANCIENT CITY - FENGDONGSHI - ZHONGSHAN PARK - LAOMA TEMPLE - HUAQIAOXINCUN WALKING STREET - KAIYUAN TEMPLE - THE GUANGJI GATE - XIANGZI BRIDGE - FUJIAN HUAN AN EARTHEN HOUSE - ERYI TOWER - DONG YANG TOWER - NANYANG EARTHERN HOUSE MUSEUM - GULANGYU ISLAND - GULANGYU PIANO MUSEUM - ZHENGCUOAN VILLAGE - SHOPPING ZHONGSHAN ROAD', 'Agent Com Rp. 300.000 + Staf Com Rp. 50.000', 2, '93ead77f272e8363631a9af7ec28b279.jpg', '14c4b28b4d3800d0ce1eb5aefcd0d1f1.jpg', '0'),
	(57, 2, 1, 1, 10, 9, '10D GUILIN ZHANGJIAJIE BY CX', 'ORANGE ISLAND - HUANGLONG CAVE - TIANZI HILL - BAILONG LIFT - YUANJIAJIE - FIRST WORLD BRIDGE - HELONG PARK - TIANMEN HILL - TIANMEN CAVE - GLASS PLANK - PHOENIX ANCIENT CITY - TUOJIANG RIVER - RAINBOW BRIDGE - LONGJI RICE TERRACES - ZHUANG MINORITY VILLAGE  - SHANGRILA AREA - LI RIVER CRUISE - SILVER CAVE - SHOPPING WEST STREET - ELEPHANT TRUNK HILL - RONG LAKE - FUBO HILL - BANYAN TREE - SHOPPING XIANG YANG ROAD - SHOPPING LUOHO MALL / DONGMEN MARKET', 'DEPARTURE DATE : 02 MAR - 11 MAR, 12 APR -21 APR, 15 MAY - 24 MAY, 01 JUN - 10 JUN 2017', 2, '064b63ee3c2e6608fe7bf0dbcd29a18a.jpg', '58ac8a46eaa8463f8a6bdc63a577d03b.jpg', '1'),
	(58, 1, 1, 2, 9, 8, '9d turkey ', 'Istanbul - Mesjid Biru - St. Hagia Sophia - Basilika St John & House of Virgin Mary - Ephesus - Pamukkale - Cappadocia - Melvana Museum - Ozkonak Underground - Belly dance show - Ataturk Mausoleum - Camlica hill - Bophorus Cruise ', 'Agent Com + Staff Com Rp. 300.000 + 50.000', 2, 'cb099efbb633d53e71a9fa0aadff15fb.pdf', '9ab161ebdc9a50728edeac1a25ef97e6.jpg', '0'),
	(59, 6, 2, 2, 9, 8, '9D SIZZLING SPAIN', 'Spanish Village - Paseo De Gracia - Valencia - Photo stop at Cathedral - Granada City - Photo stop Alhambra Palace - Gerea St. Ana - Gereja Mezquita - Royal Palace - Las Rozas Village Outlet ', 'Agent com Rp. 300.000 + Staf Com Rp. 50.000', 2, 'f40e6abf2a4e701066679eb475e9429b.jpg', '5031a67a666041f658ac37e09c00abca.jpg', '1'),
	(60, 6, 2, 2, 12, 11, '12D UNFORGETABLE EAST EUROPE', 'Schonburnn Palace - Bukit Castle - Gereja Matthias - Fishermans Bastion - Krakow - Banska Bystrica - Town Hall -  Cathedral Old town -  Berlin - Soviet memorial - Pintu Gerbang Brandenburg -  Tembok Berlin - Dresden - Hradcany castle - Old royal palace - St George Basilia - Jembatan Charles', 'Agent Com Rp. 300.000 + Staff Com Rp. 50.000', 2, 'fe03cce29abeca29251f8543985ad002.pdf', '97db1be59a51772691f9ffa96f35e7fe.jpg', '1'),
	(61, 6, 2, 2, 11, 10, '11d refreshing west europe  ', 'Nelayan Voledam - Dam Square - Royal Palace - Gereja St Nicholas - Champs Ellysees Avenue - Place De La Concorde - Menara Eiffel - Burgandy - Gunung titlis - Milan - Venice - St mark Cathedral - Bridge of Sight dan Doges Palace - Menara Pisa - Florence - Roma - Monumen Victor Emmanuel II', 'Agent Com Rp. 300.000 + Staf Com Rp. 50.000', 2, '6c2188193d7ee88f66d1709b69d74225.pdf', 'cdf5117788499e36b88060469005cd0d.jpg', '1'),
	(62, 2, 1, 1, 10, 9, '10D GUILIN ZHANGJIAJIE', 'HUANGXING WALKING STREET - ORANGE ISLAND - HUANGLONG CAVE - TIANZI HILL - BAILONG LIFT - YUANJIAJIE - FIRST WORLD BRIDGE - HELONG PARK - TIANMEN HILL - TIANMEN CAVE - GLASS PLANK - PHOENIX ANCIENT CITY - TUOJIANG RIVER - RAINBOW BRIDGE - LONGJI RICE TERRACES - ZHUANG MINORITY ETHNIC VILLAGE - LI RIVER CRUISE - SILVER CAVE - SHOPPING WEST STREET - ELEPHANT TRUNK HILL - RONG LAKE - FUBO HILL - BANYAN TREE - SHOPPING XIANG YANG ROAD - SHOPPING LUOHO MALL / DONGMEN MARKET ', 'AGENT COMM Rp. 300.000 + STAFF COMM Rp. 50.000', 2, '8e4c31846308af6492c28ca891ec532f.jpg', '34bb797c92ca5565eb0416457cd4f266.jpg', '0'),
	(63, 2, 1, 1, 10, 9, '10D GUILIN ZHANGJIAJIE', 'HUANGXING WALKING STREET - ORANGE ISLAND - HUANGLONG CAVE - TIANZI HILL - BAILONG LIFT - YUANJIAJIE - FIRST WORLD BRIDGE - HELONG PARK - TIANMEN HILL - TIANMEN CAVE - GLASS PLANK - PHOENIX ANCIENT CITY - TUOJIANG RIVER - RAINBOW BRIDGE - LONGJI RICE TERRACES - ZHUANG MINORITY ETHNIC VILLAGE - LI RIVER CRUISE - SILVER CAVE - SHOPPING WEST STREET - ELEPHANT TRUNK HILL - RONG LAKE - FUBO HILL - BANYAN TREE - SHOPPING XIANG YANG ROAD - SHOPPING LUOHO MALL / DONGMEN MARKET ', 'AGENT COMM Rp. 300.000 + STAFF COMM Rp. 50.000', 2, 'bc2a79aa3b3c528729f0811dc83f8bdd.jpg', 'bf7a954c88dc964c9459fb1a3f3e19dc.jpg', '1'),
	(64, 2, 1, 1, 10, 9, '10D GUILIN ZHANGJIAJIE', 'HUANGXING WALKING STREET - ORANGE ISLAND - HUANGLONG CAVE - TIANZI HILL - BAILONG LIFT - YUANJIAJIE - FIRST WORLD BRIDGE - HELONG PARK - TIANMEN HILL - TIANMEN CAVE - GLASS PLANK - PHOENIX ANCIENT CITY - TUOJIANG RIVER - RAINBOW BRIDGE - LONGJI RICE TERRACES - ZHUANG MINORITY ETHNIC VILLAGE - LI RIVER CRUISE - SILVER CAVE - SHOPPING WEST STREET - ELEPHANT TRUNK HILL - RONG LAKE - FUBO HILL - BANYAN TREE - SHOPPING XIANG YANG ROAD - SHOPPING LUOHO MALL / DONGMEN MARKET ', 'AGENT COMM Rp. 300.000 + STAFF COMM Rp. 50.000', 2, 'df3966678245145473fad58dff3ab01f.jpg', '04696c45901b239a975893c25c91bfc4.jpg', '1'),
	(65, 2, 1, 1, 10, 9, '10D EXPERIENCE ZHANGJIAJIE JIUZHAIGOU', 'Zhangjiajie Grand Canyon - Glass Bridge - Hallelujah Mountain - Gunung Tianzi - Hualong Cave - Huangxing Road shopping area - Panda Base - Songpan Ancient city - Diexi Lake - Jiuzhaigou Scenic area - Leshan Giant Buddha - Bouguo Monastery - Fuhu Monastery', 'Agent Com Rp. 300.000 + Staf Com Rp. 50.000', 2, '2cc326ac889de9d8caeda59a7b309168.pdf', 'a28aef5e75cc1fff48cedc4477ba8fa0.jpg', '1'),
	(66, 2, 1, 1, 10, 9, '10D EXPERIENCE ZHANGJIAJIE JIUZHAIGOU', 'Zhangjiajie Grand Canyon - Glass Bridge - Hallelujah Montain - Gunung Tianzi - Huanglong Cave - Panda Base - Songpan Ancient city - Diexi lake - Jiuzhaigou Scenic area - Baoguo Monastery - Fuhu Monastery -Jinli street', 'Agent com Rp. 300.000 + Staf Com Rp. 50.000', 2, '206cff476144dff247f301798e5dd8b5.jpg', '8e717c90a421f4d3702dfd3367c0ab40.jpg', '1'),
	(67, 2, 1, 1, 8, 7, '8d shaolin fujian', 'Wuyi Square - Sanfangqixiang street - Shaolin temple - Shaolin Kungfu Show - Pagoda Forest - Guangyus Mausleum - Yungtai Mountain - Retstone gorge - Tan Waterfall gorge - Henan Local Produck - Tang tri Color Pottery - Baogong Memorial Hall - Iron Tower - Dragon Pavillion - Song Royal Street - Zhengzhou CBD - Zhongsan Road xiamen', 'Agent com Rp. 300.000 + Staff com Rp. 50.000', 2, '36d95d3a29951ee51d3f46797115188c.pdf', '27e73f94a79abfdd0c572c53468d4971.jpg', '0'),
	(68, 1, 1, 2, 5, 4, '5D MONO UNI EMIRATES ', 'Jumeirah Beach - Photo stop hotel Atlantis-Burj khalifa - King Faisal Mosque - Belly Dance - Photo with Arabic bluse & Art Henna - Herritage Village - Grand Mosque - Dinner Cruise', 'Agent Com Rp. 300.000 + Staf Com Rp. 50.000', 2, 'effb8866c3fc06129bf8304ecc67d7a2.PDF', 'e51a03e0cb03fbb68a439253e53e9aca.jpg', '0'),
	(69, 1, 1, 1, 8, 7, '8d japan classic ', 'UNIVERSAL STUDIO - KIYOMIZU TEMPLE - FUSHIMI INARI TEMPLE - NISHIKI MARKET - MOUNT FUJI - GOTEMBA PREMIUM OUTLET - TOKYO DISNEYLAND - TOKYO DISNEYSEA - ASAKUSA KANON TEMPLE - NAKAMISE SOUVENIR ARCHADE - PHOTOSTOP TOKYO SKYTREE - SHOPPING GINZA AREA', 'AGENT COMM Rp. 350.000 + STAFF COMM Rp. 50.000', 2, 'ca40c4dfa2efd2d29b15efa650af37b9.jpg', 'e411b8c96dd748fd9196d4590f589821.jpg', '1'),
	(70, 8, 1, 1, 5, 4, '5D HONGKONG MACAU SHENZHEN', 'China Folk Culture village - Nigh Show - Penha Hill - A-ma Temple -Ruins of Macau - Venetian - Victoria Peak ', 'Agent Com Rp. 300.000 + 50.000', 2, '4c485abb0f6805b28c74012cce642b62.jpg', '723bbca7423b51d555a36d0334a3c060.jpg', '0'),
	(71, 1, 1, 1, 7, 6, '7D PHUKET BANGKOK pattaya', 'Phi phi island - Wat Arun - Recling Buddha - Nongnooch village - 3D Art in Paradise - Alcazar Show - Silver lake & Laser Buddha - Asiatique - Dinner Cruise Chaopraya River', 'Agent Com Rp. 300.000 + Staf Com Rp. 50.000', 2, '', 'b17f624192a83a9609233380d9c7ebde.jpg', '0'),
	(72, 1, 1, 1, 6, 5, '6D SHANXI ANCIENT TOUR', 'YunGang Grotto - Hunyuan - Hangging temple - Wood Pagoda - Ice Cave - Cliff Coffin - Northeastern - Taiyuan - Wangfujian street', 'Agent Com Rp. 300.000 + Staf Com Rp. 50.000', 2, '8f488bb0fad730777e29700eaec9f3d8.jpg', 'e576e0ffabb053daef772c0bdee1874e.jpg', '0'),
	(73, 1, 1, 1, 9, 8, '9D YANGTZE RIVER CRUISE', 'Chun river Han street - East Lake - Yello crane tower - Wuhan Museum - Yangtze River Cruise - Chongqing - Three Gorge Museum -  Photostop di Peoples Auditorium - Hongya Cave - Liberation Monumen Street - Wulong - Gunung Fairy National Park - Natural Bridge ', 'Agen Com Rp. 300.000 + Staf Com Rp. 50.000 ', 2, '2b85c25fab722eb9c034974e6f4cde4e.pdf', '350d31a5ff5e7d0d18cd406eaba1abd9.jpg', '0'),
	(74, 2, 1, 1, 9, 8, '9d beautiful yunan', 'Kunming - Stone Forest - Stone Forest Scenic area - Jiuxiang Scenic Area - Dali Ancient town - Foreigner street - Dali Yu Garden - Tiger Leaping goerge - Songzanlin Temple - Podacuo National park - Sudu lake & Bita lake - Jade Dragon show mountain scenic spot - Jade water Village - Impression Lijiang Show - Shuhe Old Town ', 'Agent Com Rp. 300.000 + Staff Com Rp. 50.000', 2, '7c16d8c8a2e08ce2bdcd77ac0b29600a.pdf', 'c2100c3ca8a979cd9d58d65a7f0d0980.jpg', '0'),
	(75, 1, 1, 1, 8, 7, '8d beijing huadong disneyland', 'Disneyland - Danau Xi hu - Lotus Garden - Jinji Lake - Harmony time square - Tian An men square - Forbiden city - Shilin gorge - Glass Bridge Walkway (Inc. cabel car) - Great Wall - Temple of Heaven ', 'Agent Com Rp. 300.000 + Staf Com Rp. 50.000', 2, 'dea1630b27f5a41782418abb03ef2584.pdf', '9483e19d02ee5b501d95a1009bba184a.jpg', '0'),
	(76, 1, 1, 1, 7, 6, '7D PHUKET CHIANGMAI CHIANGRAI BANGKOK', 'Phi Phi island - Wat Rong Khun - Mae Sai Border - Golden Triangle - Wat Arun - Recling Buddha -  Platinum - Asiatique', 'Agent Com Rp. 200.000 + Staf Com Rp. 50.000', 2, '977707e15c43c3b2fa0c11cf136c3bfa.pdf', '9b4173135601c59bbac1462c8abdf820.jpg', '0'),
	(77, 1, 1, 1, 6, 5, '6D JAPAN GOLDEN ROUTE', 'Universal Studio - Fushimi Inari - Nishiki Market - Kiyomizu temple - Mt Fuji - Gotemba premium outlet - Kawaguchi - Asakusa Kanon temple - Photo Stop Tokyo Skytree - Ginza area - Shinjuku.', 'Agent COm Rp. 300.000 + Staf Com Rp. 50.000', 2, 'dafae2205f2f40c03e108096cc8d848c.pdf', 'f9756236431df4608856c873a713d9ae.jpg', '0'),
	(78, 1, 1, 1, 6, 4, '6D MONO BEIJING', 'ALL ABOUT BEIJING', '', 2, '40a145f7ba18c62681363e0f31aa7852.jpg', '79cb01667808999d132196c982573952.jpg', '0'),
	(79, 1, 1, 1, 8, 6, '8d shanghai huadong', 'SHANGHAI - SUZHOU - WUXI - WUZHEN - YIWU - HANGZHOU', '', 2, '5a262867e66c48a69ae7d4751e546ace.jpg', '2e35f3df569029029823b67fb9f6f285.jpg', '0'),
	(80, 1, 1, 1, 8, 6, '8D BEIJING SHANGHAI', 'BEIJING - SHANGHAI - HANGZHOU - SUZHOU', '', 2, '9bf5ad13c6b391491ecd126b367d03ea.jpg', '78e26a910b92925264a75ed239e79003.jpg', '0');
/*!40000 ALTER TABLE `products` ENABLE KEYS */;

-- membuang struktur untuk table tgh.products_date
CREATE TABLE IF NOT EXISTS `products_date` (
  `id` int(11) NOT NULL AUTO_INCREMENT,
  `productID` int(11) DEFAULT NULL,
  `depdate` date DEFAULT NULL,
  `dpAmount` int(11) DEFAULT NULL COMMENT 'Deposit Amount',
  `pas` int(11) DEFAULT NULL COMMENT 'Adult Single',
  `patt` int(11) DEFAULT NULL COMMENT 'Adult Twin/Triple',
  `pcwa` int(11) DEFAULT NULL COMMENT 'Child with Adult',
  `pcwb` int(11) DEFAULT NULL COMMENT 'Child with Bed',
  `pcnb` int(11) DEFAULT NULL COMMENT 'Child No Bed',
  `surcharge` int(11) DEFAULT NULL COMMENT 'Surcharge',
  `surcharge2` int(11) DEFAULT NULL COMMENT 'Extra Surcharge',
  `discount` int(11) DEFAULT NULL COMMENT 'Discount 1',
  `discount2` int(11) DEFAULT NULL COMMENT 'Discount 2',
  `allotment` int(11) DEFAULT NULL COMMENT 'Allotment',
  `remarks` varchar(150) DEFAULT NULL,
  `flag` char(1) DEFAULT NULL,
  PRIMARY KEY (`id`)
) ENGINE=InnoDB AUTO_INCREMENT=160 DEFAULT CHARSET=latin1;

-- Membuang data untuk tabel tgh.products_date: ~129 rows (lebih kurang)
/*!40000 ALTER TABLE `products_date` DISABLE KEYS */;
INSERT INTO `products_date` (`id`, `productID`, `depdate`, `dpAmount`, `pas`, `patt`, `pcwa`, `pcwb`, `pcnb`, `surcharge`, `surcharge2`, `discount`, `discount2`, `allotment`, `remarks`, `flag`) VALUES
	(31, 38, '2016-11-24', 10000000, 22999000, 22999000, 22999000, 22999000, 21299000, 0, 0, 2500000, 0, 15, 'Harga tidak termasuk biaya pengurusan visa china Rp. 600.000. ', '1'),
	(32, 38, '2016-11-10', 0, 0, 0, 0, 0, 0, 0, 0, 0, 0, 15, '', '1'),
	(33, 38, '2016-11-11', 5000000, 0, 0, 0, 0, 0, 0, 0, 0, 0, 20, 'Remarks price', '1'),
	(34, 39, '2016-12-01', 10000000, 0, 31800000, 31800000, 31800000, 0, 0, 0, 0, 0, 15, 'Deposit minimal H-14', '0'),
	(35, 40, '2016-12-17', 7500000, 24999000, 17999000, 17999000, 17999000, 13999000, 899000, 850000, 0, 0, 20, 'Deposit minimal 1 bulan sebelum keberangkatan', '0'),
	(36, 41, '2016-12-08', 5000000, 22999000, 19999000, 19999000, 19999000, 17999000, 459000, 650000, 0, 0, 20, 'Deposit minimal 1 bulan sebelum keberangkatan', '0'),
	(37, 42, '2016-12-16', 5000000, 17888000, 15888000, 15888000, 15888000, 14888000, 1300000, 0, 0, 0, 15, 'Airport tax internasional & YQ SQ Rp 4.686.000 (harga bias berubah)', '0'),
	(38, 43, '2016-12-27', 5000000, 26888000, 24888000, 24888000, 24888000, 23588000, 0, 0, 0, 0, 15, '-', '0'),
	(39, 44, '2016-12-26', 5000000, 29888000, 26888000, 26888000, 26888000, 25488000, 0, 0, 0, 0, 15, '-', '0'),
	(40, 45, '2016-12-24', 5000000, 25599000, 22999000, 22999000, 22599000, 21599000, 0, 0, 0, 0, 19, '-', '0'),
	(41, 38, '2016-12-24', 5000000, 24599000, 22999000, 22999000, 22999000, 21299000, 0, 0, 2500000, 0, 15, '', '0'),
	(42, 46, '2017-04-04', 7500000, 20999000, 18399000, 18399000, 16999000, 15999000, 0, 0, 0, 0, 15, '', '0'),
	(43, 47, '2017-03-30', 5000000, 21999000, 17999000, 17999000, 17999000, 16599000, 0, 0, 0, 0, 15, '0', '1'),
	(44, 48, '2017-05-11', 5000000, 23599000, 21599000, 21599000, 20599000, 19599000, 0, 0, 0, 0, 20, 'VISA CHINA Rp. 600.000', '0'),
	(45, 49, '2016-12-26', 5000000, 29888000, 26888000, 26888000, 26888000, 25488000, 0, 0, 0, 0, 15, 'VISA CHINA Rp. 600.000', '0'),
	(46, 53, '2017-02-14', 0, 0, 0, 0, 0, 0, 0, 0, 0, 0, 15, '', '0'),
	(47, 54, '2017-02-04', 5000000, 26699000, 24299000, 24299000, 24299000, 22599000, 0, 0, 0, 0, 15, 'Pengurusan visa china Rp 600.000', '0'),
	(48, 55, '2017-04-22', 7500000, 2709900, 24599000, 24599000, 23599000, 22599000, 0, 0, 0, 0, 2, '', '0'),
	(49, 56, '2017-04-06', 5000000, 20888000, 18888000, 18888000, 18888000, 17588000, 0, 0, 0, 0, 15, 'AGENT COMM Rp. 350.000\\\\\\\\\\\\\\\\nSTAFF COMM Rp. 50.000', '0'),
	(50, 57, '2017-03-02', 5000000, 29888000, 26888000, 26888000, 26888000, 25488000, 0, 0, 0, 0, 15, 'AGENT COMM Rp. 350.000\\nSTAFF COMM Rp. 50.000', '0'),
	(51, 58, '2017-02-24', 5000000, 17999000, 16499000, 16499000, 16499000, 0, 0, 0, 0, 0, 15, 'Biaya Visa Rp. 475.000', '1'),
	(52, 58, '2017-03-23', 5000000, 19888000, 17888000, 17888000, 16888000, 0, 0, 0, 0, 0, 15, '0', '1'),
	(53, 58, '2017-04-15', 5000000, 19888000, 17888000, 17888000, 16888000, 0, 0, 0, 0, 0, 15, '', '1'),
	(54, 58, '2017-05-05', 5000000, 19888000, 17888000, 17888000, 16888000, 0, 0, 0, 0, 0, 15, '', '1'),
	(55, 58, '2017-06-02', 5000000, 19888000, 17888000, 17888000, 16888000, 0, 0, 0, 0, 0, 15, '', '1'),
	(56, 59, '2017-01-03', 6000000, 26799000, 18799000, 18799000, 17799000, 0, 0, 0, 0, 0, 15, '', '1'),
	(57, 59, '2017-02-07', 6000000, 26799000, 18799000, 18799000, 17799000, 0, 0, 0, 0, 0, 15, '', '0'),
	(58, 59, '2017-02-14', 6000000, 26799000, 18799000, 18799000, 17799000, 0, 0, 0, 0, 0, 15, '', '0'),
	(59, 59, '2017-02-21', 6000000, 26799000, 18799000, 18799000, 17799000, 0, 0, 0, 0, 0, 15, '', '0'),
	(60, 59, '2017-02-28', 6000000, 26799000, 18799000, 18799000, 17799000, 0, 0, 0, 0, 0, 15, '', '0'),
	(61, 59, '2017-03-07', 6000000, 26799000, 18799000, 18799000, 17799000, 0, 0, 0, 0, 0, 15, '', '0'),
	(62, 59, '2017-03-14', 6000000, 26799000, 18799000, 18799000, 17799000, 0, 0, 0, 0, 0, 15, '', '0'),
	(63, 59, '2017-03-21', 6000000, 26799000, 18799000, 18799000, 17799000, 0, 0, 0, 0, 0, 15, '', '0'),
	(64, 59, '2017-03-28', 6000000, 26799000, 18799000, 18799000, 17799000, 0, 0, 0, 0, 0, 15, '', '0'),
	(65, 59, '2017-01-10', 6000000, 26799000, 18799000, 18799000, 17799000, 0, 0, 0, 0, 0, 15, '', '1'),
	(66, 59, '2017-01-17', 6000000, 26799000, 18799000, 18799000, 17799000, 0, 0, 0, 0, 0, 15, '', '1'),
	(67, 59, '2017-01-24', 6000000, 26799000, 18799000, 18799000, 17799000, 0, 0, 0, 0, 0, 15, '', '1'),
	(68, 59, '2017-01-31', 6000000, 26799000, 18799000, 18799000, 17799000, 0, 0, 0, 0, 0, 15, '', '1'),
	(69, 60, '2017-01-03', 6000000, 31599000, 22299000, 22299000, 19999000, 0, 0, 0, 0, 0, 15, '', '1'),
	(70, 60, '2017-01-10', 6000000, 31599000, 22299000, 22299000, 19999000, 0, 0, 0, 0, 0, 15, '', '1'),
	(71, 60, '2017-01-17', 6000000, 31599000, 22299000, 22299000, 19999000, 0, 0, 0, 0, 0, 15, '', '1'),
	(72, 60, '2017-01-24', 6000000, 31599000, 22299000, 22299000, 19999000, 0, 0, 0, 0, 0, 15, '', '1'),
	(73, 60, '2017-01-31', 6000000, 31599000, 22299000, 22299000, 19999000, 0, 0, 0, 0, 0, 15, '', '1'),
	(74, 60, '2017-02-07', 6000000, 31599000, 22299000, 22299000, 19999000, 0, 0, 0, 0, 0, 15, '', '0'),
	(75, 60, '2017-02-14', 6000000, 31599000, 22299000, 22299000, 19999000, 0, 0, 0, 0, 0, 15, '', '0'),
	(76, 60, '2017-02-21', 6000000, 31599000, 22299000, 22299000, 19999000, 0, 0, 0, 0, 0, 15, '', '0'),
	(77, 60, '2017-02-28', 6000000, 31599000, 22299000, 22299000, 19999000, 0, 0, 0, 0, 0, 15, '', '0'),
	(78, 60, '2017-03-07', 6000000, 31599000, 22299000, 22299000, 19999000, 0, 0, 0, 0, 0, 15, '', '0'),
	(79, 60, '2017-03-14', 6000000, 31599000, 22299000, 22299000, 19999000, 0, 0, 0, 0, 0, 15, '', '0'),
	(80, 60, '2017-03-21', 6000000, 31599000, 22299000, 22299000, 19999000, 0, 0, 0, 0, 0, 15, '', '0'),
	(81, 60, '2017-03-28', 6000000, 31599000, 22299000, 22299000, 19999000, 0, 0, 0, 0, 0, 15, '', '0'),
	(82, 58, '2017-03-24', 5000000, 17999000, 16499000, 16499000, 16499000, 0, 0, 0, 0, 0, 15, 'Biaya Visa Rp. 475.000', '1'),
	(83, 58, '2017-04-15', 5000000, 17999000, 16599000, 16599000, 16599000, 0, 0, 0, 0, 0, 15, '', '1'),
	(84, 58, '2017-05-05', 5000000, 17999000, 16599000, 16599000, 16599000, 0, 0, 0, 0, 0, 15, '', '1'),
	(85, 58, '2017-06-02', 5000000, 17999000, 16599000, 16599000, 16599000, 0, 0, 0, 0, 0, 15, '', '1'),
	(86, 61, '2017-01-03', 6000000, 33599000, 23999000, 23999000, 22999000, 0, 0, 0, 0, 0, 15, '', '1'),
	(87, 61, '2017-01-10', 6000000, 33599000, 23999000, 23999000, 22999000, 0, 0, 0, 0, 0, 15, '', '1'),
	(88, 61, '2017-01-17', 6000000, 33599000, 23999000, 23999000, 22999000, 0, 0, 0, 0, 0, 15, '', '1'),
	(89, 61, '2017-01-24', 6000000, 33599000, 23999000, 23999000, 22999000, 0, 0, 0, 0, 0, 15, '', '1'),
	(90, 61, '2017-01-31', 6000000, 33599000, 23999000, 23999000, 22999000, 0, 0, 0, 0, 0, 15, '', '1'),
	(91, 61, '2017-02-07', 6000000, 33599000, 23999000, 23999000, 22999000, 0, 0, 0, 0, 0, 15, '', '0'),
	(92, 61, '2017-02-14', 6000000, 33599000, 23999000, 23999000, 22999000, 0, 0, 0, 0, 0, 15, '', '0'),
	(93, 61, '2017-02-21', 6000000, 33599000, 23999000, 23999000, 22999000, 0, 0, 0, 0, 0, 15, '', '0'),
	(94, 61, '2017-02-28', 6000000, 33599000, 23999000, 23999000, 22999000, 0, 0, 0, 0, 0, 15, '', '0'),
	(95, 61, '2017-03-07', 6000000, 33599000, 23999000, 23999000, 22999000, 0, 0, 0, 0, 0, 15, '', '0'),
	(96, 61, '2017-03-14', 6000000, 33599000, 23999000, 23999000, 22999000, 0, 0, 0, 0, 0, 15, '', '0'),
	(97, 61, '2017-03-21', 6000000, 33599000, 23999000, 23999000, 22999000, 0, 0, 0, 0, 0, 15, '', '0'),
	(98, 61, '2017-03-28', 6000000, 33599000, 23999000, 23999000, 22999000, 0, 0, 0, 0, 0, 15, '', '0'),
	(99, 62, '2017-03-02', 5000000, 29888000, 26888000, 26888000, 26888000, 25488000, 0, 0, 0, 0, 15, '', '1'),
	(100, 47, '2017-05-11', 5000000, 21999000, 17999000, 17999000, 17999000, 16599000, 0, 0, 0, 0, 15, 'Biaya Visa China Rp. 600.000', '0'),
	(101, 48, '2017-03-30', 5000000, 23599000, 21599000, 21599000, 20599000, 19599000, 0, 0, 0, 0, 15, 'Biaya Visa China Rp. 600.000', '1'),
	(102, 63, '2017-04-12', 5000000, 29888000, 26888000, 26888000, 26888000, 25488000, 0, 0, 0, 0, 15, '', '0'),
	(103, 64, '2017-05-15', 5000000, 29888000, 26888000, 26888000, 26888000, 25488000, 0, 0, 0, 0, 15, '', '0'),
	(104, 62, '2017-04-12', 5000000, 29888000, 26888000, 26888000, 26888000, 25488000, 0, 0, 0, 0, 15, '', '0'),
	(105, 62, '2017-05-15', 5000000, 29888000, 26888000, 26888000, 26888000, 25488000, 0, 0, 0, 0, 15, '', '0'),
	(106, 62, '2017-06-01', 5000000, 29888000, 26888000, 26888000, 26888000, 25488000, 0, 0, 0, 0, 15, '', '0'),
	(107, 65, '2017-03-20', 5000000, 25099000, 23599000, 23599000, 23599000, 21599000, 0, 0, 0, 0, 15, 'Visa China Rp. 600.000', '0'),
	(108, 66, '2017-03-20', 5000000, 25099000, 23599000, 23599000, 23599000, 21599000, 0, 0, 0, 0, 15, 'Biaya Visa China Rp. 600.000', '0'),
	(109, 67, '2017-02-23', 5000000, 27999000, 25999000, 25999000, 25999000, 23999000, 0, 0, 0, 0, 15, 'Visa China Rp. 600.000', '1'),
	(110, 67, '2017-03-16', 5000000, 27999000, 25999000, 25999000, 25999000, 23999000, 0, 0, 0, 0, 15, 'Biaya Visa China Rp. 600.000', '1'),
	(111, 67, '2017-04-06', 5000000, 27999000, 25999000, 25999000, 25999000, 23999000, 0, 0, 0, 0, 15, 'Biaya Visa China Rp. 600.000', '0'),
	(112, 67, '2017-05-11', 5000000, 27999000, 25999000, 25999000, 25999000, 23999000, 0, 0, 0, 0, 15, 'Biaya Visa China Rp. 600.000', '0'),
	(113, 67, '2017-06-08', 5000000, 27999000, 25999000, 25999000, 25999000, 23999000, 0, 0, 0, 0, 15, 'Biaya Visa China Rp. 600.000', '0'),
	(114, 58, '2017-04-21', 5000000, 17999000, 16499000, 16499000, 16499000, 0, 0, 0, 0, 0, 15, 'Biaya Visa Rp. 475.000', '1'),
	(115, 58, '2017-05-11', 5000000, 17999000, 16499000, 16499000, 16499000, 0, 0, 0, 0, 0, 15, 'Biaya Visa Rp. 475.000', '1'),
	(116, 58, '2017-06-02', 5000000, 17999000, 16499000, 16499000, 16499000, 0, 0, 0, 0, 0, 15, 'Biaya Visa Rp. 475.000', '1'),
	(117, 68, '2017-02-22', 5000000, 16999000, 14999000, 14999000, 14999000, 13999000, 0, 0, 0, 0, 15, '', '1'),
	(118, 68, '2017-03-15', 5000000, 16999000, 14999000, 14999000, 14999000, 13999000, 0, 0, 0, 0, 15, '', '1'),
	(119, 68, '2017-04-12', 5000000, 16999000, 14999000, 14999000, 14999000, 13999000, 0, 0, 0, 0, 15, '', '1'),
	(120, 68, '2017-05-17', 5000000, 16999000, 14999000, 14999000, 14999000, 13999000, 0, 0, 0, 0, 15, '', '0'),
	(121, 68, '2017-06-07', 5000000, 16999000, 14999000, 14999000, 14999000, 13999000, 0, 0, 0, 0, 15, '', '0'),
	(122, 69, '2017-06-23', 5000000, 40999000, 35599000, 35599000, 35599000, 29999000, 0, 0, 0, 0, 15, '', '0'),
	(123, 70, '2017-02-20', 5000000, 14199000, 12499000, 12499000, 11599000, 11899000, 0, 0, 0, 0, 15, '', '1'),
	(124, 70, '2017-03-06', 5000000, 14199000, 12499000, 12499000, 11599000, 11899000, 0, 0, 0, 0, 15, '', '1'),
	(125, 70, '2017-03-13', 5000000, 14199000, 12499000, 12499000, 11599000, 11899000, 0, 0, 0, 0, 15, '', '1'),
	(126, 70, '2017-04-12', 5000000, 14199000, 12499000, 12499000, 11599000, 11899000, 0, 0, 0, 0, 15, '', '0'),
	(127, 70, '2017-04-20', 5000000, 14199000, 12499000, 12499000, 11599000, 11899000, 0, 0, 0, 0, 15, '', '0'),
	(128, 70, '2017-05-24', 5000000, 14199000, 12499000, 12499000, 11599000, 11899000, 0, 0, 0, 0, 15, '', '0'),
	(129, 70, '2017-05-31', 5000000, 14199000, 12499000, 12499000, 11599000, 11899000, 0, 0, 0, 0, 15, '', '0'),
	(130, 71, '2017-06-24', 5000000, 17299000, 14999000, 14999000, 14299000, 13299000, 0, 0, 0, 0, 15, '', '0'),
	(131, 72, '2017-05-09', 5000000, 16999000, 14999000, 14999000, 14999000, 13999000, 0, 0, 0, 0, 15, '', '0'),
	(132, 73, '2017-03-20', 5000000, 26599000, 20999000, 20999000, 20999000, 18999000, 0, 0, 0, 0, 15, 'Agent Com Rp. 300.000 + Staf Com Rp. 50.000', '0'),
	(133, 73, '2017-04-17', 5000000, 26599000, 20999000, 20999000, 20999000, 18999000, 0, 0, 0, 0, 15, 'Agent Com Rp. 300.000 + Staf Com Rp. 50.000', '0'),
	(134, 73, '2017-05-09', 5000000, 26599000, 20999000, 20999000, 20999000, 18999000, 0, 0, 0, 0, 15, 'Agent Com Rp. 300.000 + Staf Com Rp. 50.000', '0'),
	(135, 73, '2017-05-23', 5000000, 26599000, 20999000, 20999000, 20999000, 18999000, 0, 0, 0, 0, 15, 'Agent Com Rp. 300.000 + Staf Com Rp. 50.000', '0'),
	(136, 74, '2017-04-01', 5000000, 26599000, 24599000, 24599000, 23599000, 22599000, 0, 0, 0, 0, 15, '', '1'),
	(137, 74, '2017-05-15', 5000000, 26599000, 24599000, 24599000, 23599000, 22599000, 0, 0, 0, 0, 15, '', '0'),
	(138, 75, '2017-06-23', 5000000, 18999000, 18999000, 18999000, 18999000, 17999000, 0, 0, 0, 0, 20, '', '0'),
	(139, 76, '2017-01-21', 5000000, 17299000, 14999000, 14999000, 14299000, 13299000, 0, 0, 0, 0, 15, '', '0'),
	(140, 76, '2017-06-24', 5000000, 17299000, 17299000, 17299000, 16299000, 15299000, 0, 0, 0, 0, 15, '', '0'),
	(141, 77, '2017-04-18', 5000000, 23599000, 20999000, 20999000, 20999000, 17999000, 0, 0, 0, 0, 15, '', '0'),
	(142, 77, '2017-03-20', 5000000, 23599000, 20999000, 20999000, 20999000, 17999000, 0, 0, 0, 0, 15, '', '0'),
	(143, 77, '2017-03-02', 5000000, 23599000, 20999000, 20999000, 20999000, 17999000, 0, 0, 0, 0, 15, '', '0'),
	(144, 77, '2017-05-08', 5000000, 23599000, 20999000, 20999000, 20999000, 17999000, 0, 0, 0, 0, 15, '', '0'),
	(145, 77, '2017-05-22', 5000000, 23599000, 20999000, 20999000, 20999000, 17999000, 0, 0, 0, 0, 15, '', '0'),
	(146, 77, '2017-05-30', 5000000, 23599000, 20999000, 20999000, 20999000, 17999000, 0, 0, 0, 0, 15, '', '0'),
	(147, 58, '2017-04-11', 5000000, 19888000, 17888000, 17888000, 16888000, 0, 0, 0, 0, 0, 15, '', '1'),
	(148, 58, '2017-05-23', 5000000, 19888000, 17888000, 17888000, 16888000, 0, 0, 0, 0, 0, 15, '', '0'),
	(149, 58, '2017-06-06', 5000000, 19888000, 17888000, 17888000, 16888000, 0, 0, 0, 0, 0, 15, '', '0'),
	(150, 56, '2017-05-11', 5000000, 20888000, 18888000, 18888000, 18888000, 17588000, 0, 0, 0, 0, 15, '', '0'),
	(151, 56, '2017-06-08', 18888000, 20888000, 18888000, 18888000, 18888000, 17588000, 0, 0, 0, 0, 15, '', '0'),
	(152, 78, '2017-06-06', 5000000, 8999000, 7499000, 7499000, 7499000, 0, 0, 0, 0, 0, 1, '', '0'),
	(153, 78, '2017-06-16', 5000000, 8999000, 7499000, 7499000, 7499000, 0, 0, 0, 0, 0, 20, '', '0'),
	(154, 79, '2017-05-25', 5000000, 10099000, 8499000, 8499000, 8499000, 0, 0, 0, 0, 0, 20, '', '0'),
	(155, 79, '2017-06-01', 5000000, 10099000, 8499000, 8499000, 8499000, 0, 0, 0, 0, 0, 20, '', '0'),
	(156, 79, '2017-06-20', 5000000, 10099000, 8499000, 8499000, 8499000, 0, 0, 0, 0, 0, 20, '', '0'),
	(157, 80, '2017-05-14', 5000000, 12399000, 10399000, 10399000, 10399000, 0, 0, 0, 0, 0, 25, '', '0'),
	(158, 80, '2017-06-08', 5000000, 12399000, 10399000, 10399000, 10399000, 0, 0, 0, 0, 0, 15, '', '0'),
	(159, 79, '2017-05-10', 5000000, 10099000, 8499000, 8499000, 8499000, 0, 0, 0, 0, 0, 25, '0', '0');
/*!40000 ALTER TABLE `products_date` ENABLE KEYS */;

-- membuang struktur untuk table tgh.products_domain
CREATE TABLE IF NOT EXISTS `products_domain` (
  `id` int(11) NOT NULL AUTO_INCREMENT,
  `productID` int(11) DEFAULT NULL,
  `domainID` int(11) DEFAULT NULL,
  PRIMARY KEY (`id`)
) ENGINE=InnoDB DEFAULT CHARSET=latin1;

-- Membuang data untuk tabel tgh.products_domain: ~0 rows (lebih kurang)
/*!40000 ALTER TABLE `products_domain` DISABLE KEYS */;
/*!40000 ALTER TABLE `products_domain` ENABLE KEYS */;

-- membuang struktur untuk table tgh.products_room
CREATE TABLE IF NOT EXISTS `products_room` (
  `id` int(11) NOT NULL AUTO_INCREMENT,
  `productID` int(11) DEFAULT NULL,
  `roomID` int(11) DEFAULT NULL,
  PRIMARY KEY (`id`)
) ENGINE=InnoDB AUTO_INCREMENT=1239 DEFAULT CHARSET=latin1;

-- Membuang data untuk tabel tgh.products_room: ~218 rows (lebih kurang)
/*!40000 ALTER TABLE `products_room` DISABLE KEYS */;
INSERT INTO `products_room` (`id`, `productID`, `roomID`) VALUES
	(215, 40, 1),
	(216, 40, 2),
	(217, 40, 4),
	(218, 40, 5),
	(219, 40, 6),
	(220, 40, 7),
	(227, 41, 1),
	(228, 41, 2),
	(229, 41, 4),
	(230, 41, 5),
	(231, 41, 6),
	(232, 41, 7),
	(233, 42, 1),
	(234, 42, 2),
	(235, 42, 4),
	(236, 42, 5),
	(237, 42, 6),
	(238, 42, 7),
	(245, 39, 1),
	(246, 39, 2),
	(247, 39, 5),
	(312, 44, 1),
	(313, 44, 2),
	(314, 44, 4),
	(315, 44, 5),
	(316, 44, 6),
	(317, 44, 7),
	(357, 38, 1),
	(358, 38, 2),
	(359, 38, 3),
	(360, 38, 4),
	(361, 38, 5),
	(362, 38, 7),
	(404, 50, NULL),
	(411, 43, 1),
	(412, 43, 2),
	(413, 43, 4),
	(414, 43, 5),
	(415, 43, 6),
	(416, 43, 7),
	(417, 51, NULL),
	(418, 52, NULL),
	(426, 53, 1),
	(427, 53, 2),
	(428, 53, 3),
	(463, 57, 1),
	(464, 57, 2),
	(465, 57, 3),
	(466, 57, 4),
	(467, 57, 5),
	(468, 57, 7),
	(475, 49, 1),
	(476, 49, 2),
	(477, 49, 3),
	(478, 49, 4),
	(479, 49, 5),
	(480, 49, 7),
	(507, 45, 1),
	(508, 45, 2),
	(509, 45, 3),
	(510, 45, 4),
	(511, 45, 5),
	(512, 45, 6),
	(513, 45, 7),
	(634, 63, 1),
	(635, 63, 2),
	(636, 63, 3),
	(637, 63, 4),
	(638, 63, 5),
	(639, 63, 7),
	(640, 64, 1),
	(641, 64, 2),
	(642, 64, 3),
	(643, 64, 4),
	(644, 64, 5),
	(645, 64, 7),
	(671, 66, 1),
	(672, 66, 2),
	(673, 66, 3),
	(674, 66, 4),
	(675, 66, 6),
	(715, 65, 1),
	(716, 65, 2),
	(717, 65, 3),
	(718, 65, 4),
	(719, 65, 5),
	(720, 65, 6),
	(721, 65, 7),
	(767, 54, 1),
	(768, 54, 2),
	(769, 54, 3),
	(770, 54, 4),
	(771, 54, 5),
	(772, 54, 7),
	(784, 46, 1),
	(785, 46, 2),
	(786, 46, 4),
	(787, 46, 5),
	(788, 46, 7),
	(814, 59, 2),
	(815, 59, 3),
	(816, 59, 5),
	(817, 59, 7),
	(818, 60, 2),
	(819, 60, 3),
	(820, 60, 5),
	(821, 61, 1),
	(822, 61, 2),
	(823, 61, 3),
	(824, 61, 5),
	(912, 77, 1),
	(913, 77, 2),
	(914, 77, 3),
	(915, 77, 4),
	(916, 77, 5),
	(917, 77, 7),
	(918, 69, 1),
	(919, 69, 2),
	(920, 69, 3),
	(921, 69, 4),
	(922, 69, 5),
	(923, 69, 7),
	(924, 72, 1),
	(925, 72, 2),
	(926, 72, 3),
	(927, 72, 4),
	(928, 72, 5),
	(929, 72, 7),
	(930, 76, 1),
	(931, 76, 2),
	(932, 76, 3),
	(933, 76, 4),
	(934, 76, 5),
	(935, 76, 6),
	(942, 73, 1),
	(943, 73, 2),
	(944, 73, 3),
	(945, 73, 4),
	(946, 73, 5),
	(947, 73, 7),
	(954, 71, 1),
	(955, 71, 2),
	(956, 71, 3),
	(957, 71, 4),
	(958, 71, 5),
	(959, 71, 7),
	(960, 75, 1),
	(961, 75, 2),
	(962, 75, 3),
	(963, 75, 4),
	(964, 75, 5),
	(965, 75, 7),
	(966, 47, 1),
	(967, 47, 2),
	(968, 47, 3),
	(969, 47, 4),
	(970, 47, 5),
	(971, 47, 7),
	(972, 70, 1),
	(973, 70, 2),
	(974, 70, 3),
	(975, 70, 4),
	(976, 70, 5),
	(977, 70, 7),
	(991, 67, 1),
	(992, 67, 2),
	(993, 67, 3),
	(994, 67, 4),
	(995, 67, 6),
	(996, 56, 1),
	(997, 56, 2),
	(998, 56, 3),
	(999, 56, 4),
	(1000, 56, 5),
	(1001, 56, 7),
	(1007, 62, 1),
	(1008, 62, 2),
	(1009, 62, 3),
	(1010, 62, 4),
	(1011, 62, 5),
	(1012, 62, 7),
	(1013, 74, 1),
	(1014, 74, 2),
	(1015, 74, 3),
	(1016, 74, 4),
	(1017, 74, 5),
	(1018, 74, 7),
	(1019, 48, 1),
	(1020, 48, 2),
	(1021, 48, 3),
	(1022, 48, 4),
	(1023, 48, 5),
	(1024, 48, 7),
	(1025, 58, 1),
	(1026, 58, 2),
	(1027, 58, 3),
	(1028, 58, 5),
	(1029, 68, 2),
	(1030, 68, 3),
	(1031, 68, 5),
	(1194, 78, 1),
	(1195, 78, 2),
	(1196, 78, 3),
	(1197, 78, 4),
	(1198, 78, 5),
	(1199, 78, 7),
	(1200, 79, 1),
	(1201, 79, 2),
	(1202, 79, 3),
	(1203, 79, 4),
	(1204, 79, 5),
	(1205, 79, 7),
	(1218, 80, 1),
	(1219, 80, 2),
	(1220, 80, 3),
	(1221, 80, 4),
	(1222, 80, 5),
	(1223, 80, 7),
	(1234, 55, 1),
	(1235, 55, 2),
	(1236, 55, 3),
	(1237, 55, 4),
	(1238, 55, 7);
/*!40000 ALTER TABLE `products_room` ENABLE KEYS */;

/*!40101 SET SQL_MODE=IFNULL(@OLD_SQL_MODE, '') */;
/*!40014 SET FOREIGN_KEY_CHECKS=IF(@OLD_FOREIGN_KEY_CHECKS IS NULL, 1, @OLD_FOREIGN_KEY_CHECKS) */;
/*!40101 SET CHARACTER_SET_CLIENT=@OLD_CHARACTER_SET_CLIENT */;
